time,x,y,yaw,v_lin,v_ang,min_scan
0.018831966,8.43404925898348e-09,2.5395306559830605e-19,6.022149000090268e-11,-1.84957584966857e-19,-1.413412447372839e-18,3.5
0.046271919,8.43404925898091e-09,2.5395306559815125e-19,6.022148998769659e-11,-1.764376246575608e-19,-1.8393960520255832e-18,3.5
0.069179354,7.086755256131177e-05,2.032635501451952e-07,0.004614204354026562,0.006805693334570798,0.42693952681130093,3.5
0.097195789,0.0005408401332093756,5.100959607862367e-06,0.014777737744692812,0.028499999852226905,0.5074406435722402,3.5
0.120100419,0.0014106609917563667,2.258453958603951e-05,0.02463646429658083,0.04849999985232844,0.49132473339111715,3.5
0.150360454,0.0026800971457055945,6.026413191281109e-05,0.03418374135460273,0.0684999998524201,0.47581264055170747,3.5
0.190114239,0.004348821063363458,0.00012538547042916816,0.04343171026660697,0.08849999985250376,0.460907976221762,0.6095524430274963
0.220023206,0.006416423219893626,0.00022484834942630824,0.052392051971772886,0.10849999985258196,0.44658476089506866,0.6174922585487366
0.245317932,0.008882423344133994,0.0003652238973675418,0.061075948940738416,0.12849999985265462,0.4328181884869034,0.6174922585487366
0.267115203,0.01174628047937847,0.0005527710931272935,0.06949410928858624,0.14849999985272277,0.4195846621427678,0.6174922585487366
0.292777519,0.01500740197201822,0.0007934525470539164,0.07765678983957797,0.16849999985278621,0.40686173202332754,0.6174922585487366
0.318450435,0.01866515149134831,0.0010929495683749946,0.08557381800315265,0.1884999998528448,0.3946280361764204,0.6174922585487366
0.344289493,0.022718856174166187,0.0014566765421166119,0.0932546125261733,0.20849999985289952,0.38286324467603533,0.61842942237854
0.371084836,0.027167812978983977,0.001889794639876652,0.10070820318399637,0.2284999998529519,0.37154800687493705,0.61842942237854
0.397167971,0.03193784706987199,0.0023893747203783578,0.10794324946924276,0.24134453111384907,0.3606639015610723,0.61842942237854
0.420537594,0.03674447637398467,0.0029273787951294393,0.11496775839356911,0.2418869839748136,0.35017672665094973,0.61842942237854
0.446388544,0.04155774607703231,0.0034998885146469627,0.12178824730716395,0.24241298964161362,0.34000752333687234,0.61842942237854
0.47096913,0.04637721921225023,0.004106013786103829,0.12841077543928497,0.24292341078609048,0.3301396136894402,0.6428340077400208
0.496702459,0.051202485013277566,0.004744882939881438,0.1348412037409907,0.243418721334092,0.3205638353580619,0.6428340077400208
0.518318501,0.05603315677449182,0.005415642670613825,0.14108521551655326,0.24389937911849788,0.3112713371158646,0.6428340077400208
0.543373076,0.06086887054043536,0.006117458022203577,0.14714832204255118,0.24436582761307407,0.30225354533845483,0.6428340077400208
0.566509872,0.06570928386264227,0.006849512333962061,0.1530358679526806,0.24481849641309336,0.2935021547129044,0.6428340077400208
0.593739169,0.07055407461871242,0.007611007151715174,0.15875303644422034,0.2452578016944318,0.28500911936198664,0.6594743728637695
0.620503614,0.07540293989103443,0.008401162107681126,0.16430485431278063,0.24568414665597854,0.27676664429051845,0.6594743728637695
0.652568457,0.0802555949026163,0.00921921477260674,0.1696961968215388,0.2460979219461576,0.26876717714064635,0.6594743728637695
0.677620147,0.0851117720075364,0.010064420483357558,0.17493179241089216,0.24649950607405038,0.2610034002421563,0.6594743728637695
0.71088403,0.08997160960095413,0.01093608625854618,0.18000869207694561,0.24688926580594753,0.25346822294748883,0.6594743728637695
0.737954359,0.09482954239972317,0.011832545662108913,0.1849420301809139,0.24695867869513122,0.24586005527867924,0.649463951587677
0.761436132,0.09968913359685405,0.012753727907250625,0.18972465003652655,0.2473250610415756,0.2387768301217398,0.649463951587677
0.78709435,0.10455130803204865,0.013699163997852513,0.19436981467144285,0.24767998408905748,0.23191514619210127,0.649463951587677
0.80827226,0.10941518354215156,0.01466812401711771,0.19889488562204674,0.24802451147413543,0.22525444033399303,0.649463951587677
0.834675216,0.11428162639904589,0.015660150538819938,0.2032832046748703,0.2483600647227142,0.21876723036068438,0.649463951587677
0.859832865,0.11877852398685582,0.016596359243748818,0.20722094263406793,0.22156145423328985,0.1893057427731419,0.6026228666305542
0.885021622,0.12311705487374759,0.017516940270913686,0.2109317199900697,0.22182124485388216,0.18428324151062717,0.6026228666305542
0.911261241,0.12745777317758353,0.01845455640304089,0.21453220076421087,0.22206603244482176,0.17955079291101564,0.6026228666305542
0.935131384,0.1318000169806865,0.01940864870096376,0.21803606150897675,0.22230330245815372,0.1749636807215002,0.6026228666305542
0.961744614,0.13614321568869595,0.02037873099039863,0.22145503636588137,0.22253405150108527,0.1705026376563319,0.6026228666305542
0.986126768,0.14050476434512005,0.021368410579899643,0.22480034482292124,0.22427668866056366,0.1672830348621972,0.6052294969558716
1.010673309,0.1448796775346349,0.02237634614945134,0.22806888093555236,0.22449831630008274,0.16299833477533904,0.6052294969558716
1.038717837,0.14925554104363709,0.023399379893171122,0.2312535313014775,0.22471474768087574,0.1588140933234262,0.6052294969558716
1.061692909,0.15363227964146758,0.024437140084218757,0.23435646660113196,0.22492551868924443,0.1547392831604615,0.6052294969558716
1.088674832,0.1580098213360375,0.02548926346898721,0.23737982361557478,0.22513077830779643,0.1507710240235518,0.6052294969558716
1.1168478,0.16213541186960534,0.026493494262636395,0.24015606983828203,0.20365083453575544,0.13277210228933062,0.5681652426719666
1.147599528,0.16609300493339574,0.027468112912146583,0.2427570193407789,0.20381663725769075,0.12956665783229065,0.5681652426719666
1.179074344,0.17005127721250088,0.02845368568660854,0.24529431980840033,0.203971907297508,0.1265648411156459,0.5681652426719666
1.205497217,0.17401000890292534,0.02944992301924761,0.24777293935409492,0.2041232823814826,0.12363832510479003,0.5681652426719666
1.238683145,0.1779691599593459,0.030456586111092164,0.2501942703884951,0.2042710889641599,0.12078079849370593,0.5681652426719666
1.272043339,0.18191035071394232,0.031471380086964464,0.25468226204920286,0.20253953122060658,0.29609489634137276,0.5649701952934265
1.295156721,0.18583236405309086,0.032504645933714146,0.2605064572047689,0.20282029319072667,0.29066696297067596,0.5649701952934265
1.321795018,0.1897557117251373,0.03356242149994261,0.2661836976405338,0.2031908069611954,0.28350386549773093,0.5649701952934265
1.346301275,0.19367969417584513,0.034644033999795175,0.2717278911852767,0.20355255052035975,0.27651032144895143,0.5649701952934265
1.37160097,0.19760452371829168,0.0357490382467779,0.27713494821640616,0.20390643651519297,0.2696686867314438,0.5649701952934265
1.39532598,0.20139042245820152,0.03683992889865734,0.28543589907787154,0.18972627623255883,0.5316372964260504,0.5392364859580994
1.420678124,0.20502117852550872,0.03792622213291351,0.29598433652787093,0.18951477071206674,0.5269393479395084,0.5392364859580994
1.446255801,0.20865186383067696,0.03905392175066151,0.30630063900610627,0.19015410913446748,0.5145790963033121,0.5392364859580994
1.469226455,0.2122828216533666,0.04022242359170509,0.31637410822825474,0.19078088468163917,0.502461721200364,0.5392364859580994
1.495184927,0.21591363675197353,0.04143089432191388,0.3262098363161486,0.19139442322493455,0.490600255476044,0.5392364859580994
1.519710589,0.21941028712104624,0.042634627640798756,0.3382854113464795,0.1778098787581131,0.7091149368797248,0.5135927200317383
1.543098546,0.2227447165792012,0.04383428058842474,0.35240334691592284,0.1772529548610763,0.7045809972186444,0.5135927200317383
1.566399641,0.22605870758456642,0.04507906411350475,0.36620180432717425,0.1769913021521144,0.6891513870029826,0.5135927200317383
1.589759094,0.22934132320996295,0.046363443661610555,0.3796975424442831,0.1762091884019462,0.6740308773885137,0.5135927200317383
1.614812407,0.23259297518995808,0.047686065894041806,0.3929112418707704,0.17544216406818608,0.659202089618809,0.5135927200317383
1.642162631,0.23583398419885188,0.0490553244597964,0.4071164616669928,0.17703492134345797,0.768675897849404,0.5126035213470459
1.664930084,0.23906481277787692,0.050477622902516756,0.42224700149207917,0.1763802864684763,0.754182718812219,0.5126035213470459
1.691494473,0.24225662217497407,0.05194004991086026,0.43701373257003523,0.17550212307035076,0.7375025417505634,0.5126035213470459
1.715165141,0.24541195372914862,0.05344194663435909,0.45146990338907567,0.17464257074350925,0.7211758706140594,0.5126035213470459
1.740151178,0.2485303314285375,0.054981310565963656,0.46560487621727226,0.17379862370671545,0.7051456124251398,0.5126035213470459
1.766825082,0.25160210969504493,0.05655341705043014,0.48112612457128207,0.17191139523172055,0.8285195003663389,0.4910758435726166
1.791313986,0.2546225480376513,0.05816168237534175,0.4974085191114576,0.17100772879390796,0.8125197486495643,0.4910758435726166
1.81748131,0.2576001452758628,0.05980926586085712,0.5133563632558609,0.17005839085401933,0.795711365595493,0.4910758435726166
1.841394082,0.2605351667193842,0.06149433274227538,0.528973370582815,0.16912577992866662,0.7791991405859581,0.4910758435726166
1.867481556,0.2634280244595304,0.0632151731170655,0.544265416725424,0.16820974688611934,0.7629804331878005,0.4910758435726166
1.893345781,0.266354038382812,0.06501903519186876,0.5611105641345542,0.17581001723899342,0.90168902866164,0.4682062566280365
1.917140121,0.2695665467600157,0.06707883960694573,0.5788550793340796,0.1958100172430505,0.885618726545187,0.4682062566280365
1.941427426,0.2730752761622201,0.069416512835633,0.5962613251591601,0.21581001724323423,0.8686115724876746,0.4682062566280365
1.969500918,0.2768702353690779,0.07204034268956162,0.6133308902742985,0.2355652436500558,0.8517967724239581,0.4682062566280365
1.991939904,0.28072841517683406,0.07480477409504575,0.6300840544043347,0.23709560201068677,0.8351631616026356,0.4682062566280365
2.021306963,0.2845143418836956,0.07761655542318657,0.6480017176333674,0.23562352978812454,0.9304785828384796,0.4524588882923126
2.043268353,0.2882228501315494,0.08047795380428593,0.666315283070908,0.23405007518377263,0.9140337892750761,0.4524588882923126
2.067016095,0.2918537337446235,0.08338607218155301,0.6842927923096676,0.23243855904707122,0.8971911996515175,0.4524588882923126
2.09104197,0.2954077696496969,0.08633806487783689,0.7019377101514178,0.2308496895252671,0.8805852987166419,0.4524588882923126
2.115359842,0.298888187954598,0.08933339471794635,0.7192874862790699,0.2292833319750803,0.8642146792603678,0.4524588882923126
2.143126688,0.3022895989205283,0.09237018267475293,0.7393468216105293,0.22773645208853527,1.076671464008514,0.4217734932899475
2.166990799,0.30559886476079096,0.09545293168716215,0.7605902273469708,0.22596034689921213,1.0605590413639545,0.4217734932899475
2.193515504,0.30881562357809134,0.09857867974746197,0.7814944734910795,0.2240806778467816,1.0435071107825964,0.4217734932899475
2.220146558,0.31194075787157904,0.10174399291376682,0.8020613785148165,0.22222365224347368,1.0266605964270308,0.4217734932899475
2.241953568,0.3149766321358141,0.10494710494411656,0.8223117000995361,0.2203893236407392,1.0100199841040172,0.4217734932899475
2.274911457,0.3179202623766745,0.10818598754208864,0.8444514128299877,0.21857610913548764,1.1410099996389147,0.4030211269855499
2.298250011,0.32076193360938754,0.11145825052021939,0.8669628908594069,0.21660148364241044,1.124761471877302,0.4030211269855499
2.323134067,0.3235041236041181,0.11476228060575216,0.8891437883525571,0.2145909759871279,1.1082176818945708,0.4030211269855499
2.34723929,0.3261493827362376,0.118096302524113,0.9110136692687749,0.21260285237500173,1.091858082659946,0.4030211269855499
2.372029189,0.32869784731885404,0.1214555816254826,0.9325594566982137,0.2106356481771626,1.0756706222360188,0.4030211269855499
2.405508026,0.33114950084162115,0.12484123631844131,0.9557945011566606,0.20869074255271683,1.1735637225701108,0.38930994272232056
2.430381561,0.3334965387873092,0.12824694588899152,0.9789794991857832,0.20660143364242955,1.1576594734021497,0.38930994272232056
2.454115959,0.3357416283847521,0.13167084650912766,1.0018463830441056,0.20451191171568656,1.1417536027092938,0.38930994272232056
2.478949128,0.3378864880787715,0.13510972678382233,1.024398184892861,0.20244454284363692,1.1260163656251605,0.38930994272232056
2.501973433,0.33993291404129483,0.13856055847931514,1.0466382774880465,0.2003993276379526,1.110447766806458,0.38930994272232056
2.527907549,0.3418829682341826,0.14202098073648758,1.0687863865954152,0.1984328246497788,1.1166833118209174,0.37937191128730774
2.551404541,0.3437344057594512,0.14548878819938238,1.092016069411675,0.19635728336936112,1.1600374822804151,0.37937191128730774
2.575609972,0.3454854603165761,0.14895895844518103,1.114929312285227,0.19424547388977867,1.1449055437674778,0.37937191128730774
2.601038069,0.34713996952144716,0.1524322552608185,1.1375580349601586,0.19215682073513984,1.1299395293534105,0.37937191128730774
2.623775575,0.3486990267553599,0.15590409863296606,1.1598900901398554,0.19008873553616326,1.115120892363187,0.37937191128730774
2.648797299,0.3501632483826772,0.15936811110385166,1.1816124217706059,0.18783648723742777,1.0703076496880473,0.3684203028678894
2.674006204,0.3515434802825827,0.1628277846316235,1.2007754018778072,0.18604471310634255,0.9568158286762776,0.3684203028678894
2.702130921,0.3528448222552843,0.16627925689457215,1.2196969311146524,0.1842565180183761,0.9448831962462023,0.3684203028678894
2.731016156,0.3540691635801915,0.16972120230346766,1.2383819965535827,0.18248654603473385,0.9330721666586825,0.3684203028678894
2.75412536,0.355218248169583,0.17315202834233648,1.2568329995844958,0.18073454184009408,0.9213810361936845,0.3684203028678894
2.796816047,0.3562833040269383,0.176527669449315,1.271310323401456,0.1748620487866656,0.5425123193347469,0.35431233048439026
2.826906665,0.35729499654405167,0.17979131546887758,1.266133215270834,0.17297754421231049,-0.4968778669967537,0.35431233048439026
2.851710459,0.3583802360973711,0.18317722171841697,1.2551229348831354,0.17782532409428567,-0.5502378694448476,0.35431233048439026
2.88238906,0.3595068469624272,0.18656390843304604,1.2441946919043054,0.17852924997611985,-0.5459870679019158,0.35431233048439026
2.908337293,0.3606750183898218,0.1899519898592172,1.2333549402822492,0.1792264169667379,-0.5417770809238556,0.35431233048439026
2.954680235,0.3618853646407105,0.19333922296953063,1.2215425685348786,0.17991623450790695,-0.6144208298382251,0.35432618856430054
2.985516492,0.3631421482444339,0.19672570603209136,1.2093379038510512,0.18068666521035004,-0.6097679447670128,0.35432618856430054
3.010083612,0.3644452108076267,0.2001100770609587,1.1972201448250643,0.18148973330233964,-0.604917951737274,0.35432618856430054
3.044393699,0.3657954914145288,0.20349478209914984,1.1852083299604663,0.1822858498740254,-0.6001099412313804,0.35432618856430054
3.074088454,0.36719218608892157,0.20687766320858875,1.1732917298802543,0.18307326950987024,-0.5953544543887802,0.35432618856430054
3.117419402,0.36863633691161074,0.21025416368298833,1.1589255851184102,0.18385299240167852,-0.8113659474813968,0.35916972160339355
3.149280613,0.3701426870484271,0.21362785791446823,1.1428089723800117,0.1848359355447804,-0.805215598774805,0.35916972160339355
3.183241394,0.37171233644812646,0.21699701979327696,1.126831738283502,0.18596423593238987,-0.798155715062327,0.35916972160339355
3.220611795,0.37334515139726315,0.2203609219996636,1.110994470219808,0.1870816008092857,-0.7911642558889385,0.35916972160339355
3.249076952,0.3750412635635996,0.22371944479581815,1.0953027196006535,0.1881880038295647,-0.7842413861034938,0.35916972160339355
3.286743308,0.37680086652034783,0.2270699197644319,1.0789170551298402,0.18928297071398037,-0.8327908655618032,0.36735427379608154
3.317091299,0.3786261668131655,0.23040991826554197,1.062398754389942,0.1904361367361579,-0.8251510543691104,0.36735427379608154
3.343756297,0.3805176235545716,0.23373968703140746,1.0460346725257608,0.19160123262083883,-0.8174322069444644,0.36735427379608154
3.370217663,0.382475351647226,0.237059117873625,1.0298311956260113,0.1927544848911833,-0.8097918243512565,0.36735427379608154
3.394220634,0.38449771204382654,0.24036503919585775,1.0137714088851988,0.19389535062927787,-0.8022335034611648,0.36735427379608154
3.428044639,0.3865859856700049,0.24365789545469665,0.9973162490182582,0.19502540219490383,-0.8342280252615863,0.3468942940235138
3.454789226,0.38874073642749357,0.24693405735245483,0.9807512050240742,0.1961892209482896,-0.8275882176380435,0.3468942940235138
3.479738694,0.39096245140285557,0.25019360534806984,0.9643200235504127,0.1973634236990235,-0.8208891673320224,0.3468942940235138
3.507486544,0.39325065395286113,0.25343541146831755,0.9480218160330812,0.1985278200772156,-0.8142460642488137,0.3468942940235138
3.531906569,0.39560481359796024,0.25665832264522476,0.9318554765041465,0.19968253644467304,-0.8076581874702997,0.3468942940235138
3.5664909,0.39805736529410873,0.2599143701947178,0.9217562427492737,0.20636746482249335,-0.26491269494744907,0.3564406931400299
3.596392543,0.4005235003065809,0.26318503509113716,0.9289725757416623,0.20146892375155767,0.4402811155616101,0.3564406931400299
3.619346105,0.402913105219348,0.2664115876783314,0.9376905526367318,0.20067517166167947,0.43541192484323316,0.3564406931400299
3.649868293,0.40526402637730624,0.26964408581593635,0.9462975249009775,0.19975806409954222,0.42978602179860703,0.3564406931400299
3.674960228,0.4075766340392887,0.27288174735405213,0.954792764711207,0.1988480713079166,0.42420376358996476,0.3564406931400299
3.706698418,0.4098193194407345,0.27606838481835216,0.9572416885362722,0.19223822610743013,-0.11755708010670665,0.35373714566230774
3.74549197,0.41207996031619126,0.2792329981187427,0.94293079223424,0.19754458909314598,-0.7799340847045102,0.35373714566230774
3.772211069,0.41443603863503414,0.2824265621552726,0.927438954534694,0.19853177202466543,-0.7739983060125394,0.35373714566230774
3.802210225,0.41685406773044525,0.28560041132026337,0.9120762228542438,0.19961495718344158,-0.7674852801524235,0.35373714566230774
3.829665025,0.41933365772302544,0.28875380399452466,0.8968427351526398,0.20068875005729012,-0.7610287286578709,0.35373714566230774
3.859296691,0.42187390644731754,0.2918860367081899,0.8820087223442616,0.20175317046903504,-0.7365379771535727,0.3654482066631317
3.888942494,0.42447319060546934,0.29499654478505,0.8673995213099547,0.20278587606666063,-0.729784725187028,0.3654482066631317
3.912870575,0.4271313535191751,0.298085147981311,0.8529299944510972,0.203801324941863,-0.7231443214464465,0.3654482066631317
3.94100428,0.42984642956247954,0.3011494353135139,0.8385854329432546,0.20480655945473716,-0.7165707132790802,0.3654482066631317
3.96870402,0.4326184257022671,0.30418938460150313,0.8243713008495395,0.2058029352462798,-0.710055035636686,0.3654482066631317
3.998866292,0.4354841983923817,0.30725287743227003,0.8162228575417181,0.21224022227245012,-0.1673680272890422,0.351883202791214
4.027434842,0.43840994298747166,0.31039427788968554,0.8286336253344423,0.21121760241509246,0.8450861373953538,0.351883202791214
4.050942043,0.44117013689872675,0.31345753904655305,0.846150208766696,0.20604905920088012,0.8751031956249717,0.351883202791214
4.078031788,0.4438555113289816,0.31654424351476584,0.8634767589328003,0.20440460721147521,0.8653524297628122,0.351883202791214
4.104746359,0.44646628796108395,0.3196517377350357,0.8806095504488528,0.2027719294283581,0.8556714787974513,0.351883202791214
4.133274915,0.4489824334556691,0.3227476369724813,0.8938395997595615,0.1972083835985322,0.4788411462942169,0.34650227427482605
4.161013768,0.4514440996340253,0.3258027646912858,0.8895773174087146,0.19985264362424315,-0.34209200453157856,0.34650227427482605
4.186182077,0.4539734949223877,0.32890117219863074,0.8827508398212699,0.20000270377040774,-0.34123853171906254,0.34650227427482605
4.212631039,0.4565282355414114,0.3319874908318314,0.8759627887524175,0.20036137681453958,-0.33919855540946786,0.34650227427482605
4.242445278,0.4591083806570086,0.3350619011302598,0.8692152198622319,0.20071695003980872,-0.33717620952185035,0.34650227427482605
4.268208734,0.4617134181668826,0.33812451323048953,0.8628114939495987,0.20106922975572097,-0.31180849345520156,0.33768409490585327
4.292992641,0.4643420197383599,0.34117598218277473,0.8566078814483928,0.20139308426822825,-0.3100949474209066,0.33768409490585327
4.316519068,0.4669933045379677,0.3442155363221632,0.8504352446088218,0.20170033108217744,-0.3084692743512074,0.33768409490585327
4.341873556,0.46966728906549776,0.34724328159475953,0.8442948764326075,0.20200500756125672,-0.3068572011754448,0.33768409490585327
4.368496736,0.4723637956024082,0.3502591001698222,0.8381864930276957,0.20230698881888443,-0.30525938868132274,0.33768409490585327
4.398515228,0.4750832609904155,0.35326231835676636,0.8315245703543456,0.2026062956185848,-0.34547865335447464,0.3538840711116791
4.426300859,0.47782785653958615,0.35625184025873863,0.8246523931316461,0.2029514345676664,-0.3434011059888576,0.3538840711116791
4.451049941,0.4805977853959644,0.3592277738136347,0.8178236654954083,0.2033140967022895,-0.3412180786473059,0.3538840711116791
4.476263064,0.48339284200695704,0.3621900133997736,0.8110382202659864,0.2036732688543541,-0.3390560590890335,0.3538840711116791
4.502844966,0.48621279293973974,0.36513842572702365,0.8042956383288906,0.20402896063309028,-0.3369149894708404,0.3538840711116791
4.528247864,0.4890576153598984,0.3680726769899355,0.7973909200351387,0.20438120451781172,-0.3494078333623497,0.3597278594970703
4.553898358,0.4919278909066072,0.3709922644440149,0.7904441253415271,0.20474698269015157,-0.34710994543471513,0.3597278594970703
4.579193896,0.49482352253411,0.37389713686798565,0.7835436993911497,0.20511639534154247,-0.3447892250198054,0.3597278594970703
4.60539868,0.4977442681242055,0.3767871762678857,0.7766892703207513,0.205482115646205,-0.3424917006276985,0.3597278594970703
4.632988914,0.5006898762943124,0.3796622579416397,0.7698803773389379,0.2058441712756598,-0.34021719842153014,0.3597278594970703
4.658170277,0.5036599774264762,0.38252238546345185,0.763236048578903,0.20620259786196526,-0.329430881597259,0.35619932413101196
4.687510456,0.5066538522937546,0.38536768091027607,0.7566854507442996,0.2065475305742137,-0.32731867017113103,0.35619932413101196
4.713223628,0.5096711735591303,0.3881979917207819,0.750176252974469,0.20688480465298476,-0.32525335674125205,0.35619932413101196
4.740165455,0.5127119410504202,0.391013440107849,0.7437100395639942,0.20721875057136407,-0.3232084234563316,0.35619932413101196
4.77154928,0.5157756746887364,0.3938136909127705,0.7372843200173672,0.2075492172369353,-0.32118479553631685,0.35619932413101196
4.797748794,0.5188617505966164,0.39659859344105486,0.7310571581451483,0.20787642419342056,-0.30771912239640675,0.35130831599235535
4.827473956,0.5219695609717727,0.3993686227227956,0.7249358097560914,0.20818728734451897,-0.30588389650157666,0.35130831599235535
4.857145617,0.5250987685694343,0.40212363701399284,0.7188502389641646,0.2084894278161331,-0.3041001662161879,0.35130831599235535
4.878333104,0.52824849124598,0.4048629399052702,0.7127947323782484,0.2087886411821005,-0.302333716524712,0.35130831599235535
4.90421405,0.5314200904124129,0.40758784591187436,0.7067813499927023,0.20908544219148117,-0.3005815085322293,0.35130831599235535
4.927910937,0.5346123977800634,0.4102970866187454,0.7005903567563223,0.20937872385886624,-0.3163941514069174,0.3590168058872223
4.953027939,0.5378263673508015,0.4129901498496314,0.69429712894577,0.20968675942470427,-0.3144688611189391,0.3590168058872223
4.977199648,0.5410620342170344,0.4156670225262826,0.688043369717189,0.21000335270048853,-0.3124900832522508,0.3590168058872223
5.000523875,0.5443191856015166,0.4183276413054976,0.6818288285545189,0.2103167683861762,-0.31053116602447994,0.3590168058872223
5.026146116,0.547597591976687,0.4209719303950352,0.6756531099543318,0.21062702167564118,-0.30859201447167506,0.3590168058872223
5.050570258,0.5508968705876117,0.4236000116284352,0.6696972743201752,0.2109341407901033,-0.2927145601113468,0.35268959403038025
5.07744519,0.5542160570603676,0.4262123191022967,0.6638740145362904,0.21122311846933917,-0.29099059204799704,0.35268959403038025
5.10500658,0.5575549775173959,0.4288089128304122,0.658085714686465,0.21150112654895192,-0.28933206585465,0.35268959403038025
5.131964037,0.5609127666245033,0.4313891997489813,0.6523269735112708,0.211776227868965,-0.28769088065645476,0.35268959403038025
5.160487563,0.5642898796648241,0.43395363506994933,0.6466024370388334,0.2120489062231945,-0.28606415026162224,0.35268959403038025
5.184759028,0.5676861109660628,0.436501707659812,0.6406517351583498,0.2123187311399155,-0.30433087987694624,0.36196136474609375
5.210130398,0.5711022965609074,0.43903260796998456,0.6345982686604402,0.21260728528084694,-0.3024891517162204,0.36196136474609375
5.235989022,0.5745384754167023,0.44154634563896156,0.6285826229178899,0.21290442344550353,-0.3005926350909822,0.36196136474609375
5.261757217,0.5779942056652493,0.4440427013551886,0.622602678912453,0.2131985010983939,-0.2987156525153831,0.36196136474609375
5.294910363,0.5814697369771586,0.4465219747386861,0.6166618209994816,0.21348970164739023,-0.2968570333672874,0.36196136474609375
5.323718553,0.58496461806916,0.4489839234316704,0.6107424536147629,0.21377771054884032,-0.29611272671644107,0.3624877631664276
5.349042754,0.5884786829782412,0.4514284581572912,0.6048532112767679,0.21406399409537036,-0.2942787154071086,0.3624877631664276
5.377792465,0.5920117223589668,0.4538555369124196,0.5990003675910888,0.21434783581826822,-0.2924603470940821,0.3624877631664276
5.403186387,0.595563288404955,0.45626495316738563,0.593181749743052,0.21462871022663865,-0.29066098821519076,0.3624877631664276
5.431026581,0.5991336256968411,0.4586569885571249,0.5874005978896298,0.21490680487880054,-0.28887943722027065,0.3624877631664276
5.457418817,0.6027229827548284,0.46103088254375835,0.5811214710363903,0.21518181801397085,-0.3227851360646667,0.3801884651184082
5.484404667,0.6063324940840497,0.46338496163418286,0.5747067736055993,0.2154981245682419,-0.32050706387090977,0.3801884651184082
5.513455182,0.6099627414333137,0.46571964285513406,0.5683414826038042,0.2158258818231562,-0.31814652255843345,0.3801884651184082
5.538979739,0.6136131953026163,0.46803472555759695,0.5620228683963449,0.21614973647482438,-0.3158140881947425,0.3801884651184082
5.567319811,0.6172833178361221,0.4703300001986496,0.5557480948446005,0.21646992246545094,-0.31350807590324725,0.3801884651184082
5.597732894,0.6209732237071489,0.4726060446452822,0.5497343420572499,0.2167866839575372,-0.29483725188124515,0.3717527985572815
5.621991355,0.6246810588013836,0.4748630445438088,0.543871848429509,0.21708198492625397,-0.2928224625970543,0.3717527985572815
5.651576553,0.6284071384072031,0.477101426668961,0.5380501415167256,0.2173648777201942,-0.29089233222085426,0.3717527985572815
5.675515946,0.6321511954178797,0.4793211551163652,0.5322685378214486,0.21764445717785685,-0.2889848081858046,0.3717527985572815
5.702537663,0.6359125202823251,0.48152191670974703,0.5265227763386211,0.21792077353780526,-0.28709954772338986,0.3717527985572815
5.730925795,0.6396909886831987,0.4837012070798629,0.519171363284626,0.21819419885297786,-0.4190280299559527,0.38393983244895935
5.751876678,0.6434948463002907,0.4858539770998041,0.5108417530485809,0.21860081625558192,-0.4160309490405674,0.38393983244895935
5.778700133,0.6473251765850615,0.48797999026087174,0.5025859288174104,0.21908919287863537,-0.41243123993834113,0.38393983244895935
5.804951244,0.6511813488727735,0.49007907062993844,0.49440139779300785,0.21957228604982948,-0.40887047391549947,0.38393983244895935
5.832507635,0.6550629419289755,0.4921511640675824,0.4862874100229812,0.2200503136660148,-0.40534704490534945,0.38393983244895935
5.863190504,0.6589703799625595,0.49419563186810833,0.4775982291102158,0.220523338507711,-0.4517439315603303,0.38253888487815857
5.886894825,0.6629042661722088,0.49620931251169664,0.46862814040586653,0.22104486135769985,-0.44793275850788206,0.38253888487815857
5.917602861,0.6668661581038684,0.49819289649349385,0.4597413027934549,0.2215908365308883,-0.443942893314288,0.38253888487815857
5.942189057,0.67085515819088,0.500146107953799,0.4509335057128066,0.2221310585316827,-0.43999507102481134,0.38253888487815857
5.972567405,0.6748712640509946,0.50206913844463,0.44220786612767427,0.22266590217678295,-0.43608655256258133,0.38253888487815857
6.003001828,0.678910734642752,0.5039557032451358,0.43050186187974915,0.22319509017929562,-0.6808120449686073,0.38068273663520813
6.027593464,0.6829925715017982,0.5057968666979382,0.4169867412592034,0.22397271372829874,-0.6751942494218908,0.38068273663520813
6.057126445,0.6871155806158449,0.5075902608015362,0.4036037952354788,0.2249027428872563,-0.6684754165765192,0.38068273663520813
6.08272969,0.6912791264140966,0.5093357308285592,0.3903541853193424,0.22582477014872482,-0.6618143920394232,0.38068273663520813
6.108919125,0.6954822859497906,0.5110330116374234,0.3772367473451692,0.22673873399614575,-0.655211620224911,0.38068273663520813
6.136925631,0.6997285722342976,0.5126898530554447,0.36819075774856835,0.2276447791698999,-0.34034919365857014,0.39787372946739197
6.159797259,0.7039914259416094,0.5143179213749269,0.3614660163856203,0.22821610375097778,-0.3357801655183002,0.39787372946739197
6.187370331,0.7082725591255474,0.5159202300429941,0.3548051568624232,0.22859640045877483,-0.33273884334227943,0.39787372946739197
6.212491741,0.7125712872536357,0.51749670749815,0.3482044734304375,0.22897217926877156,-0.329733651858038,0.39787372946739197
6.238780523,0.7168872832407568,0.5190474203728696,0.3416632891513356,0.2293437574815982,-0.3267620535367364,0.39787372946739197
6.265707944,0.7212201518805743,0.5205738769686316,0.33612059224648577,0.22971118709088634,-0.25030823107625444,0.4038081765174866
6.289687281,0.7255658895325124,0.5220800788596255,0.331156883636855,0.2299966001940157,-0.24794956323201883,0.4038081765174866
6.314826615,0.729923609487978,0.5235663457378916,0.32623325086020566,0.23023429976453125,-0.2459852023574371,0.4038081765174866
6.341782399,0.7342930192505528,0.5250327182461102,0.3213484369758401,0.23046885099052283,-0.24404685955576255,0.4038081765174866
6.369356082,0.7386739144633145,0.5264792671909188,0.31650193598076126,0.23070035039760572,-0.24213373713434366,0.4038081765174866
6.40153536,0.7430661210866607,0.527905979365266,0.3116340036284228,0.2309288288248723,-0.24480284518785198,0.4072948694229126
6.42471183,0.7474696164718069,0.5293126639256464,0.30677286948069304,0.23115922866170924,-0.24286269164994745,0.4072948694229126
6.449207035,0.7518844772852273,0.5306994675205265,0.3019524148756035,0.23138923047680282,-0.24092588977883836,0.4072948694229126
6.473465446,0.7563100682973777,0.5320663222543067,0.2971682710506633,0.2316160097499631,-0.23901622432480701,0.4072948694229126
6.500874871,0.7607464132484799,0.5334133754241362,0.29242188782059075,0.2318399342289501,-0.23713059855456947,0.4072948694229126
6.53389141,0.7651933504558962,0.5347405923430464,0.2876402200298813,0.23206086344744192,-0.24045184467972866,0.41141989827156067
6.559170487,0.7696508853670713,0.5360477568110266,0.2828658804688741,0.23228484308948638,-0.23852421466894844,0.41141989827156067
6.586547781,0.7741188822464143,0.537334948430573,0.27813002285327915,0.23250836663775698,-0.23660050992594459,0.41141989827156067
6.613901281,0.7785971497047449,0.5386022534149638,0.27343216737180054,0.23272884356566048,-0.2347030252299802,0.41141989827156067
6.642605036,0.7830854941279287,0.5398497566995343,0.2687717937862682,0.23294630074496836,-0.23283152931595147,0.41141989827156067
6.677056097,0.7875837085490034,0.5410776029114723,0.2641836595995306,0.23316076839557942,-0.2286342550146599,0.40947118401527405
6.703033094,0.7920915158986522,0.5422860080609659,0.25964295755444866,0.23336935015045301,-0.22685741822456956,0.40947118401527405
6.732247958,0.7966087100331659,0.5434750554644687,0.2551372002467826,0.23357407110895512,-0.2251134702408304,0.40947118401527405
6.758997414,0.8011353039280962,0.5446448852687688,0.25066760606488103,0.2337759513559745,-0.2233937213091836,0.40947118401527405
6.786608517,0.8056707299378603,0.5457954709613012,0.2462302327100543,0.23397486815576185,-0.22169921697349756,0.40947118401527405
6.819112124,0.8102150603971066,0.5469267522393186,0.24171983690973156,0.23417114959841667,-0.22668394133747496,0.4152035117149353
6.847175466,0.8147685688114644,0.5480385091024306,0.23721990142388627,0.23437350690521108,-0.22490797565800147,0.4152035117149353
6.875163247,0.819330741425426,0.5491307288975484,0.2327535806042793,0.23457504964162768,-0.22313915896167558,0.4152035117149353
6.90584861,0.8239016043949287,0.5502035514849737,0.22832220480994556,0.2347738621426898,-0.22139430386255476,0.4152035117149353
6.928322542,0.8284804150399114,0.5512569151452498,0.22392011469186804,0.23496981195775257,-0.21967457279853558,0.4152035117149353
6.962461708,0.833068356246295,0.5522911609594378,0.21951705004087077,0.2351633763504113,-0.22043756041099885,0.4174081087112427
6.988108845,0.8376643903511402,0.5533060288577989,0.2151392321563063,0.2353570012190831,-0.21871904205326045,0.4174081087112427
7.015040454,0.8422685549320906,0.5543016554925272,0.2107954532898935,0.23554855203301583,-0.21701893197754424,0.4174081087112427
7.043433284,0.8468806826964822,0.5552781337451307,0.20648522533091732,0.235737278004855,-0.21534389380054697,0.4174081087112427
7.06857337,0.8515006072918665,0.556235555807015,0.20220805071483466,0.23592320337986195,-0.21369371233156956,0.4174081087112427
7.099315951,0.8561281757626293,0.5571739589118079,0.1978848498651572,0.23610635295547855,-0.2199268078850117,0.42960041761398315
7.123867312,0.8607635105798017,0.5580926008853708,0.19341323623613765,0.2362932615679436,-0.22340454454541264,0.42960041761398315
7.153810793,0.8654067780266633,0.5589913448771976,0.1889789396230978,0.2364924896550935,-0.22152708425218046,0.42960041761398315
7.1822813,0.8700578303493222,0.559870306421318,0.18458167632906886,0.23668867642416824,-0.21967828434582656,0.42960041761398315
7.205136908,0.8747163034746089,0.5607295516868179,0.1802190537881066,0.23688182675217773,-0.2178580988671409,0.42960041761398315
7.235325369,0.8793824080678859,0.5615692548156195,0.17586045693959498,0.23707212886592277,-0.21943626115842751,0.4405025541782379
7.263376829,0.8840561309698739,0.5623888840901354,0.17135017509266473,0.23726208499638135,-0.22541993229106977,0.4405025541782379
7.292179188,0.888737270091331,0.5631881552072945,0.1668779232639089,0.23746464606297923,-0.22341177534712306,0.4405025541782379
7.320467062,0.8934258636333081,0.5639672311553567,0.16244528843583828,0.2376641466572127,-0.22143395942067962,0.4405025541782379
7.345403575,0.8981217314149211,0.5647262357191517,0.1580516355245724,0.23786042839456512,-0.21948805470789998,0.4405025541782379
7.386496694,0.902824850384809,0.5654655544543281,0.15383429461432716,0.23805352442763938,-0.20785601048962765,0.43065401911735535
7.411563792,0.9075343654878665,0.566185853153219,0.14970760260522611,0.23823201121021542,-0.20616555452487156,0.43065401911735535
7.437702753,0.9122503649511282,0.5668873255531932,0.14561504158964458,0.23840289263881154,-0.20454712919314164,0.43065401911735535
7.467410461,0.9169723464802124,0.5675700165187574,0.14155272527470975,0.2385708095882122,-0.20295678057062322,0.43065401911735535
7.49403319,0.9217003304313265,0.568234054375645,0.13752176411849817,0.23873607627319382,-0.20139153271625868,0.43065401911735535
7.530764261,0.9264343480408592,0.5688794253547153,0.1334210420068485,0.23889857319674412,-0.20836358206301706,0.439625084400177
7.556719677,0.931174157660984,0.5695056080858032,0.12928364597232847,0.23906666027609935,-0.2067038257687864,0.439625084400177
7.581700564,0.9359197253319956,0.5701126591249491,0.12517827555957517,0.23923766787907752,-0.2050152311048457,0.439625084400177
7.606801045,0.9406712488160248,0.570700744162244,0.12110787129792457,0.2394058942284616,-0.20335409960474254,0.439625084400177
7.631029389,0.945428403395995,0.5712699547656248,0.11707014552380421,0.23957105910635823,-0.20172319824861784,0.439625084400177
7.666625149,0.9501912300647831,0.571820155546977,0.11288982691062681,0.23973333422850907,-0.21368234411679893,0.45450833439826965
7.694561173,0.9549596202025691,0.5723505100700763,0.10864918332441084,0.239907233824177,-0.2118488272633944,0.45450833439826965
7.715570636,0.9597333995966882,0.572861053759665,0.10444237511135471,0.24008606576607638,-0.20996330603496757,0.45450833439826965
7.743751388,0.9645133102999017,0.57335203857026,0.10027835896237738,0.24026202778177908,-0.2081080439800275,0.45450833439826965
7.767942553,0.9692986483421276,0.573823540857626,0.09615071230476592,0.24043431705680351,-0.2062915056032421,0.45450833439826965
7.802453136,0.9740892860460753,0.5742753555532323,0.09187223082762183,0.2406034581050598,-0.21694382473145385,0.46876823902130127
7.829610538,0.9788852511372957,0.5747068034507444,0.08756989672204094,0.240784968517338,-0.2149136915612484,0.46876823902130127
7.853534371,0.9836864897325583,0.5751180000443866,0.08330650705108103,0.2409684348877228,-0.212861681657401,0.46876823902130127
7.881397768,0.9884932107392942,0.5755091372033087,0.07908555224350267,0.24114863614866922,-0.2108461909058706,0.46876823902130127
7.906269981,0.9933050613962301,0.5758803495861876,0.07490418309001073,0.24132524041597936,-0.208870931326818,0.46876823902130127
7.94240349,0.9981220694676509,0.5762315283471791,0.07060965774962755,0.24149846117564877,-0.21719469209256226,0.4811038672924042
7.971939377,1.002943999636314,0.5765621297444674,0.06630432435785275,0.24168094666155993,-0.2150524443963313,0.4811038672924042
7.995700785,1.0077709598548432,0.576872306923855,0.062042021667560086,0.24186431118897733,-0.2128998773890734,0.4811038672924042
8.021936326,1.0126027880358979,0.5771622254358384,0.05782200711866873,0.24204406391472588,-0.2107897103212788,0.4811038672924042
8.045788334,1.017439316217262,0.5774320480642717,0.05364343901867284,0.24222023468306597,-0.20872159284354272,0.4811038672924042
8.081356202,1.02228056375285,0.5776817114112616,0.04934070942420286,0.2423928611409054,-0.22059520562116383,0.49866294860839844
8.107715416,1.0271263152368422,0.5779103733970116,0.044970027136788326,0.24257564907567142,-0.21830510372906997,0.49866294860839844
8.132015535,1.031976769045601,0.5781181285800233,0.040646420776934915,0.24276408575762964,-0.21594423017070968,0.49866294860839844
8.157888576,1.0368317673105256,0.5783051654527733,0.036369152518374116,0.24294862309218734,-0.21363221050501902,0.49866294860839844
8.181688517,1.0416911363564536,0.5784716689296004,0.03213725102886011,0.24312928655738641,-0.21136872553150518,0.49866294860839844
8.215146995,1.0465548759900005,0.5786180624414586,0.028084510883966397,0.2433061208172993,-0.19968609249098035,0.4860495328903198
8.244746881,1.0514222497570453,0.5787451453998592,0.02412563633793807,0.24346796840057916,-0.19775013074458897,0.4860495328903198
8.26875384,1.0562931776546316,0.5788531170836071,0.020203745682870745,0.24362175621465143,-0.19591057701751224,0.4860495328903198
8.296807855,1.0611675040218556,0.5789421278022213,0.016317913759308522,0.24377214267662373,-0.19411170902342179,0.4860495328903198
8.321320814,1.0660450851463226,0.5790123256112267,0.012467334785895772,0.24391916463253338,-0.19235308602342813,0.4860495328903198
8.354895971,1.0709259257378276,0.5790636133260061,0.008505272811963973,0.2440628475444795,-0.2011812075404001,0.5007686614990234
8.382510491,1.0758098207384175,0.5790954027556321,0.004516296645753525,0.24421533316244526,-0.19925631908495722,0.5007686614990234
8.405795695,1.0806968874359733,0.5791078130343864,0.000566250259166009,0.2443697200567918,-0.19730743004000012,0.5007686614990234
8.431345069,1.0855869882898568,0.5791010083865038,-0.003345634621104942,0.24452051453057733,-0.19540388959316793,0.5007686614990234
8.456900815,1.0904799771505067,0.5790751500437973,-0.007220260969857625,0.244667734175108,-0.19354547567927588,0.5007686614990234
8.483016121,1.0953758502395456,0.5790300231580295,-0.011278617688477,0.24481140670806756,-0.20758229331395076,0.5069670677185059
8.510499515,1.1002744910343651,0.578964686007611,-0.015391287837753745,0.24496984091372243,-0.20541697522767705,0.5069670677185059
8.533198439,1.1051762306297679,0.5788792622984886,-0.019457390302136043,0.2451324958372747,-0.20319397265154343,0.5069670677185059
8.557317127,1.1100805989482898,0.5787739399869497,-0.023482284873834473,0.24529096729546396,-0.20102814543586828,0.5069670677185059
8.585458877,1.1149876067646745,0.578648904191733,-0.02746479243261281,0.24544566025832548,-0.198913958864335,0.5069670677185059
8.607368439,1.1198967983413064,0.5785042582830897,-0.03145957211530599,0.24559641775789842,-0.200975801876571,0.5196197628974915
8.635059232,1.1248086975892646,0.5783398824486599,-0.035441082928138024,0.2457477382139528,-0.19886440004101033,0.5196197628974915
8.658390513,1.129722903362438,0.578155941878799,-0.039380760672680704,0.24589748607559692,-0.19677494090041997,0.5196197628974915
8.684614042,1.134639271378036,0.5779526220781593,-0.043279648788253536,0.24604325414392392,-0.19474101254119652,0.5196197628974915
8.714673501,1.139557655068573,0.577730104755851,-0.04713885152571989,0.24618506776044047,-0.19276226136512084,0.5196197628974915
8.735524206,1.1444776247592199,0.5774883775145452,-0.051072007244111546,0.24632295526835213,-0.19860215087375785,0.5429710745811462
8.761580962,1.1493998727943033,0.5772270598542188,-0.05500449869743052,0.24646631212584813,-0.19652048916988624,0.5429710745811462
8.787038343,1.1543237674737334,0.5769463255604165,-0.0588976183727668,0.24660898110440144,-0.19444881604531633,0.5429710745811462
8.814369882,1.1592493154841148,0.5766463547040769,-0.06275033259963865,0.24674771698316444,-0.19243425482364201,0.5429710745811462
8.842684686,1.1641765078647022,0.5763273321466641,-0.06656187114961454,0.24688235671960213,-0.1904791730228917,0.5429710745811462
8.867250574,1.1691049097801076,0.5759891517197723,-0.07052157426649165,0.2470127543376166,-0.20275510520617762,0.5522735118865967
8.89425017,1.174034718679981,0.575630957955185,-0.07453682000424453,0.24715458513676625,-0.2005408621442574,0.5522735118865967
8.920470573,1.178966103032101,0.5752528615232309,-0.07850440405229142,0.24730033530908635,-0.19826543036405608,0.5522735118865967
8.944425585,1.1838986324944507,0.5748550852757112,-0.08243007473181868,0.24744138878374233,-0.1960633227836058,0.5522735118865967
8.970713485,1.1888324425870294,0.5744378217942544,-0.08631077468810314,0.24757814884273088,-0.1939282434246111,0.5522735118865967
8.997513876,1.193767100739196,0.5740011880648443,-0.09020876076783933,0.24771026008630903,-0.1959047598401878,0.5607239007949829
9.026315374,1.19870265870996,0.5735450807353031,-0.09408882060735811,0.24784282017754622,-0.1937916839718216,0.5607239007949829
9.04994788,1.2036391444294665,0.5730696766644731,-0.09792526186234408,0.24797288411700924,-0.19171839804359406,0.5607239007949829
9.077543425,1.208576153239543,0.5725751894363296,-0.10172366723566763,0.24809822023137418,-0.18972047607488401,0.5607239007949829
9.105819506,1.2135136734365315,0.5720617977640224,-0.10548336495119136,0.24821919714589358,-0.18779204198674165,0.5607239007949829
9.132126522,1.2184515305142993,0.5715293887920962,-0.10937892817533115,0.24833564324943103,-0.19830256116601225,0.5832896828651428
9.159545585,1.2233897441485468,0.5709772615597118,-0.11330632043771072,0.24846197433786577,-0.1961548406424023,0.5832896828651428
9.187506605,1.2283260046542523,0.570405735859546,-0.11722941725055958,0.24846197433786577,-0.19615484064240227,0.5832896828651428
9.214573658,1.233183973666649,0.5698137026457658,-0.12884938630963114,0.24207956561242971,-0.8463782479898703,0.5832896828651428
9.240460325,1.23677072241357,0.5693001439354594,-0.15973322685521565,0.16089180768336098,-1.6849114483703744,0.5832896828651428
9.266181401,1.2399778597213007,0.5687292467263814,-0.19233056930100745,0.16319556682583558,-1.615291528665504,0.5851415395736694
9.29131807,1.243212827675184,0.5680459002175382,-0.22389341666461748,0.1656692890068534,-1.5740146747124764,0.5851415395736694
9.317269308,1.2464716650766585,0.56725069967205,-0.25465661988041527,0.16805680206679607,-1.534176317169088,0.5851415395736694
9.343149423,1.2497498536576916,0.5663444634497748,-0.28464304801680157,0.17037775261289356,-1.49544863050586,0.5851415395736694
9.369591632,1.2530453534399055,0.5653276735809407,-0.31383661833604964,0.1726342827946148,-1.4577958705284282,0.5851415395736694
9.395367221,1.2563487237348245,0.5642019114009746,-0.3432203989969557,0.1748251369949383,-1.4849642580563571,0.6077720522880554
9.42382312,1.2596595899566778,0.5629640805199739,-0.3722270445653537,0.1770322793575807,-1.4464842722397224,0.6077720522880554
9.446447654,1.2629741103247576,0.5616155433872274,-0.4004737079002411,0.1792087749682203,-1.4085385911415593,0.6077720522880554
9.471342199,1.2662867093885628,0.5601587534000348,-0.4280178178587672,0.18132313961736202,-1.3716761199717324,0.6077720522880554
9.498406075,1.2695978729651993,0.5585940097352304,-0.4548057232465037,0.18338044138224152,-1.3358085003411875,0.6077720522880554
9.523820445,1.2729020594784832,0.5569235867709623,-0.48144388868660126,0.18537614376601397,-1.343190334942301,0.6203426122665405
9.549336667,1.2761957466440477,0.5551472570808561,-0.5076646982348513,0.1873607610451078,-1.3074682631823766,0.6203426122665405
9.577402965,1.2794763412791854,0.553266869838102,-0.5331817631708967,0.1893123624705284,-1.272340459496768,0.6203426122665405
9.598023147,1.2827377412909082,0.5512864966566364,-0.5580828279238762,0.19120736402971072,-1.2382314237674112,0.6203426122665405
9.621732878,1.2859840449441406,0.5492047635289395,-0.5822493650299294,0.19305337915569432,-1.2050041181826239,0.6203426122665405
9.646233794,1.2892093020977364,0.5470257442926526,-0.6061099135936738,0.19484027020602035,-1.1970840168721022,0.6286178231239319
9.670806445,1.2924109163845232,0.5447505578539722,-0.6294683998791191,0.196603850829713,-1.1646843402074158,0.6286178231239319
9.698007799,1.295587005382491,0.542381527014682,-0.6521919192026425,0.19832803906134622,-1.1330083621112421,0.6286178231239319
9.719955763,1.2987329223326054,0.5399230797464695,-0.6743600608450615,0.2000019119161589,-1.102256754532481,0.6286178231239319
9.750539316,1.301852427166256,0.5373737788214464,-0.6958660413210648,0.20163231714463992,-1.0723037138132039,0.6286178231239319
9.778525333,1.304940994523123,0.5347379597175453,-0.7171003728665252,0.2032101253102936,-1.0654611602987756,0.6372906565666199
9.804983903,1.3079966987867735,0.5320169382929145,-0.7378835206675163,0.20476791518247994,-1.0362347424978176,0.6372906565666199
9.830488784,1.3110184036206085,0.529213071847761,-0.7580938811433102,0.20629093806360244,-1.007660604330031,0.6372906565666199
9.855936437,1.3140049943020846,0.5263289079011655,-0.777747886072716,0.2077691669377435,-0.979926867289098,0.6372906565666199
9.886004001,1.3169554707387958,0.5233669756237982,-0.7968618721162852,0.2092039975798654,-0.9530073445925055,0.6372906565666199
9.910583775,1.3198674210335652,0.520329135107878,-0.8167227124735682,0.21059681254789187,-1.0372032983721904,0.6282743215560913
9.937598128,1.322737028697193,0.5172109702803664,-0.8369852212162994,0.21205426831928387,-1.0104501132937642,0.6282743215560913
9.967316487,1.3255634552307005,0.5140137646667435,-0.8567006297467882,0.21354815313076037,-0.9830282330885796,0.6282743215560913
9.99168837,1.3283470939973596,0.5107389482191825,-0.875854842992101,0.21499999193865804,-0.9563781529982702,0.6282743215560913
10.020237484,1.331086256618184,0.507390248685725,-0.8944911436967271,0.21640856655544827,-0.9305222341844612,0.6282743215560913
10.047342698,1.3337762579551515,0.50397091517175,-0.9145061486615029,0.21777754425834628,-1.045862266949965,0.5940275192260742
10.073021164,1.3364141526916262,0.5004721682442728,-0.9349733837980946,0.2192642271434786,-1.020861694663483,0.5940275192260742
10.098556652,1.3389986290241493,0.4968961517753902,-0.954928077835948,0.22079230380241954,-0.9951650303912455,0.5940275192260742
10.124893053,1.3415291922838473,0.4932453277946488,-0.974380450081702,0.22228201997884778,-0.9701134492242524,0.5940275192260742
10.151548303,1.3440053218428538,0.4895222964494952,-0.9933431387470038,0.22373424602500913,-0.9456923150226627,0.5940275192260742
10.180986576,1.3464261247370704,0.48572929033930873,-1.0122223641344994,0.22515005620731277,-0.9521863823447292,0.5871919989585876
10.202093932,1.3487882340634596,0.4818695935742095,-1.0308928347541755,0.22656313655394777,-0.9288578123853917,0.5871919989585876
10.229414721,1.3510945766808846,0.4779404764959432,-1.04905389174221,0.22796337910838682,-0.9057411817761352,0.5871919989585876
10.255959823,1.3533435114676282,0.4739467873310976,-1.0667638774101942,0.22932572555980357,-0.8832501786447706,0.5871919989585876
10.280419241,1.355534946544855,0.4698908980324852,-1.0840338380655188,0.23065511005448958,-0.8613033450753917,0.5871919989585876
10.30898152,1.3576669776041568,0.4657746762425997,-1.1020645230781663,0.2319524599533329,-0.927013982332061,0.5688064694404602
10.332274619,1.3597356438237347,0.4615954486176237,-1.1202195245201665,0.23331732417233297,-0.9056096329336232,0.5688064694404602
10.360799307,1.3617407910325576,0.4573548713496505,-1.1379421331050985,0.2346974421135184,-0.8839660685328296,0.5688064694404602
10.386109202,1.363683177530726,0.4530539668400494,-1.155219397738779,0.2360467816631573,-0.8628051832411063,0.5688064694404602
10.412393104,1.3655617147996217,0.4486974480001297,-1.1721036035069305,0.23736424557935232,-0.8421441844485928,0.5688064694404602
10.439869094,1.3673755233795992,0.44428608755491705,-1.189734198695507,0.23865425022698838,-0.9214030795294434,0.5490676760673523
10.462965694,1.3691191911435787,0.4398171188689144,-1.2078008868694643,0.24001122110228756,-0.9013267741561239,0.5490676760673523
10.49024266,1.3707924242020413,0.43529159613322144,-1.2254549043481067,0.2414100402938657,-0.8806313249225045,0.5490676760673523
10.51473478,1.3723955196768411,0.4307116120300964,-1.2427025525346995,0.2427805476544087,-0.8603547475931391,0.5490676760673523
10.543499398,1.3739287721985003,0.42607938939164974,-1.2595520636611424,0.2441232884389355,-0.8404889751561615,0.5490676760673523
10.570405539,1.3753930753685228,0.42139724340755697,-1.2756653782190155,0.24543896919196895,-0.7944014349100648,0.5461006164550781
10.593842888,1.376790543242936,0.41666824498766714,-1.291220720411255,0.24669958603241726,-0.7759188471908368,0.5461006164550781
10.625591458,1.3781221427030714,0.4118935437959617,-1.306399197908625,0.24791974741320555,-0.7580293989228302,0.5461006164550781
10.652241147,1.3793876582239055,0.4070773758712773,-1.3212445013092977,0.24911442480808343,-0.7405135852032113,0.5461006164550781
10.683670807,1.3805883841287379,0.4022192033566625,-1.3357280495465267,0.2502872874314277,-0.7233176096905375,0.5461006164550781
10.716937315,1.3817244173900032,0.3973230382909703,-1.3498221896087563,0.25143594753586074,-0.7011632579322307,0.5252398252487183
10.740476196,1.3827970398829534,0.3923895379106712,-1.363568242488391,0.25255814893381245,-0.6857625723867291,0.5252398252487183
10.769793632,1.3838068889830253,0.38742030051388193,-1.3770119809721522,0.2536572785570401,-0.670678515523695,0.5252398252487183
10.797048005,1.3847546156048314,0.38241679862319866,-1.3901587980476848,0.2547371400056009,-0.6558588881092653,0.5252398252487183
10.829102489,1.3856409034960009,0.37738044192580616,-1.4030138677718695,0.25579819692463923,-0.6412973272484063,0.5252398252487183
10.861567483,1.386469473220903,0.372311971011954,-1.413916190798707,0.2568408941424516,-0.5024313086418587,0.5183785557746887
10.887230249,1.3872494283427357,0.3672185863592998,-1.4237507235946043,0.2577275093230136,-0.4905372295367276,0.5183785557746887
10.919710091,1.387982116804787,0.362101795074348,-1.4333675833435722,0.25853043581502977,-0.47976584707564884,0.5183785557746887
10.948271288,1.3886682025522903,0.3569625879203389,-1.4427722501411961,0.25931996659964707,-0.46917417009147294,0.5183785557746887
10.976005492,1.3893079531107972,0.3518052322031987,-1.4519682068368613,0.25990343756411294,-0.4587560174629246,0.5183785557746887
11.005557659,1.3898992725600265,0.3466547654747353,-1.4610024467673552,0.25913948330841263,-0.4514137003898919,0.5217852592468262
11.033024762,1.3904428768012427,0.34151500799875323,-1.469836038136679,0.2583843082491599,-0.4411672435990691,0.5217852592468262
11.061744246,1.3909401687046685,0.3363847600781037,-1.4784778860124816,0.2576411677025492,-0.43108407492785733,0.5217852592468262
11.085132844,1.3913923293321104,0.3312650525362923,-1.4869208389829824,0.2569093626656138,-0.4211547100750299,0.5217852592468262
11.110435445,1.39180063598861,0.326154682554101,-1.4951876627515677,0.2561895311360529,-0.4113878056020783,0.5217852592468262
11.139943769,1.3921643226539364,0.3210570747552446,-1.5041793943448547,0.2554798175691153,-0.464564695186953,0.49572405219078064
11.165429824,1.3924803057889619,0.31597123959406503,-1.5132979166446003,0.25470553897776194,-0.454966270632365,0.49572405219078064
11.194685133,1.3927495619355463,0.3108985019638932,-1.5222210189656549,0.2539157924919322,-0.44517609672456365,0.49572405219078064
11.225865486,1.392973353201025,0.30583994192251795,-1.530941171175732,0.2531372695458223,-0.43552505658715956,0.49572405219078064
11.247250724,1.3931529240187082,0.3007926712308041,-1.5394996158029213,0.2523706455246577,-0.4260215227017226,0.49572405219078064
11.278949159,1.3932962160532063,0.2957582930865414,-1.5444195366032594,0.25161250604293084,-0.19603577559785768,0.5051014423370361
11.303379122,1.3934191282024255,0.2907363120712426,-1.5482279367126135,0.2511513389190423,-0.19012443738883827,0.5051014423370361
11.333445113,1.3935229889206975,0.2857210554847636,-1.5519446459174997,0.25077956077785846,-0.18535890618062784,0.5051014423370361
11.362477263,1.3936083199513278,0.28071279590234893,-1.555567197976038,0.2504127819385249,-0.1806574570872545,0.5051014423370361
11.385557353,1.3936756280902043,0.27571114231622584,-1.5591015588090043,0.25005121768102434,-0.17602284960966977,0.5051014423370361
11.417951323,1.393730225445581,0.27071582387136806,-1.5603428485956616,0.24969437489118507,-0.0452411083275813,0.502606213092804
11.445246423,1.3937802335358906,0.26572540065520805,-1.5612068390322251,0.2495252394919989,-0.043092069459466927,0.502606213092804
11.473183499,1.393825987373192,0.26073761102458554,-1.5620368497036996,0.2493860635196854,-0.0413236958642524,0.502606213092804
11.501772608,1.3938676656500768,0.25575254182311696,-1.5628318417359843,0.24924841277621512,-0.03957470186870507,0.502606213092804
11.528433999,1.3939054465271286,0.2507701657049222,-1.5635922215702307,0.2491123696775399,-0.037846134648411585,0.502606213092804
11.556553256,1.3939394409545474,0.24579045501510022,-1.5644486028036209,0.24897789518978364,-0.04915889710011465,0.5055915713310242
11.580454747,1.3939676890775001,0.24081356475829732,-1.5657892042205268,0.24883416684257087,-0.06684551970183195,0.5055915713310242
11.608285162,1.3939893627948339,0.23584026526484303,-1.5670832760715094,0.24864881844126607,-0.06446560012002182,0.5055915713310242
11.635196392,1.3940047167281866,0.23087079282031334,-1.5683279054878196,0.24846566657326097,-0.06211388457282857,0.5055915713310242
11.660169504,1.3940139839726127,0.22590474128089175,-1.5695284158032894,0.2482849527623343,-0.059793474285606926,0.5055915713310242
11.689872624,1.3940176361099113,0.2209422608696882,-1.5704124009890765,0.24810622420291528,-0.03044097876449159,0.5006383061408997
11.715024251,1.3940186837422317,0.2159829116799139,-1.5707542823380214,0.24795204865378784,-0.016899535312683022,0.5006383061408997
11.744397712,1.3940181169298713,0.21102597315002264,-1.5710657460292297,0.24784139650014803,-0.015503376335326188,0.5006383061408997
11.772679795,1.3940160692541357,0.20607111489214552,-1.5713509666740688,0.2477319946963541,-0.014122993705909349,0.5006383061408997
11.797195068,1.3940126841153,0.2011185379028224,-1.5716074125204889,0.24762348236699872,-0.012753834068134223,0.5006383061408997
11.836703962,1.3940110515853954,0.19616671619873444,-1.5700449364807874,0.2475160635097451,0.12346044479633964,0.4940786063671112
11.863721311,1.3940208636659728,0.19121564747852265,-1.5675850733105232,0.2475581979733743,0.12294123769626175,0.4940786063671112
11.889535051,1.3940428132668654,0.18626266882360126,-1.565149224732879,0.2476747325197315,0.12150522632380822,0.4940786063671112
11.918618368,1.3940767623142036,0.18130722678926697,-1.56274456474997,0.24778944721759455,0.12009164025911334,0.4940786063671112
11.943875333,1.3941225793517418,0.17634962973689555,-1.5603676357667293,0.24790172411519595,0.11870809429158005,0.4940786063671112
11.981736314,1.3941789739217192,0.1713898241442074,-1.5587383837100546,0.24801184107937635,0.062033596316491024,0.5054942965507507
12.012143416,1.3942418456868182,0.16642911808880426,-1.5575088526384921,0.24806006034742145,0.061414659804692365,0.5054942965507507
12.034559168,1.3943108095163053,0.16146816218736895,-1.5562835672158013,0.24807470569724321,0.06122667392045813,0.5054942965507507
12.064055069,1.394385845434741,0.15650697443817174,-1.5550623884529375,0.24808846120747408,0.06105010990757044,0.5054942965507507
12.088093306,1.3944669363187425,0.15154563664217258,-1.5538443581652401,0.24810132407567798,0.0608850037350116,0.5054942965507507
12.127001073,1.3945527944391785,0.1465844623077738,-1.553416813383038,0.24811336051081545,-6.028828617130356e-06,0.4989111125469208
12.151137484,1.3946390419263586,0.14162391893759174,-1.5534047186382391,0.2480592428995454,0.000672600285958623,0.4989111125469208
12.178189649,1.3947253710285847,0.13666510171050025,-1.5533709993256903,0.24796945252917313,0.0017985620241295294,0.4989111125469208
12.204635144,1.3948118917454955,0.13170807571692103,-1.5533148634295602,0.24788011693491763,0.002918820917445163,0.4989111125469208
12.228486561,1.394898714862845,0.12675283288795589,-1.5532364365697893,0.2477912873446786,0.004032734574538944,0.4989111125469208
12.265341605,1.394982890017841,0.1218007672316703,-1.5549831598201684,0.24770293718754388,-0.1344631246622634,0.5013242363929749
12.291917525,1.395054625518422,0.11685157043447447,-1.5576175198874402,0.24746178903897187,-0.13141298921004002,0.5013242363929749
12.31480341,1.3951134133417837,0.11190776839265745,-1.56018148950309,0.24714410932091813,-0.12739485268185,0.5013242363929749
12.341566772,1.395159690641059,0.1069707744244026,-1.5626576692567458,0.2468291051381466,-0.12341055736239584,0.5013242363929749
12.367242854,1.3951938943293287,0.10203990777266748,-1.5650551044958256,0.24651823583432542,-0.11947856159965183,0.5013242363929749
12.399213219,1.3952121952947034,0.09711820331248924,-1.5700898305571864,0.2462107253383583,-0.33144495535787455,0.4962967336177826
12.42215061,1.3951996429873357,0.09220354353557716,-1.576600344168251,0.24568127850737032,-0.3248679818046441,0.4962967336177826
12.446854317,1.3951555972239549,0.08730195753877995,-1.582950704314747,0.24502386349871674,-0.3167013416980854,0.4962967336177826
12.473435417,1.3950810654961805,0.08241440753745591,-1.5891312995069726,0.24437379724883135,-0.3086259904506932,0.4962967336177826
12.496326802,1.3949769437190753,0.07753960485143804,-1.5951602908978746,0.24373190565799563,-0.30065218769115437,0.4962967336177826
12.522230481,1.3948423335149782,0.07267939295397437,-1.6022611908956812,0.24309664686116284,-0.39104108920084946,0.4952738583087921
12.547280467,1.3946712020768974,0.0678336344170593,-1.6099193661043583,0.24236655166021137,-0.3820051663578279,0.4952738583087921
12.568600693,1.3944640969108637,0.06300485380865191,-1.617384963572719,0.24158322198262194,-0.3723103942933236,0.4952738583087921
12.592128853,1.3942221903140466,0.05819321844452882,-1.6246586281664508,0.24080870196162563,-0.3627246537338983,0.4952738583087921
12.619682088,1.3939466286024131,0.05339875029687112,-1.6317425320741856,0.2400429537047999,-0.3532474757091222,0.4952738583087921
12.648362388,1.3936404451897364,0.04862159165810853,-1.637498523499012,0.2392858076564197,-0.2613582945780239,0.49415385723114014
12.676170041,1.3933101148622193,0.043859095929667836,-1.642580574444585,0.2386317480595257,-0.2532963513619566,0.49415385723114014
12.699597161,1.3929568496418678,0.03911046656499879,-1.6475124108829906,0.23802737725607814,-0.24584687256676432,0.49415385723114014
12.726309658,1.3925814660530256,0.03437554443255304,-1.6522966706656257,0.2374293747419598,-0.238475889351488,0.49415385723114014
12.749960068,1.3921847717421776,0.02965425108201788,-1.6569348718221628,0.2368375066759909,-0.23118051938690926,0.49415385723114014
12.780488396,1.3917699529248795,0.024945340240434336,-1.6597307521479374,0.23625163357882117,-0.08594250109180347,0.48804593086242676
12.807570036,1.3913471549706165,0.020247199382779305,-1.6613543320868651,0.23581244925400258,-0.08064971758199886,0.48804593086242676
12.830601785,1.3909175848425508,0.015556819358778735,-1.6628921449019503,0.23546587083403958,-0.07647296463276596,0.48804593086242676
12.858787276,1.3904816349671136,0.010873941081743754,-1.664347003040252,0.2351219679105787,-0.0723284551460207,0.48804593086242676
12.886060816,1.3900397087380216,0.006198488342873369,-1.6657194904777048,0.23478045977257667,-0.06821280615932797,0.48804593086242676
12.914536181,1.389589865439086,0.0015317728985564272,-1.6685722284166213,0.23444125654628056,-0.18030271056388608,0.4839905798435211
12.941224873,1.3891248435886048,-0.003125024079727542,-1.6720730620039308,0.23397467143014827,-0.1747647818326535,0.4839905798435211
12.966504811,1.388644805224571,-0.007770304097986786,-1.6754559133388103,0.23344835302100408,-0.1685178748045993,0.4839905798435211
12.992436753,1.388150453620929,-0.01240356228650518,-1.678714598328914,0.23292564715878816,-0.16231384533000798,0.4839905798435211
13.017606815,1.3876424260190336,-0.01702489865837405,-1.6818500826155132,0.2324070597819694,-0.15615869842108515,0.4839905798435211
13.043991146,1.387123859219091,-0.021636799554859476,-1.6828844387235764,0.23189247357933152,0.014767143149179623,0.5024566650390625
13.072360753,1.3866066407966313,-0.026239440150215395,-1.682509864975409,0.23154586273765876,0.019168859885848467,0.5024566650390625
13.09702721,1.3860918805223443,-0.030837183088725743,-1.6820700024601807,0.231311762321873,0.02214177195289409,0.5024566650390625
13.1253133,1.3855797564699939,-0.03543076719174413,-1.6815739351684764,0.23107888923903364,0.02509909775007301,0.5024566650390625
13.149340867,1.385070559748127,-0.040019997453926884,-1.6810188068184841,0.23084639000718887,0.028051675898752276,0.5024566650390625
13.175721121,1.3845653382315455,-0.04460499893401916,-1.6799491420675914,0.23061445304954908,0.061371346010561434,0.4903740882873535
13.202857774,1.3840661715522677,-0.04918669123575038,-1.678679350888185,0.23042084024010867,0.06372491648349152,0.4903740882873535
13.226302607,1.3835733155884709,-0.053765398612591865,-1.6773652265754821,0.23023974187899032,0.06592636046940437,0.4903740882873535
13.251116531,1.383086961731744,-0.05834115063897826,-1.6760069742884942,0.2300581906368837,0.06813330971002846,0.4903740882873535
13.276143063,1.3826073044020901,-0.06291394867069476,-1.6746044638528232,0.22987609479274695,0.0703468791675321,0.4903740882873535
13.302020693,1.3821329960366981,-0.0674831098302502,-1.6741698625043338,0.2296933896404063,-0.0008501286940379797,0.507542610168457
13.327058496,1.3816595426776503,-0.0720476759344469,-1.6741246398460543,0.22942598813149306,0.0026068294083173298,0.507542610168457
13.353302814,1.3811870927939165,-0.07660628719602815,-1.6740015058114568,0.22912088964280874,0.006551132855162812,0.507542610168457
13.377928595,1.3807160099004434,-0.08115892224583206,-1.673799702171667,0.22881672136718656,0.010483410535485554,0.507542610168457
13.405086437,1.3802466472962578,-0.0857056359538035,-1.673519466940167,0.22851347255343768,0.014403801441394123,0.507542610168457
13.429281379,1.3797808217966583,-0.0902471528561926,-1.6721086425403244,0.2282110419788541,0.10118748816901746,0.5037855505943298
13.455941047,1.3793242822466916,-0.0947846042471333,-1.6700356568099937,0.2279966582946824,0.10392282026681518,0.5037855505943298
13.48158637,1.3788775822661872,-0.09931963349101307,-1.6679194818580594,0.2278324238638385,0.10601829553832069,0.5037855505943298
13.505944278,1.3784408446116974,-0.10385264387045579,-1.6657653448167509,0.22766699648308908,0.10812899171906695,0.5037855505943298
13.532618553,1.3780143545883512,-0.1083827746000028,-1.6635622349139203,0.22749980833154382,0.11026215366069467,0.5037855505943298
13.558204756,1.377598467115103,-0.112887474419159,-1.6626395848955406,0.22544849029834113,0.007137440063134282,0.49435776472091675
13.584513394,1.377185829674544,-0.11737254578758205,-1.662435184787321,0.22517312333177886,0.01056251342998732,0.49435776472091675
13.607089808,1.376774900764121,-0.12185107988014181,-1.662147869455666,0.22483337700116568,0.014788351195416338,0.49435776472091675
13.631479175,1.3763660662221846,-0.1263229847344703,-1.6617760660798526,0.22449375890930545,0.019012593896694907,0.49435776472091675
13.657624778,1.3759596985298406,-0.13078829691104285,-1.661319813565458,0.22415430034132822,0.02323485240630072,0.49435776472091675
13.683338119,1.3755823174963056,-0.13500394349043301,-1.6578044869335598,0.20468426876356638,0.24716079160591672,0.5045269131660461
13.70904027,1.3752367967832007,-0.13908180497469644,-1.6528442361277262,0.20461717218823727,0.24810717919635633,0.5045269131660461
13.73585067,1.3749114322227436,-0.14316208199786842,-1.647894640431742,0.20466659524220887,0.24741007415731228,0.5045269131660461
13.761367904,1.3746061773876366,-0.14724479352355438,-1.6429574332546608,0.20471244640545283,0.24676335012069672,0.5045269131660461
13.788634801,1.3743209940465633,-0.1513298527145604,-1.6380328409696558,0.2047544914998145,0.246170310134395,0.5045269131660461
13.813583096,1.3740602300799512,-0.15539224479013222,-1.6310256015328302,0.20258396651977595,0.40570418940581154,0.5026066303253174
13.84011255,1.3738324768731265,-0.15944096589341483,-1.6229604290847452,0.20277583353096595,0.40298689213035244,0.5026066303253174
13.864086867,1.3736369847612906,-0.16349664057161256,-1.6149697701238288,0.20304681277751868,0.39914917563717195,0.5026066303253174
13.887455127,1.373473588817753,-0.16755851148182138,-1.6070466989687107,0.2033112116975655,0.3954046523592734,0.5026066303253174
13.912418992,1.3733420190223438,-0.1716272477626186,-1.5992044494274895,0.20356949937083701,0.39174667900137383,0.5026066303253174
13.937308587,1.3732471799104486,-0.17560864322560546,-1.5887850267688313,0.19442231243123054,0.6186631354517806,0.502433717250824
13.964848307,1.3732010190441502,-0.1795030953346673,-1.5765198016374053,0.1947589226767521,0.6129432804492879,0.502433717250824
13.991703832,1.3732023437667196,-0.18340847991742631,-1.5644128017513432,0.19532726424851266,0.604506293987748,0.502433717250824
14.013639283,1.3732507628667863,-0.18732476660728897,-1.5524720739605715,0.19588637095873107,0.5962063983310409,0.502433717250824
14.040276378,1.3733458867196073,-0.1912512054180482,-1.5406947047400144,0.19643560020421447,0.5880531328683447,0.502433717250824
14.066014957,1.3734840658557346,-0.1951012016379283,-1.5290495749965465,0.1898145704564813,0.5823967759095316,0.5142834782600403
14.092747471,1.3736647821234262,-0.1989025186998627,-1.5175515550859116,0.19033344850671874,0.5740681292141088,0.5142834782600403
14.117638078,1.3738894854256236,-0.20271181350873702,-1.506218953463221,0.19084833017197766,0.5658036295309716,0.5142834782600403
14.141239226,1.3741577364533915,-0.20652793757708218,-1.4950408243413031,0.1913538558052652,0.557689305953996,0.5142834782600403
14.1701405,1.3744691515791254,-0.21035177727653293,-1.4840385915934182,0.19185079465522392,0.5497128110721287,0.5142834782600403
14.195482385,1.3748159827302937,-0.2140959847632769,-1.4724142036170547,0.18510563905922428,0.6068642078444803,0.5068464875221252
14.223802639,1.3752026906060442,-0.21778717876662346,-1.460428186890429,0.18562257389589387,0.5984604598597196,0.5068464875221252
14.249265661,1.3756345510377623,-0.22148432294723108,-1.4486191315890113,0.18616987695188048,0.5895630192496573,0.5068464875221252
14.274686152,1.3761101117500854,-0.2251772040198532,-1.436827871204027,0.18616987695179166,0.5895630192490384,0.5068464875221252
14.301928935,1.376631992363496,-0.22896024510450538,-1.4331936850835816,0.19716211351599178,-0.022340450821063697,0.5068464875221252
14.330150764,1.3771732283233475,-0.23289158809029875,-1.435187933070397,0.19531163279387087,-0.13062875861915904,0.5198913216590881
14.358614899,1.3776965938138352,-0.23676462005416657,-1.437765045572359,0.19542938495362705,-0.12854271869732892,0.5198913216590881
14.390538977,1.3782105284068213,-0.24064224230282466,-1.4402837207827397,0.1955844057158096,-0.12579644635979886,0.5198913216590881
14.418170529,1.3787151618336906,-0.2445239974568855,-1.442751248925515,0.19573618980748275,-0.12310751330201194,0.5198913216590881
14.448937175,1.3792106959388137,-0.2484099345355002,-1.4451658855431309,0.19588519185476105,-0.12046786558828496,0.5198913216590881
14.48094496,1.3796866836315624,-0.25219657892119157,-1.4457334667226094,0.18775498843941474,0.017549946071693284,0.50943523645401
14.507222421,1.3801558184472291,-0.2559227834238758,-1.445373166530757,0.18778393484597533,0.018066683426882543,0.50943523645401
14.537519716,1.3806262312080237,-0.259648395035899,-1.4450205134432665,0.18775692007944045,0.01758442881820049,0.50943523645401
14.563378941,1.3810978729755494,-0.26337331328062263,-1.44467738809787,0.18773027051695035,0.017108693660080495,0.50943523645401
14.593191236,1.3815707093248455,-0.267097551510757,-1.4443436233165183,0.18770410064965493,0.016641521788316165,0.50943523645401
14.620448204,1.3820337006042587,-0.2707256712400314,-1.4430225691235892,0.1800457113944054,0.09457170323248901,0.49516627192497253
14.649022866,1.3824956984556016,-0.2742953401325075,-1.4411571824474856,0.17996391365464603,0.09312462577300308,0.49516627192497253
14.677779229,1.382963999008535,-0.2778619612644526,-1.4393308480133296,0.1798503648700045,0.09111584303780634,0.49516627192497253
14.702766638,1.383438446826631,-0.2814255137123147,-1.437544078481855,0.1797387340563672,0.08914099097783613,0.49516627192497253
14.731324769,1.3839188979181514,-0.2849860443779238,-1.4357961844405591,0.179629055126318,0.08720066953765414,0.49516627192497253
14.761722393,1.3843878394297084,-0.288415289472471,-1.433900260135899,0.16956122219118352,0.09961936860017234,0.4718245565891266
14.782618903,1.3848536795119617,-0.2917724784289637,-1.431939914794314,0.16945126378096198,0.09773454284453832,0.4718245565891266
14.808846861,1.3853256765425934,-0.29512629291565234,-1.4300222492518517,0.16933757896540058,0.09578584168003189,0.4718245565891266
14.83332849,1.3858037457659536,-0.29847710183919424,-1.4281409903095748,0.16922589945420619,0.09387151396425088,0.4718245565891266
14.859470085,1.3862877392275157,-0.3018248336964321,-1.4262975041748616,0.1691158850185559,0.09198572774098422,0.4718245565891266
14.887147433,1.3867705937324166,-0.3051095354454316,-1.4226230357242864,0.16346060561118758,0.24438870838866592,0.4614729583263397
14.910728162,1.3872604976361833,-0.3083381554715526,-1.4177969844945164,0.16325883036518718,0.24095965546799905,0.4614729583263397
14.938984086,1.3877650433975668,-0.31155931535251813,-1.4130583178808451,0.16299558543524384,0.23648596028118463,0.4614729583263397
14.964908263,1.3882838772692507,-0.3147729429778673,-1.4084079324087293,0.1627362397012,0.23207852967487502,0.4614729583263397
14.994937094,1.3888166174877805,-0.31797885005043697,-1.4038488255595691,0.1624808501264452,0.22773833170242758,0.4614729583263397
15.021820562,1.389348756166938,-0.3210941086523709,-1.3993363290272562,0.15617882854346288,0.2259390652321954,0.4510018229484558
15.045082001,1.3898878081878852,-0.3241664332238648,-1.3948904745118493,0.15593891569534168,0.2218875760522771,0.4510018229484558
15.076022032,1.390439549940221,-0.3272316816009859,-1.3905247779373697,0.15570187101505706,0.21788452258695395,0.4510018229484558
15.104003641,1.3910036984446061,-0.3302899132910467,-1.3862380941187622,0.15546827505199534,0.21393970876965565,0.4510018229484558
15.130094842,1.3915799766357644,-0.3333411904883582,-1.3820292736659168,0.1552380771336237,0.21005227888627634,0.4510018229484558
15.155964847,1.392170406892342,-0.336397438805958,-1.3779036094069415,0.15594060014869626,0.20572714064893707,0.4403652846813202
15.178633915,1.3927737017987458,-0.33945322139571094,-1.3738538120348134,0.15571598249646268,0.20213017092399946,0.4403652846813202
15.203495708,1.3933883822781383,-0.34250221123982955,-1.369875017559604,0.15549461378199236,0.19858522885341076,0.4403652846813202
15.228686569,1.3940142013369654,-0.3455444702304299,-1.3659662473567251,0.15527627916005482,0.19508887396433203,0.4403652846813202
15.253346754,1.3946508631085357,-0.34857985210817477,-1.3621299907133735,0.15506093503911966,0.19164040819835018,0.4403652846813202
15.285466459,1.3952773423105245,-0.35151049835583603,-1.3581524424745195,0.14711503915367796,0.20408134420223134,0.43122100830078125
15.308960966,1.3959032890017382,-0.35438160220504317,-1.3541314629844268,0.14690649291417834,0.2007120437985522,0.43122100830078125
15.33586919,1.3965397092269252,-0.3572458699583382,-1.3501819743223362,0.14669555058386408,0.19730403183315842,0.43122100830078125
15.365558534,1.397186476126581,-0.3601037641779115,-1.3462963853871184,0.14648753971924222,0.19394338101552083,0.43122100830078125
15.386335871,1.3978434852557466,-0.36295573203605175,-1.3424673058113465,0.14628209425673333,0.1906241771722686,0.43122100830078125
15.417077771,1.3985031995058506,-0.36575674631027705,-1.3348278709554267,0.14125957072923523,0.5191373132103434,0.41614431142807007
15.440315947,1.399172755525468,-0.36847904389135255,-1.32444142959141,0.1401346206423293,0.5187384634772342,0.41614431142807007
15.469467181,1.3998679047936606,-0.3711847910247446,-1.3142080143413208,0.13963114799560028,0.5108854606732545,0.41614431142807007
15.493803127,1.4005879197548072,-0.3738737163144364,-1.3041299853049448,0.13913363721573813,0.5031254491325902,0.41614431142807007
15.518002637,1.4013322986764485,-0.376546295748872,-1.2941977807986063,0.13864221968791224,0.49546047815704564,0.41614431142807007
15.546958725,1.4020199367588344,-0.37892354072230255,-1.2837893130400444,0.1188962326767351,0.5307648152488978,0.4095495939254761
15.570584308,1.4027027719337273,-0.3811931069738215,-1.2733115379204496,0.1184600312286399,0.523124747709229,0.4095495939254761
15.596949733,1.4034065590408153,-0.38344706925916516,-1.2629875186868054,0.11802080213469957,0.51543165043611,0.4095495939254761
15.62158989,1.4041307326601369,-0.3856854344064641,-1.252815683690954,0.11758689453691407,0.5078317591647926,0.4095495939254761
15.648503735,1.404874744622844,-0.3879082348223918,-1.24279418384774,0.11715826074654156,0.5003242386241293,0.4095495939254761
15.682106885,1.4056826639683289,-0.39023996603704275,-1.231731442159265,0.1279569942729042,0.5688871810095482,0.3930177092552185
15.706285035,1.4065637432773699,-0.3926940626064632,-1.220488203171368,0.1303217090470543,0.5614146998036944,0.3930177092552185
15.733024983,1.407468454562312,-0.39512816391670963,-1.209397185439447,0.12978701683050708,0.5537882390108814,0.3930177092552185
15.758873127,1.408396124360385,-0.3975422662410506,-1.1984572282944248,0.12925804493613136,0.5462433687334417,0.3930177092552185
15.787878778,1.4093463112723406,-0.3999368898564237,-1.1876592442641085,0.12873476194721345,0.5387796408613796,0.3930177092552185
15.822717307,1.4103552572436941,-0.4023973628875114,-1.1755143499176526,0.1349014236128765,0.6216837800798968,0.37720856070518494
15.851898246,1.411404924768223,-0.40487019855069223,-1.1632237648469514,0.13429002525606748,0.6141526979416516,0.37720856070518494
15.881324386,1.4124799988794374,-0.40731924153301363,-1.151078219220832,0.13366983707017166,0.6065133444485357,0.37720856070518494
15.909396014,1.4135794722070747,-0.4097439251780622,-1.1390842326765385,0.1330551873384156,0.5989422125281393,0.37720856070518494
15.935102603,1.4147028729036937,-0.41214483943454266,-1.127232865792183,0.13244642027980813,0.5914435421860988,0.37720856070518494
15.963624315,1.4158402664855902,-0.4145031205875934,-1.1155080480317794,0.12986119373723515,0.5869832247463552,0.3729285001754761
15.987814648,1.4169736308262129,-0.41678420341978956,-1.1038379914059246,0.12729902547963245,0.582786016049148,0.3729285001754761
16.014561089,1.4181281107125001,-0.41904169225305693,-1.0923107945110389,0.12672105301507752,0.5756458241441316,0.3729285001754761
16.040730666,1.4193030418880705,-0.42127566323779253,-1.0809251931376493,0.12614851437462438,0.5685727609543996,0.3729285001754761
16.065201105,1.4204977775962582,-0.4234862088441158,-1.0696798524107223,0.12558137493536847,0.5615663987420455,0.3729285001754761
16.0924932,1.4217106793097039,-0.42567163645652817,-1.0585398763031297,0.12481381243734102,0.5579833160450659,0.3632051646709442
16.114977751,1.4229236340063522,-0.42779955167985756,-1.0468921237520397,0.12241297546855545,0.581742151216248,0.3632051646709442
16.137795127,1.4241553923113568,-0.4299034431010336,-1.0353784131976043,0.12184082911004257,0.5750125680800525,0.3632051646709442
16.163890435,1.4254053051516806,-0.4319833668425376,-1.0239982303172932,0.12127370830061768,0.5683420954341107,0.3632051646709442
16.186853154,1.4266727654322906,-0.43403943830364033,-1.0127503927261483,0.1207116138677744,0.5617307430095473,0.3632051646709442
16.225688394,1.4279879928796366,-0.4361195761415046,-1.001159716379473,0.1255967635459765,0.5952248906959824,0.35479700565338135
16.251851279,1.4293561122052256,-0.4382282514819735,-0.9893697630605659,0.1256211137629304,0.5888613062460422,0.35479700565338135
16.278523791,1.4307427524004386,-0.44031152125049494,-0.9776963729885587,0.1250053264344686,0.582371551337739,0.35479700565338135
16.310861275,1.4321458727801906,-0.4423674426649864,-0.9661649192507058,0.12439395802363862,0.5759283672079509,0.35479700565338135
16.338072889,1.4335651711472701,-0.4443967140348524,-0.9547676291338593,0.12378829898742616,0.5695453539179021,0.35479700565338135
16.376367604,1.4349401094912513,-0.44631465269160814,-0.9424915831221942,0.11610943882114366,0.6310289289536076,0.342763751745224
16.405128866,1.4363103085834246,-0.4481760182685737,-0.9299816914235961,0.11550557997972444,0.624879656467584,0.342763751745224
16.428460327,1.4376961749122765,-0.45001039585124336,-0.9175967346876042,0.11489108545479354,0.6186220776867726,0.342763751745224
16.455796484,1.4390970632094109,-0.45181790965394925,-0.9053360731071574,0.11428126318093756,0.6124120778090699,0.342763751745224
16.480395454,1.440512360631547,-0.4535987178463746,-0.8931987554298056,0.1136761113809337,0.6062496387445723,0.342763751745224
16.518463454,1.4419262713311483,-0.4553342948943672,-0.8810758564244586,0.11126870527908839,0.6089109104675802,0.3397147059440613
16.545595007,1.4433458428149128,-0.45703425148939325,-0.8690049038774712,0.11067819599186457,0.6029517056964337,0.3397147059440613
16.567791558,1.4447784626885913,-0.4587085272858092,-0.8570468708032668,0.11008946696731137,0.5970104666862607,0.3397147059440613
16.594630332,1.4462227970235217,-0.46035640342870976,-0.8452128435678175,0.1095049228200029,0.5911114599329585,0.3397147059440613
16.620392104,1.4476786834775957,-0.46197852113046284,-0.833495937378288,0.10892510805267097,0.5852601803650812,0.3397147059440613
16.650797352,1.4491144768620798,-0.46354074012701657,-0.8212845941332543,0.10482991250677642,0.6268739473892244,0.32961705327033997
16.679522306,1.4505452346172545,-0.4650590077118184,-0.8088463572955075,0.10425262948909886,0.6213604956228528,0.32961705327033997
16.69894527,1.451987777688276,-0.4665522649331274,-0.7965032451492707,0.10366560189338792,0.6157539763998358,0.32961705327033997
16.723599534,1.4534390875901158,-0.4680181486885491,-0.7842885057509763,0.10308193178789615,0.610179523527478,0.32961705327033997
16.746761256,1.4548998637972141,-0.4694581445547309,-0.772184413267069,0.10250316035802509,0.6046518563909166,0.32961705327033997
16.779997197,1.4563843781210641,-0.4708867131140614,-0.7602849041574445,0.10360415834380632,0.5922981629729358,0.3189627230167389
16.807573836,1.457886693677302,-0.4722986755492103,-0.7485269548868551,0.10302774701345108,0.5874084958528001,0.3189627230167389
16.829773031,1.459397015944383,-0.4736852174296284,-0.736866006161036,0.10245652778433367,0.5825628730551701,0.3189627230167389
16.856996918,1.4609148818724096,-0.475046543507899,-0.7253014116924036,0.10188896424765392,0.5777482613067858,0.3189627230167389
16.880066066,1.462439409003618,-0.4763824942004664,-0.71383733578603,0.10132505066238195,0.5729646119046767,0.3189627230167389
16.913553719,1.4640065479175848,-0.4777238752019696,-0.7019733142457384,0.10486222993004723,0.6062903300575317,0.3131852149963379
16.93693323,1.4656078927794631,-0.4790616232545089,-0.6899308091527877,0.10427003929303069,0.601662467477503,0.3131852149963379
16.961726655,1.4672156857366825,-0.4803723353974741,-0.6779822101810762,0.10365728210377512,0.5969596676777458,0.3131852149963379
16.988445264,1.468829426889708,-0.48165623148023534,-0.6661271517389588,0.10304825621143543,0.5922855049069351,0.3131852149963379
17.013160542,1.4704486488687725,-0.4829135535275395,-0.6543650597492958,0.10244297129200497,0.5876400534177152,0.3131852149963379
17.043790651,1.4720737662149859,-0.4841457615676057,-0.6433637346431214,0.10199733651876652,0.5319649999125905,0.31384459137916565
17.071042721,1.4737041047135504,-0.48535476724793614,-0.6328034081462033,0.10142882007682097,0.5275775822101971,0.31384459137916565
17.094148037,1.4753381495468887,-0.4865400888663552,-0.622328118907263,0.10087982034143739,0.5233407809893826,0.31384459137916565
17.119389914,1.4769755684904424,-0.48770198030133055,-0.6119370821426322,0.10033430159934742,0.5191308436689097,0.31384459137916565
17.142278804,1.478616012807829,-0.4888406781592613,-0.6016297628502827,0.09979224746514692,0.5149476438057488,0.31384459137916565
17.170116843,1.4803127301128776,-0.4899926841999688,-0.5915202807944041,0.10547791751001068,0.5015830267281569,0.3134307265281677
17.193918076,1.482081025066525,-0.49116782207281207,-0.5815663292572881,0.10612991524252546,0.4974930786468247,0.3134307265281677
17.217226473,1.4838518302392558,-0.49231947898301454,-0.5716895790866204,0.10556159507506546,0.49343133318606436,0.3134307265281677
17.242565412,1.4856243406502776,-0.49344759236971436,-0.5618936245546943,0.10499668950878505,0.4893939916457679,0.3134307265281677
17.266693858,1.4873982377332013,-0.494552421750339,-0.5521779494230118,0.10443541744131757,0.48538261847593767,0.3134307265281677
17.300417925,1.4891710762738046,-0.4956329624100749,-0.5425793465084343,0.10372970697685169,0.47883362801566964,0.3033274710178375
17.330167973,1.4909442634043104,-0.49669061998271324,-0.5330660183738813,0.10317839377100846,0.4753144924800001,0.3033274710178375
17.353956392,1.4927179340437464,-0.49772590074063666,-0.5236226215439737,0.10263100934224667,0.47182043506463095,0.3033274710178375
17.38226835,1.494491810094561,-0.49873904701908783,-0.5142487401663447,0.10208680771945922,0.46834669409991286,0.3033274710178375
17.409996193,1.4962656197471782,-0.49973030106372224,-0.504943968033326,0.10154578784746793,0.4648932628445099,0.3033274710178375
17.434269301,1.4980099374637799,-0.5006851914698044,-0.49725042229621125,0.09853527845276044,0.34716249773342606,0.2987906336784363
17.46316211,1.499738126619947,-0.501615445570724,-0.49035696466691225,0.09808818099192873,0.34439625683049635,0.2987906336784363
17.486626741,1.5014653739934045,-0.502529949230197,-0.4835145421092381,0.09767960221143124,0.3418683352244999,0.2987906336784363
17.511577551,1.5031916048597043,-0.5034289015506493,-0.47672242058794995,0.0972733346503496,0.33935471338467516,0.2987906336784363
17.536869111,1.5049166841834642,-0.5043124664446874,-0.46998031713375443,0.09686935113688566,0.33685522319818934,0.2987906336784363
17.563669051,1.5065845505624635,-0.5051534479716508,-0.46426837530167786,0.09223050467845884,0.2684054157695354,0.30218955874443054
17.592261657,1.5082307034188662,-0.5059723225581569,-0.4589409614923856,0.09189559599034336,0.2661446093795864,0.30218955874443054
17.616469212,1.5098751751213186,-0.5067795082014824,-0.4536586785905352,0.09157897851432839,0.2640072781071857,0.30218955874443054
17.643054831,1.5115184903170635,-0.5075754219777888,-0.4484167614143938,0.09126436556405881,0.26188347841961945,0.30218955874443054
17.671189537,1.5131602898852807,-0.5083600461027532,-0.44321710546965104,0.09095152007079221,0.2597716099764312,0.30218955874443054
17.696064374,1.5147575710741583,-0.5091147777810263,-0.4411377042437102,0.0861173611317323,-0.03323993191357365,0.30008912086486816
17.724583582,1.5162965380954905,-0.5098425963316736,-0.442375142493513,0.08510384491215994,-0.061982209555519974,0.30008912086486816
17.750924822,1.517834076570577,-0.5105720745861415,-0.4436166404000205,0.08508989323179339,-0.062079773543999295,0.30008912086486816
17.779091017,1.5193704704755897,-0.5113033496181004,-0.4448599745814837,0.08507608010959178,-0.06217636859744189,0.30008912086486816
17.811052175,1.5209057044763838,-0.5120364170193997,-0.44610523671525215,0.0850622983581184,-0.062272744275147396,0.30008912086486816
17.836353162,1.522412877743831,-0.5127583957176692,-0.44736317563704375,0.08306029621909516,-0.06308578850546252,0.29868847131729126
17.868083477,1.5239099602777662,-0.5134778699771178,-0.44862638524666265,0.08304849960263372,-0.06316877960749027,0.29868847131729126
17.894565481,1.5254059287207584,-0.5141991378825933,-0.44989118402053796,0.08303726095943986,-0.06324784527625271,0.29868847131729126
17.923568607,1.5269007811622746,-0.5149222007938907,-0.45115756122041994,0.08302604511700729,-0.06332675053550524,0.29868847131729126
17.953677899,1.5283945147142666,-0.515647059592099,-0.4524255137029236,0.0830148515641227,-0.0634054989857746,0.29868847131729126
17.981626115,1.5298530905773928,-0.5163573507759465,-0.45403651250676247,0.0803061805587868,-0.08787510968629232,0.2999773323535919
18.008717974,1.5312959393669212,-0.5170630934610768,-0.45579343267994143,0.08031055565558276,-0.08784277520447166,0.2999773323535919
18.034777375,1.5327377291248585,-0.5177714587408716,-0.4575488490049663,0.0803213740838693,-0.08776282079451862,0.2999773323535919
18.065697769,1.5341784758120076,-0.5184824523012818,-0.45930260049676275,0.08033209132125574,-0.08768361424704216,0.2999773323535919
18.097552127,1.5356181545759489,-0.5191960600246818,-0.46105486151624997,0.08034269992049925,-0.08760521059351523,0.2999773323535919
18.123445376,1.5370315371710248,-0.5199003167701494,-0.4639039063165229,0.07807836557354175,-0.1742686114446412,0.2974871098995209
18.154186374,1.5384277183658641,-0.5206018940833068,-0.46738210161580407,0.07813247251620137,-0.1738698930434111,0.2974871098995209
18.18258757,1.5398228250658936,-0.5213090103018642,-0.47084897589229163,0.07821180991907095,-0.17328524933868888,0.2974871098995209
18.210874892,1.541216881131818,-0.5220216691136638,-0.4743042214874531,0.07829066337206037,-0.17270417189948412,0.2974871098995209
18.240836147,1.5426098643938437,-0.5227398510108318,-0.4777479115583958,0.0783690190651054,-0.17212676249278505,0.2974871098995209
18.266522267,1.543933861566069,-0.5234289445048009,-0.4825415626507605,0.07263325303774604,-0.27186058816705083,0.29868388175964355
18.295391692,1.5452207921367238,-0.5241075498435043,-0.4879608046003826,0.07275677988989315,-0.27086226496346477,0.29868388175964355
18.319310004,1.546506594114853,-0.5247944722611496,-0.49335659026021567,0.07290429626045647,-0.26967006251133446,0.29868388175964355
18.346846908,1.5477912598837393,-0.5254897039764996,-0.4987286605314642,0.0730509282021119,-0.26848500786427765,0.29868388175964355
18.375388388,1.5490747381276826,-0.5261932136896379,-0.5040771598589944,0.07319666548102344,-0.26730718373073736,0.29868388175964355
18.402308845,1.550382928445009,-0.5269198409646866,-0.5101682896378658,0.07581334930522043,-0.3252157267820184,0.3065115809440613
18.426896844,1.5517064759765187,-0.5276661135556908,-0.516645297462991,0.07598982891092732,-0.3236986869761245,0.3065115809440613
18.451883832,1.553028452407061,-0.528422798205472,-0.5230898368713235,0.07618005904324043,-0.3220634459959467,0.3065115809440613
18.476741848,1.5543486429632354,-0.5291897724107111,-0.5295034893547556,0.07636903927012995,-0.3204389493549852,0.3065115809440613
18.50949881,1.5556673015331233,-0.5299671791582904,-0.5358832105659089,0.07655683577640904,-0.3188246281150796,0.3065115809440613
18.53789675,1.5569622442645563,-0.5307410764476637,-0.5412335284620526,0.0749201351597728,-0.2500694885703504,0.30744823813438416
18.567861731,1.5582467954392758,-0.5315175918936612,-0.546211647623083,0.0750653844602267,-0.24877667659905298,0.30744823813438416
18.593702712,1.5595297489307176,-0.5323018673081514,-0.5511660404255396,0.0751973395801464,-0.2476021913681862,0.30744823813438416
18.618784708,1.5608110414675962,-0.5330938534848979,-0.5560970872755324,0.07532839743500386,-0.24643569236966853,0.30744823813438416
18.646456125,1.5620906317365433,-0.5338935139944099,-0.56100494544442,0.07545857333757233,-0.2452770433098909,0.30744823813438416
18.673933637,1.5633539569136259,-0.5346924727580425,-0.5674595858788375,0.07423181653389843,-0.3712706125023421,0.30857449769973755
18.700541477,1.5646057128884687,-0.5354968582060491,-0.57485475199375,0.07441486096952943,-0.3695902712729613,0.30857449769973755
18.725206932,1.5658550809614353,-0.5363127921114137,-0.5822106749557893,0.07463201547857068,-0.3675968006458308,0.30857449769973755
18.751816055,1.567102027208741,-0.5371402567150809,-0.5895269634085077,0.07484774839376929,-0.36561638020077336,0.30857449769973755
18.781055274,1.5683464588489837,-0.5379791950707582,-0.5968038807275613,0.07506204535985272,-0.3636491417162334,0.30857449769973755
18.806887218,1.569509808580506,-0.5387770122792832,-0.6063470076214565,0.06813346428851119,-0.526005736037348,0.3105652332305908
18.831131261,1.5706289929419304,-0.5395618872409409,-0.6168224763494563,0.06840254278679403,-0.5232153607860075,0.3105652332305908
18.855511501,1.5717451987473516,-0.5403621847239333,-0.6272306293663393,0.06870337629329981,-0.5200956823891718,0.3105652332305908
18.880128745,1.572857617462361,-0.5411773824983068,-0.6375798934533187,0.06900202615107709,-0.5169986486817117,0.3105652332305908
18.902501326,1.5739665616268357,-0.5420077499692173,-0.6478644713226586,0.06929879297916663,-0.5139211422124598,0.3105652332305908
18.929230734,1.5750368004180144,-0.5428260048317317,-0.6575593887663324,0.06618055237648246,-0.47044650967692414,0.3160872459411621
18.952503906,1.5760839339359336,-0.5436424676083828,-0.6669195918757531,0.06644377581290772,-0.46740106616793425,0.3160872459411621
18.978462738,1.5771278066750503,-0.5444721534544148,-0.6762148054217826,0.06669734675575079,-0.464467300117553,0.3160872459411621
19.001309248,1.578167859706135,-0.5453146457330428,-0.6854517585470178,0.06694892544196751,-0.46155658408373224,0.3160872459411621
19.026096391,1.579203967043225,-0.5461698616975658,-0.6946308652596546,0.0671987375171712,-0.45866630739211633,0.3160872459411621
19.051911053,1.5802272482593982,-0.5470308638507552,-0.7048152235019939,0.06649053524991899,-0.54718169884825,0.31127944588661194
19.076722371,1.581238828205591,-0.5479008225592029,-0.7157097121541725,0.06676603907325163,-0.5441101152111802,0.31127944588661194
19.104563466,1.5822457539198238,-0.5487859729393927,-0.726532226057727,0.06706346770757321,-0.5407940922243579,0.31127944588661194
19.128363486,1.5832474673338275,-0.5496858854856761,-0.7372888495266957,0.06735875351733256,-0.5375019595292164,0.31127944588661194
19.154026083,1.584243797787167,-0.550600458367726,-0.7479800196614302,0.0676520993384333,-0.5342314557091498,0.31127944588661194
19.181441208,1.585161368377441,-0.5514601128911917,-0.7575766743722444,0.06054247756941411,-0.4561098763463246,0.3096851706504822
19.203968279,1.5860401193980054,-0.552298875025706,-0.7666503261737102,0.060774768313254235,-0.4532542447740024,0.3096851706504822
19.230249246,1.5869145787431842,-0.5531487851686466,-0.775666905488255,0.06099397259349271,-0.45055948968671367,0.3096851706504822
19.253557934,1.5877844594464043,-0.5540095867914433,-0.7846299215007518,0.06121167741910405,-0.44788316791980015,0.3096851706504822
19.280249421,1.5886496628248998,-0.5548811998557844,-0.7935397200207466,0.061427986083950614,-0.4452240096476701,0.3096851706504822
19.311031105,1.5895113984913951,-0.555765837692563,-0.8041238876465716,0.06203405876155088,-0.5840372901196457,0.31259551644325256
19.330977943,1.5903697800546837,-0.556667433374652,-0.8157517533591582,0.06229610614565395,-0.5807322836128475,0.31259551644325256
19.357957241,1.5912219356719084,-0.5575835094665645,-0.8273004352808432,0.06258666920817557,-0.5770676299998374,0.31259551644325256
19.382684832,1.592067372767175,-0.5585136075102056,-0.838776294350248,0.06287516100329515,-0.5734290997246217,0.31259551644325256
19.408537926,1.5929059241782813,-0.5594576043616913,-0.8501798103035788,0.06316176975462717,-0.5698143188673244,0.31259551644325256
19.435827064,1.5937064592914132,-0.5603801620751255,-0.8624340985062932,0.05999999999759531,-0.6328032820211789,0.3124907612800598
19.45734442,1.5944814065858934,-0.5612963703981554,-0.8750239673102878,0.05999999999759531,-0.6289093495613896,0.3124907612800598
19.486949476,1.5952447980338011,-0.5622222293220986,-0.8875298237076349,0.059999999997617515,-0.6248909823522972,0.3124907612800598
19.512331185,1.595996588882398,-0.5631575324860996,-0.8999557740645311,0.05999999999759531,-0.6208982431341464,0.3124907612800598
19.537280071,1.5967367375495427,-0.5641020755899451,-0.9123023050955816,0.059999999997617515,-0.616929696060992,0.3124907612800598
19.563586456,1.5974652381266623,-0.5650556316462604,-0.9244802963279594,0.05999999999783956,-0.606866838433065,0.3071308732032776
19.586449327,1.59818213493902,-0.5660179421416455,-0.9365516728240997,0.059999999997817355,-0.6032023780437347,0.3071308732032776
19.616560002,1.5988873987712182,-0.5669888106527852,-0.9485503257598599,0.059999999997817355,-0.5995693425177351,0.3071308732032776
19.640224147,1.5995809984660412,-0.5679680462779783,-0.9604766855358844,0.059999999997817355,-0.595956726484081,0.3071308732032776
19.666870179,1.6002629059521742,-0.5689554597332407,-0.9723311576972389,0.05999999999783956,-0.5923643718991598,0.3071308732032776
19.693672975,1.6009324342060396,-0.5699506832327709,-0.9851995831263659,0.059999999997373266,-0.6678675981070956,0.3156909644603729
19.717381233,1.6015890066175373,-0.570955119156362,-0.998479750985566,0.05999999999735106,-0.663579591446393,0.3156909644603729
19.744579201,1.602232227184844,-0.5719681573785048,-1.0116714487578016,0.059999999997373266,-0.6591410317667805,0.3156909644603729
19.768338445,1.6028620736503503,-0.5729895646654916,-1.024774868076379,0.059999999997373266,-0.6547298465338188,0.3156909644603729
19.795488272,1.6034785277464854,-0.5740191102148045,-1.0377905548085444,0.05999999999759531,-0.6503459456538765,0.3156909644603729
19.826097973,1.6040820306763506,-0.5750565591588495,-1.0498364290516125,0.059999999998061604,-0.5870444498885397,0.2999420762062073
19.850582488,1.604673190931777,-0.5761008355560872,-1.0615169342412227,0.059999999998061604,-0.583689793142885,0.2999420762062073
19.878569537,1.605252147861228,-0.5771519267495654,-1.0731322449035519,0.05999999999783956,-0.580440614622223,0.2999420762062073
19.905182818,1.6058188915238278,-0.5782096533795478,-1.084682864102218,0.059999999998061604,-0.5772076642579718,0.2999420762062073
19.932958109,1.6063734145550326,-0.5792738377566861,-1.0961691134523621,0.059999999998061604,-0.5739907782731253,0.2999420762062073
19.960800617,1.6069142628307003,-0.5803434683039703,-1.1095698718420057,0.059999999996929176,-0.6998815185524029,0.305456280708313
19.98462348,1.6074408159001456,-0.5814217626124872,-1.1234948821875383,0.05999999999715122,-0.6958470718043713,0.305456280708313
20.011037256,1.607952348490756,-0.5825072631602783,-1.1373361301825815,0.05999999999715122,-0.691641879711725,0.305456280708313
20.034739763,1.6084488536707875,-0.5835997190695467,-1.1510936753129464,0.05999999999712902,-0.687458964133587,0.305456280708313
20.059256629,1.6089303286526861,-0.5846988821253034,-1.164767962393218,0.05999999999712902,-0.6832982853086543,0.305456280708313
20.091177932,1.6093976838837185,-0.5858045765709764,-1.1767354817842943,0.059999999998061604,-0.5812493698570533,0.29496708512306213
20.117906428,1.6098519942700624,-0.5869152457523585,-1.1883004649483073,0.05999999999783956,-0.5780912516670187,0.29496708512306213
20.149235039,1.6102934607115613,-0.5880310824357387,-1.1998074049078242,0.059999999998061604,-0.5750420802293391,0.29496708512306213
20.177703722,1.610722095576096,-0.5891519109000991,-1.2112505575784172,0.05999999999783956,-0.5720058199139275,0.29496708512306213
20.202088399,1.6111379108999921,-0.5902775583029443,-1.2226332606003851,0.05999999999783956,-0.5689840626373168,0.29496708512306213
20.235203333,1.6115406055735222,-0.5914079651287776,-1.2346111475381192,0.059999999997817355,-0.6045265460115767,0.29450297355651855
20.259685032,1.611929642732948,-0.5925431447289059,-1.2466448353522919,0.059999999997817355,-0.6013685949813626,0.29450297355651855
20.28838005,1.6123050312001521,-0.5936829106352919,-1.2586118448114785,0.05999999999783956,-0.5981916237710602,0.29450297355651855
20.316475863,1.6126667897429423,-0.5948270757284952,-1.270515598324565,0.05999999999783956,-0.595029572464243,0.29450297355651855
20.341697632,1.6130149359629615,-0.5959754560613654,-1.282359524145363,0.05999999999783956,-0.5918814813016551,0.29450297355651855
20.370058372,1.6133494936620887,-0.5971278685364799,-1.2941322594232607,0.05999999999839467,-0.5879001196038779,0.2758043706417084
20.393884531,1.6136705221254073,-0.5982841229956624,-1.3058087182234264,0.05999999999783956,-0.5835893229635929,0.2758043706417084
20.421149374,1.613978057491002,-0.5994440392770981,-1.3174364461853874,0.05999999999808381,-0.5812704542015444,0.2758043706417084
20.447186524,1.6142721096052102,-0.6006074468846104,-1.3290202491923777,0.059999999997817355,-0.5789590049696042,0.2758043706417084
20.469787894,1.6145526925281755,-0.6017741761841139,-1.3405579386083863,0.05999999999808381,-0.5766539664974694,0.2758043706417084
20.497683,1.614819737392231,-0.6029436721960225,-1.3521048535358153,0.05996039847222523,-0.5801058903432668,0.2845451533794403
20.523751017,1.6150726386425533,-0.604116711682374,-1.3647959883485672,0.059999999997617515,-0.634423563291695,0.2845451533794403
20.551273504,1.6153106638177375,-0.6052928600021236,-1.3774315089550966,0.05999999999759531,-0.631481859350938,0.2845451533794403
20.57689331,1.6155338437457247,-0.6064719154508537,-1.3900083719044891,0.05999999999759531,-0.6285499566170263,0.2845451533794403
20.601946152,1.615742209134053,-0.6076536789917285,-1.4025297075692986,0.05999999999759531,-0.6256285754947263,0.2845451533794403
20.643205431,1.6159361805330401,-0.6088382592689515,-1.4141508843515562,0.059999999998061604,-0.5578380913839653,0.2757490277290344
20.668840155,1.6161167937562506,-0.6100245830223471,-1.4252656863307058,0.0599999999980394,-0.5555069881761725,0.2757490277290344
20.694900938,1.6162842370634636,-0.611212837221552,-1.4363357064942015,0.059999999998061604,-0.5532781210184348,0.2757490277290344
20.72201035,1.6164385428494934,-0.6124028687947805,-1.4473612667260345,0.05999999999808381,-0.5510557767228546,0.2757490277290344
20.746836716,1.6165797476266424,-0.6135945259397826,-1.4583402802600824,0.05999999999830585,-0.5488398815033136,0.2757490277290344
20.784425577,1.6167072198129884,-0.6147866322925075,-1.4707530224032654,0.05999999999664052,-0.6653654011718089,0.2659812867641449
20.808709185,1.616819143771765,-0.6159813924800048,-1.484023075284656,0.059999999997373266,-0.6632956705931694,0.2659812867641449
20.835354876,1.616915230019882,-0.6171775306208217,-1.4972490438185146,0.05999999999735106,-0.6610765102166876,0.2659812867641449
20.859752377,1.616995514768384,-0.6183748332218693,-1.5104307136633612,0.059999999997373266,-0.6588620453145673,0.2659812867641449
20.884430947,1.6170600394930088,-0.6195730885626387,-1.5235659694809847,0.059999999997617515,-0.6566523033460666,0.2659812867641449
20.926307274,1.6171098836286821,-0.6207746014825398,-1.5342549815081763,0.059999999999460485,-0.4673154231480418,0.2673279941082001
20.957842984,1.6171481367338405,-0.6219739872827035,-1.5435681496448517,0.05999999999877215,-0.46547429354464054,0.2673279941082001
20.982613806,1.6171752363349294,-0.6231736769420294,-1.5528504173803686,0.0599999999985501,-0.4638732263856495,0.2673279941082001
21.015634432,1.617191221720987,-0.6243735661908174,-1.5620975253518687,0.05999999999877215,-0.4622755125684207,0.2673279941082001
21.040847535,1.6171961284354515,-0.6255735519137403,-1.5713143505653664,0.05999999999874994,-0.46068189900350154,0.2673279941082001
21.074488746,1.61718931888706,-0.6267720993596044,-1.5821961248828325,0.0599999999980394,-0.586161030660409,0.2537845969200134
21.102859194,1.6171686194266712,-0.6279719139760334,-1.593895113982891,0.059999999997817355,-0.5848148351869246,0.2537845969200134
21.124922034,1.6171339022478106,-0.6291714048597618,-1.605565296083335,0.059999999998061604,-0.5833640235737632,0.2537845969200134
21.15122414,1.6170852068513395,-0.6303704096562837,-1.6172064922180183,0.05999999999808381,-0.5819148934336811,0.2537845969200134
21.175613476,1.6170225745671296,-0.631568767291324,-1.6288187363256788,0.05999999999810601,-0.5804674619484436,0.2537845969200134
21.208065776,1.6169450330115216,-0.6327620916427881,-1.6435496255108646,0.059999999997173425,-0.8134305970633985,0.24217332899570465
21.232248986,1.6168480864631463,-0.6339581558962116,-1.6597965006926436,0.05999999999610761,-0.8122229990179897,0.24217332899570465
21.258364772,1.6167317355089617,-0.6351524887172064,-1.6760182752809378,0.059999999995974385,-0.8108885638806089,0.24217332899570465
21.290360335,1.6165960438100169,-0.6363447790769188,-1.6922120311869924,0.05999999999599659,-0.8095543762790184,0.24217332899570465
21.330218965,1.6164410789530017,-0.6375347179558922,-1.7083791120316507,0.059999999996174225,-0.808220671490443,0.24217332899570465
21.358798456,1.6162666712547906,-0.6387213901903733,-1.725450713626317,0.059999999995774544,-0.8864279205757649,0.237489715218544
21.390136404,1.6160713365657213,-0.6399053693865963,-1.7431581433006094,0.05999999999526384,-0.8853158815309445,0.237489715218544
21.416418382,1.6158550806822074,-0.6410857065700845,-1.7608436708869457,0.05999999999524164,-0.8841608788174196,0.237489715218544
21.446547662,1.6156179984004473,-0.6422620375454242,-1.7785060952628085,0.05999999999526384,-0.883005700758906,0.237489715218544
21.473156765,1.6153601908517559,-0.643434000828797,-1.796145414270142,0.05999999999524164,-0.881850422291358,0.237489715218544
21.504209387,1.6150816202910085,-0.644600575198113,-1.8145925880218332,0.05999999999510841,-0.9511145892019126,0.23438307642936707
21.531987173,1.6147809066189542,-0.6457622670488693,-1.8335959799886135,0.059999999994575504,-0.9501198617637465,0.23438307642936707
21.557168987,1.614458184298211,-0.6469180382484889,-1.852578884762899,0.0599999999945533,-0.9490939425512135,0.23438307642936707
21.584162641,1.6141135933299449,-0.6480674789473586,-1.8715412648178065,0.0599999999945533,-0.9480676899107768,0.23438307642936707
21.610965568,1.6137472801209356,-0.6492101825747179,-1.8904841400967398,0.059999999994531095,-0.9470411052808521,0.23438307642936707
21.640529807,1.6133595568904393,-0.6503413793099563,-1.9124787436002428,0.059999999996973585,-1.1738327681603502,0.2281496226787567
21.67232903,1.6129442415966404,-0.6514671888600555,-1.9359432442803042,0.05999999999175554,-1.1731575078182437,0.2281496226787567
21.698828567,1.6125026344292561,-0.6525829474034185,-1.9593934191263171,0.05999999999173333,-1.1724366570850548,0.2281496226787567
21.723782664,1.6120349943015786,-0.6536880477651632,-1.982829166831763,0.05999999999175554,-1.171715243801318,0.2281496226787567
21.747579678,1.6115415939895747,-0.6547818897609918,-2.006250476244989,0.05999999999173333,-1.1709932734870456,0.2281496226787567
21.776181761,1.6110225589768448,-0.655863802046998,-2.0300848620925125,0.05999999999126704,-1.2008599245971907,0.22252021729946136
21.802248696,1.6104777231726684,-0.6569329534646241,-2.0540979634836396,0.059999999991489084,-1.200632307835051,0.22252021729946136
21.827200969,1.6099073756857616,-0.6579887160221866,-2.0781064767669357,0.05999999999126704,-1.200402703706542,0.22252021729946136
21.854472485,1.6093118501019164,-0.6590304838174472,-2.102110393157116,0.05999999999126704,-1.2001728323254555,0.22252021729946136
21.878417597,1.6086914943291422,-0.660057659363282,-2.1261097073417297,0.05999999999151129,-1.199942695502965,0.22252021729946136
21.91163853,1.6080377001330628,-0.6610861236277024,-2.1457081717182303,0.06153663304746537,-0.7942386653037541,0.2107573002576828
21.937908155,1.6073778814150965,-0.6620884278921984,-2.1602628313490264,0.05999999999690697,-0.7277329814554565,0.2107573002576828
21.960832201,1.6067035449008513,-0.6630810228977325,-2.1748174909781377,0.05999999999690697,-0.7277329814554565,0.2107573002576828
21.988632339,1.60601483343804,-0.664063698378473,-2.1893721506072525,0.05999999999688477,-0.7277329814556113,0.2107573002576828
22.015095157,1.6053118929194263,-0.6650362461699714,-2.2039268102363634,0.05999999999688477,-0.7277329814556113,0.2107573002576828
22.042925602,1.6045976374577067,-0.6659928156078081,-2.2215780989012828,0.059999999962023765,-0.9806150039169174,0.19598469138145447
22.07278255,1.6038613518181881,-0.6669403583774325,-2.2411903992022197,0.059999999994087005,-0.9806150150466904,0.19598469138145447
22.098758304,1.6031066254754043,-0.6678732795910068,-2.2608026995031585,0.0599999999940648,-0.9806150150468451,0.19598469138145447
22.126928186,1.6023337487197442,-0.6687912204190505,-2.280414999804096,0.0599999999940648,-0.9806150150468451,0.19598469138145447
22.152829009,1.6015430188227897,-0.6696938277939876,-2.3000273001050346,0.0599999999940648,-0.9806150150468451,0.19598469138145447
22.178835922,1.60073466061132,-0.6705814260986984,-2.318696763379254,0.05999999999484196,-0.9125077378910167,0.1913118213415146
22.209148185,1.5999105571850059,-0.6714536723797184,-2.3369469181370732,0.05999999999481975,-0.9125077378908619,0.1913118213415146
22.232871491,1.5990706732502178,-0.6723107342258549,-2.3551970728948906,0.05999999999479755,-0.9125077378907072,0.1913118213415146
22.260210954,1.5982152885377798,-0.6731523261850275,-2.373447227652709,0.05999999999481975,-0.9125077378908617,0.1913118213415146
22.288317237,1.5973446879411868,-0.6739781679575407,-2.391697382410527,0.05999999999481975,-0.9125077378908617,0.1913118213415146
22.312258873,1.5964650028829228,-0.6747808880821967,-2.4135335221515053,0.059696468427250515,-1.214325528730589,0.18200062215328217
22.337756449,1.5955596176011313,-0.6755684199644387,-2.437862337397556,0.059999999991244835,-1.2164407623026263,0.18200062215328217
22.363776296,1.5946353424232966,-0.676333694013176,-2.462191152643611,0.05999999999126704,-1.216440762302781,0.18200062215328217
22.387137853,1.5936927243928267,-0.6770762572917356,-2.4865199678896617,0.05999999999128924,-1.2164407623026263,0.18200062215328217
22.415770844,1.5927323214095683,-0.6777956703050879,-2.510848783135716,0.05999999999128924,-1.2164407623026263,0.18200062215328217
22.442944506,1.591763720605974,-0.6784832963254459,-2.5394447238671334,0.059363904146048085,-1.5863688955100685,0.17438006401062012
22.47342787,1.5907640627835333,-0.6791470441625524,-2.571466882871894,0.05999999998469452,-1.6011079502379961,0.17438006401062012
22.497024749,1.5897436664480864,-0.6797784459857367,-2.6034890418620074,0.05999999985597526,-1.6011079500459702,0.17438006401062012
22.526329481,1.5887035778421619,-0.680376854400326,-2.6355112008361323,0.059999999509630086,-1.6011079473362522,0.17438006401062012
22.556734378,1.5876448633962337,-0.6809416558421755,-2.667533359826591,0.059999999869386755,-1.6011079496807956,0.17438006401062012
22.584548462,1.5865763337217504,-0.6814672659256886,-2.7023038738438614,0.05999999980150772,-1.8199999984442143,0.16259266436100006
22.614686438,1.5854812208613116,-0.6819577440813683,-2.7387038738087233,0.05999999998000938,-1.820000000032568,0.16259266436100006
22.646332644,1.584368983957313,-0.6824080440313891,-2.775103873731205,0.05999999919594767,-1.8199999969708283,0.16259266436100006
22.667629196,1.5832410965008323,-0.6828175692186729,-2.8115038736582174,0.059999999559101624,-1.8199999971213852,0.16259266436100006
22.695073776,1.582099052738903,-0.6831857770959483,-2.8479038736147926,0.05999999965424774,-1.819999997888716,0.16259266436100006
22.721312875,1.5809443656645934,-0.6835121798569157,-2.884303873590342,0.059999999986271035,-1.8199999999855283,0.14652298390865326
22.751191504,1.579778565022181,-0.6837963450787583,-2.920703873590797,0.059999999986115604,-1.82000000002282,0.14652298390865326
22.774814832,1.5786031952840256,-0.6840378962944159,-2.9571038735912536,0.059999999986115604,-1.8200000000228198,0.14652298390865326
22.800845158,1.577419813596072,-0.6842365134935259,-2.993503873591676,0.05999999998633765,-1.8200000000212726,0.14652298390865326
22.830316092,1.5762299877186137,-0.6843919335452983,-3.029903873592087,0.05999999998618222,-1.82000000001988,0.14652298390865326
22.854089022,1.5750352939492902,-0.6845039505471172,-3.0663038735924784,0.059999999986115604,-1.8200000000194152,0.15251579880714417
22.88043997,1.5738373150347886,-0.6845724160973231,-3.1027038735928683,0.059999999986115604,-1.8200000000194154,0.15251579880714417
22.907095299,1.5726376380740013,-0.6845972394918162,-3.139103873593369,0.05999999998618222,-1.8200000000276166,0.15251579880714417
22.932588056,1.5714378524154187,-0.6845783878442222,3.1076814335855416,0.05999999998618222,-1.8200000000328775,0.15251579880714417
22.960362616,1.5702395475515338,-0.6845158861294626,3.071281433585075,0.05999999998620442,-1.8200000000212722,0.15251579880714417
22.987870906,1.569044311013064,-0.684409817150667,3.034881433584684,0.059999999986115604,-1.8200000000194154,0.13756167888641357
23.015723322,1.5678537262708558,-0.6842603214301819,2.998481433708506,0.05999999947214896,-1.8199999875983792,0.13756167888641357
23.042315283,1.5666693706189176,-0.6840675970209482,2.962081433769,0.05999999999464212,-1.8199999978478654,0.13756167888641357
23.064342556,1.565492813109783,-0.6838318992469552,2.925681433808494,0.060000000016735555,-1.819999997964381,0.13756167888641357
23.09239113,1.5643256124646003,-0.6835535403640621,2.889281433844998,0.06000000004318107,-1.8199999981969477,0.13756167888641357
23.116053612,1.563169315007145,-0.6832328891460067,2.8528814338816297,0.060000000051374514,-1.8199999982670427,0.14160789549350739
23.144017227,1.562025452615963,-0.6828703703958648,2.816481433916762,0.060000000042270685,-1.8199999981729635,0.14160789549350739
23.17148466,1.5608955406954963,-0.6824664643833787,2.7800814339484825,0.06000000006709527,-1.8199999984338469,0.14160789549350739
23.195857576,1.5597810761688675,-0.6820217062088719,2.7436814339804267,0.060000000074778015,-1.8199999985164754,0.14160789549350739
23.225971035,1.5586835354940187,-0.6815366850941038,2.7072814340096443,0.06000000004213746,-1.819999998520189,0.14160789549350739
23.252526167,1.5576043727081144,-0.6810120436017983,2.6708814340371516,0.06000000005235151,-1.8199999986517135,0.1658344268798828
23.279016637,1.5565450174997624,-0.6804484767836746,2.6344814340640235,0.060000000096938066,-1.819999998774573,0.1658344268798828
23.307271708,1.5555068733180784,-0.6798467312611793,2.5980814340888596,0.06000000008077322,-1.8199999988971236,0.1658344268798828
23.331612303,1.554491315510418,-0.6792076042348483,2.5616814341120917,0.06000000009307449,-1.8199999987572426,0.1658344268798828
23.359828472,1.553499689501742,-0.6785319424289398,2.5252814341336567,0.06000000010342177,-1.8199999988423472,0.1658344268798828
23.385159806,1.5524709861215813,-0.6777737401919423,2.488881434150855,0.06749999996273903,-1.8199999991532092,0.16489437222480774
23.411526764,1.5512284816943167,-0.6767868878391536,2.4524814341684955,0.08125552325428664,-1.8199999992474432,0.16489437222480774
23.438504609,1.5500386413331435,-0.6757698073922495,2.4160814341835795,0.0781123130371375,-1.8199999993546747,0.16489437222480774
23.464446309,1.5489327906752335,-0.6747525890832498,2.3796814341972428,0.0749744754394932,-1.8199999994380764,0.16489437222480774
23.493969591,1.547906923164758,-0.6737376562387848,2.3432814342086927,0.07184531652673076,-1.8199999995570675,0.16489437222480774
23.520093212,1.5469614214988432,-0.6727315594332836,2.3068814342183064,0.06872442321079753,-1.8199999993953697,0.16082555055618286
23.545588885,1.5460941175350535,-0.6717386179805636,2.2704814342191715,0.06561184330575731,-1.8200000000342704,0.16082555055618286
23.572477892,1.5453026446722817,-0.6707630023731199,2.2340814342183304,0.06250735534327756,-1.8200000000327226,0.16082555055618286
23.598960918,1.5445780843667514,-0.6698002399190673,2.1976814342175324,0.05999999998000938,-1.820000000032568,0.16082555055618286
23.626342942,1.543891975186938,-0.6688158135865067,2.1612814342168813,0.05999999998003158,-1.8200000000324135,0.16082555055618286
23.656456241,1.543242145696672,-0.6678070704851956,2.12488143421623,0.05999999998000938,-1.820000000032568,0.14902909100055695
23.68023969,1.5426294567989725,-0.6667753470118274,2.0884814342155753,0.05999999998000938,-1.8200000000325685,0.14902909100055695
23.70722053,1.5420547201924935,-0.6657220100078083,2.0520814342149225,0.05999999998000938,-1.820000000032568,0.14902909100055695
23.730928768,1.5415186972961732,-0.6646484549484455,2.01568143421427,0.05999999998000938,-1.8200000000325685,0.14902909100055695
23.758876233,1.541022098240495,-0.6635561040942038,1.9792814342136178,0.05999999998000938,-1.8200000000325676,0.14902909100055695
23.78878605,1.5405655809266978,-0.6624464046064746,1.9428814342129654,0.05999999998000938,-1.820000000032568,0.14241743087768555
23.812601399,1.5401497501569146,-0.6613208266349875,1.9064814343021035,0.05999999993269167,-1.8199999879049096,0.14241743087768555
23.841540815,1.5397751568259639,-0.6601808613519727,1.8700814343391274,0.05999999997075012,-1.819999998142481,0.14241743087768555
23.865606214,1.5394422972018866,-0.6590280190032309,1.8336814343772174,0.05999999997010619,-1.8199999980798132,0.14241743087768555
23.893695605,1.5391516122617217,-0.6578638268902515,1.7972814344166148,0.05999999996948446,-1.8199999980132773,0.14241743087768555
23.922433202,1.53889785169463,-0.6566691012993287,1.7660325903141891,0.06201988899898758,-1.3391009151511948,0.14369596540927887
23.948201436,1.538665343491163,-0.6554468792297575,1.7530437692397431,0.06000000001769035,-0.5237549491607635,0.14369596540927887
23.975223354,1.5384540400817954,-0.6542656350966612,1.7425686702844978,0.0599999999965517,-0.5237549475601856,0.14369596540927887
23.999286407,1.5382551216881488,-0.6530822423870213,1.7320935713336996,0.059999999996573905,-0.5237549475331069,0.14369596540927887
24.027270671,1.5380686101368635,-0.6518968309505165,1.7216184723834387,0.059999999996529496,-0.523754947506183,0.14369596540927887
24.056178598,1.5378882638874456,-0.6506763403003949,1.716288743064537,0.06315783919190743,-0.043403829307446865,0.15615655481815338
24.079588877,1.537695964711564,-0.6494138299749465,1.7302709964739968,0.06077224730618447,0.8781204176594428,0.15615655481815338
24.108911192,1.5374949479301534,-0.6482308021704488,1.7479410359843597,0.05999999999666272,0.8835019755480363,0.15615655481815338
24.135122207,1.5372730594694464,-0.6470515108393526,1.7656110754953203,0.05999999999668493,0.8835019755481912,0.15615655481815338
24.163742855,1.537030368607938,-0.6458763241825471,1.7832811150062773,0.05999999999666272,0.8835019755480363,0.15615655481815338
24.192440517,1.5367678611301845,-0.6447060456151912,1.7991084553519319,0.05999999999759531,0.7549577045521934,0.15635691583156586
24.219299248,1.5364874466899474,-0.6435392806929963,1.8142076094429698,0.05999999999759531,0.7549577045518838,0.15635691583156586
24.248484837,1.5361894477202203,-0.6423768826303685,1.8293067635340068,0.05999999999759531,0.7549577045518838,0.15635691583156586
24.277578482,1.5358739321588537,-0.6412191164309858,1.8444059176200087,0.06000000000541128,0.7549577041706169,0.15635691583156586
24.314053492,1.5355409719371182,-0.6400662460425013,1.8595050717111452,0.059999999996418474,0.7549577045566804,0.15635691583156586
24.377215981,1.5352049533555598,-0.6389593798830071,1.8686723502596512,0.05609280214906587,0.21856739423514798,0.16479811072349548
24.416440582,1.534879964523145,-0.6378848956550164,1.8587089474689054,0.0599999998716072,-0.6515447818352674,0.16479811072349548
24.457788017,1.5345467291144235,-0.6367321017508748,1.8456780513820796,0.05999999999735106,-0.651544804585478,0.16479811072349548
24.490075557,1.5342285435101,-0.6355750634867365,1.8326471552903718,0.05999999999735106,-0.651544804585478,0.16479811072349548
24.513219636,1.5339254617387297,-0.6344139773300104,1.8196162591986664,0.05999999999735106,-0.651544804585478,0.16479811072349548
24.546921661,1.5336326806467384,-0.6332386422491287,1.8122629438266407,0.06032399097006813,-0.20279581194891608,0.17000308632850647
24.573470791,1.533348018147185,-0.6320728955318943,1.8083337747439239,0.05999999999992678,-0.19645845413578863,0.17000308632850647
24.601533512,1.5330679382491643,-0.6309060393290487,1.8044046056612066,0.05999999999992678,-0.1964584541357886,0.17000308632850647
24.63188573,1.5327924452766495,-0.6297380916549253,1.8004754365784899,0.05999999999994898,-0.19645845413594337,0.17000308632850647
24.657299258,1.532521543482796,-0.6285690705407094,1.7965462674957726,0.05999999999997119,-0.19645845413578863,0.17000308632850647
24.691806324,1.5322409320916652,-0.6273482778927807,1.8002985135799847,0.06444920298811496,0.4526689420073152,0.16330590844154358
24.717518203,1.531959106266804,-0.6261818531392993,1.8154372401712193,0.06000000000982997,0.7569363398588952,0.16330590844154358
24.748748258,1.5316596552249848,-0.6250198283668156,1.8305759669781099,0.059999999996418474,0.7569363403447626,0.16330590844154358
24.778373351,1.531342647593124,-0.6238624698831754,1.8457146937850006,0.059999999996418474,0.7569363403447626,0.16330590844154358
24.800491365,1.531008156021975,-0.6227100429279445,1.8608534205918912,0.059999999996418474,0.7569363403447626,0.16330590844154358
24.845071958,1.5306801099920988,-0.6216288433120164,1.8663371313909336,0.05447998473062654,-0.004822379933705251,0.1762181669473648
24.878483458,1.5303478633589433,-0.6205166647520257,1.8555009684683095,0.059999999965465456,-0.5800102296488797,0.1762181669473648
24.912776632,1.5300175019897868,-0.6193630421023086,1.843900763857688,0.059999999998061604,-0.5800102305509841,0.1762181669473648
24.946236222,1.5297005448065257,-0.6182056648966454,1.8323005592466688,0.05999999999808381,-0.5800102305511389,0.1762181669473648
24.976075487,1.5293970344599503,-0.6170446888754755,1.8207003546356522,0.05999999999808381,-0.5800102305508295,0.1762181669473648
25.014475811,1.5291042195527291,-0.6158698874908786,1.8106858068738814,0.061074887523737686,-0.4214445456262531,0.17595742642879486
25.044038246,1.5287937937377207,-0.6146123818191385,1.8184824906289319,0.06467352010002259,0.6542148373417321,0.17595742642879486
25.074367651,1.528490638738151,-0.6134513183016581,1.8339085451902302,0.060000000001902976,0.7713027285085705,0.17595742642879486
25.105470238,1.528169609888985,-0.6122950692270777,1.8493345997635626,0.05999999999619643,0.7713027286662454,0.17595742642879486
25.133533069,1.5278307835816478,-0.6111439097342525,1.8647606543368982,0.05999999999619643,0.7713027286665548,0.17595742642879486
25.167280459,1.5274750327294386,-0.6100005225188762,1.8798452498111173,0.05974643848982719,0.7371568187549775,0.18665139377117157
25.196249811,1.5271301283550838,-0.6089275697929376,1.880473966914485,0.05623724588468271,-0.2283857695274986,0.18665139377117157
25.225075845,1.5267682230244373,-0.6077834460052055,1.8738349120038633,0.05999999999923844,-0.3319527459210921,0.18665139377117157
25.25885245,1.5264139215143895,-0.6066369447401813,1.867195857085447,0.059999999999216236,-0.33195274592093726,0.18665139377117157
25.287669246,1.5260672394415418,-0.6054881165323578,1.8605568021670318,0.05999999999923844,-0.33195274592078255,0.18665139377117157
25.330394807,1.5257165290794419,-0.6043024315338814,1.8590599527126692,0.06340721577444697,0.14812014790789124,0.16934366524219513
25.36438846,1.5253594101316472,-0.6031256617032018,1.8726726865671088,0.060000000020909994,0.7173122447391832,0.16934366524219513
25.391144167,1.5249944293150748,-0.6019825237824824,1.8870189314747388,0.05999999999690697,0.7173122453811783,0.16934366524219513
25.422396795,1.5246130868830468,-0.6008447394216356,1.9013651763823671,0.05999999999690697,0.7173122453811783,0.16934366524219513
25.447789274,1.5242154613201104,-0.5997125427894414,1.915711421289995,0.05999999999690697,0.7173122453811783,0.16934366524219513
25.489543232,1.5238211866725746,-0.5986332749145629,1.923279675243193,0.055547958182700086,0.12459171740920835,0.19435162842273712
25.516464871,1.5234308989372902,-0.597557092580371,1.913267572758848,0.05999999997086114,-0.5795825064823547,0.19435162842273712
25.545421369,1.5230344799657587,-0.5964244691323688,1.9016759226068969,0.05999999999783956,-0.579582507619811,0.19435162842273712
25.576981604,1.5226512163073578,-0.5952873267296089,1.8900842724545037,0.05999999999783956,-0.579582507619811,0.19435162842273712
25.601762536,1.5222811594592582,-0.5941458181640782,1.8784926223021101,0.05999999999783956,-0.579582507619811,0.19435162842273712
25.641146455,1.5219080527867397,-0.592954905599111,1.873679348029413,0.06420615904274563,0.01317240160726094,0.20014938712120056
25.672758708,1.5215359266580841,-0.5917841346429524,1.8840851144606987,0.06000000002464034,0.5485908668472639,0.20014938712120056
25.696020828,1.5211598446767147,-0.5906445961848157,1.8950569318112855,0.05999999999830585,0.5485908675293354,0.20014938712120056
25.726402451,1.5207712827746604,-0.5895092525352742,1.9060287491618724,0.05999999999832806,0.5485908675294903,0.20014938712120056
25.752313684,1.5203702877268348,-0.588378240366506,1.9170005665124592,0.05999999999830585,0.5485908675293355,0.20014938712120056
