time,x,y,yaw,v_lin,v_ang,min_scan
0.183361054,8.434049251444596e-09,2.539530651443026e-19,6.02214579519197e-11,-1.5658528995628814e-19,-1.4658678032908357e-18,0.6041566133499146
0.184589422,8.434049251439074e-09,2.5395306514397007e-19,6.022145796274509e-11,-1.5112589791343816e-19,-1.2168489708010045e-18,0.6041566133499146
0.18580713,8.434049251435722e-09,2.5395306514376814e-19,6.022145792031389e-11,-1.4227506535912076e-19,-3.3237096947601096e-18,0.6041566133499146
0.186638145,1.3061018550418118e-05,1.0420181760771775e-08,0.001593491453525353,0.0013052590037534587,0.1593491393303895,0.6041566133499146
0.187413906,0.00025214855750337056,3.1707991538666417e-06,0.02057337034437217,0.018170648291159157,1.1913715271661725,0.6041566133499146
0.209535197,0.0010016979442283715,2.863172976305526e-05,0.045110903668665985,0.042499999845491604,1.2238524638141979,0.6041566133499146
0.240214177,0.002149756133731227,9.497180954347527e-05,0.06888822639735728,0.06249999984531598,1.1849787581695064,0.6041566133499146
0.270431443,0.0036946494719318165,0.00022026952527258724,0.09191341086686185,0.0824999998458414,1.1475126002822957,0.6041566133499146
0.298824196,0.005634186213412579,0.00042161779216775083,0.1141781130431957,0.10249999984633765,1.1114310228126558,0.6109339594841003
0.326914042,0.007965712896494462,0.0007153354144289991,0.13578225442099004,0.12249999984679394,1.076737733058231,0.6109339594841003
0.358036521,0.010686193248695873,0.0011168479070167803,0.15671447360255192,0.14249999984722028,1.043263532396828,0.6109339594841003
0.386289693,0.013792264987310223,0.001640756421023757,0.17699931924222082,0.16249999984761848,1.0110176915237665,0.6109339594841003
0.415225752,0.017280292353458303,0.00230087868115197,0.19666049842957267,0.18249999984799106,0.9799524267512909,0.6109339594841003
0.445544949,0.021146413595749182,0.0031102838445935307,0.21572079399970112,0.2024999998483376,0.9500216999071629,0.619627833366394
0.472549454,0.025274842598270505,0.0040553276867710325,0.234230942134874,0.2123515663507652,0.9211813483120308,0.619627833366394
0.508408374,0.02942015686417389,0.0050840441216688835,0.25218052111502837,0.21379393733844912,0.8932961661709659,0.619627833366394
0.538351968,0.033576580325761385,0.006193628560408775,0.2695331032863233,0.21519145100343962,0.8662782051706743,0.619627833366394
0.571436858,0.03773815825986037,0.007381256019040758,0.2863889738907836,0.21654117706035395,0.8401841161607038,0.619627833366394
0.602435686,0.04190464155170981,0.008645445999379883,0.3027366725735593,0.21785150603529285,0.8148516861244846,0.649881899356842
0.623716535,0.04607205408961667,0.009983764260160352,0.31864087727487056,0.21912145767232388,0.7902998662305084,0.649881899356842
0.651959919,0.0502439595576792,0.011395774523299802,0.3340171134904136,0.2203564327538096,0.7664242438128971,0.649881899356842
0.682352212,0.05441660574126167,0.01287883178640885,0.3489304800572906,0.2215493298241525,0.7433621104455315,0.649881899356842
0.709769812,0.05858991594614283,0.014431428674664211,0.36337300563480046,0.2227055731793735,0.7210085988755697,0.649881899356842
0.73807865,0.06276057254281066,0.01605104589105644,0.37740381175712334,0.2238244671848722,0.6993771577221981,0.657436192035675
0.76206886,0.06692868661348896,0.017736324667366268,0.3910132734429348,0.22491093402114487,0.6783726270708202,0.657436192035675
0.79121266,0.07109335120011538,0.019485517639360687,0.4042142187277423,0.22596414083659827,0.6580111083398734,0.657436192035675
0.828863173,0.07525373361323665,0.021296901628369308,0.4170191445398234,0.22698513165066814,0.6382724176287095,0.657436192035675
0.872178885,0.07940813098886619,0.02316844471038685,0.4294592895660679,0.2279749219120563,0.6191369233917807,0.657436192035675
0.904759725,0.08355769887717343,0.025099229110628632,0.44150754771543205,0.2289360951076437,0.6005546793928306,0.6577747464179993
0.933146609,0.08770089357750778,0.027087195780171724,0.4531949187736591,0.22986635438181544,0.5825700904608854,0.6577747464179993
0.973148582,0.09183715326527184,0.029130741072763467,0.46453246543513066,0.23076825843610563,0.5651336895318375,0.6577747464179993
1.004736304,0.095965976801516,0.03122829577988788,0.47553084066990614,0.2316427003664457,0.5482282104908548,0.6577747464179993
1.033700087,0.10008691688426471,0.033378324348755574,0.4862003641582896,0.23249053869169764,0.531837055697793,0.6577747464179993
1.066506459,0.10420033532293096,0.03557964957996669,0.4965351405223589,0.23331260382815316,0.5159441708158106,0.6263567209243774
1.095072037,0.1083043784239842,0.03783008010727417,0.5065771037300026,0.23410837047625238,0.5005597113973852,0.6263567209243774
1.126510059,0.11240018939880572,0.040128903575628254,0.5163043787255038,0.2348813087170578,0.48561659078895064,0.6263567209243774
1.159509923,0.11648610484313691,0.042474014220042815,0.5257563250024677,0.2356295608162137,0.4711507243422341,0.6263567209243774
1.193273886,0.12056258652263423,0.044864440105767796,0.5349264121395496,0.23635638082799035,0.45709920182279973,0.6263567209243774
1.231155452,0.12462754351842903,0.04729790998353126,0.5438640052723133,0.23706119383789664,0.44347313798312876,0.6121882796287537
1.259190698,0.12868456621448143,0.04977521220290104,0.5524944336990308,0.23774809043823758,0.430193449901003,0.6121882796287537
1.290172867,0.13273227079012842,0.05229424421467474,0.5608548686139544,0.2384108124043279,0.4173811270704146,0.6121882796287537
1.324134901,0.136769376206727,0.05485311325817183,0.5689792154673562,0.23905242446541836,0.4049769194550696,0.6121882796287537
1.351616692,0.14079527772652217,0.05745039704677798,0.576885951065452,0.2396757241882756,0.39292674203790356,0.6121882796287537
1.392111056,0.14481209580265686,0.06008623138796093,0.5845334285042489,0.24028222539712388,0.38120132824090575,0.5866989493370056
1.420964743,0.14881873111285837,0.06275877940970484,0.591953461502692,0.24086842774515213,0.369868349840514,0.5866989493370056
1.45949351,0.15281516741572046,0.06546694070786024,0.599152986876243,0.24143695167536397,0.35887714613274313,0.5866989493370056
1.499651084,0.15680141027125402,0.06820964810662751,0.6061386488076242,0.24198834694544868,0.3482170887191995,0.5866989493370056
1.526816453,0.16077748196481878,0.07098586472105942,0.612916887273213,0.24252313928488647,0.33787801373610904,0.5866989493370056
1.558948152,0.16474342004772285,0.07379458332382985,0.6194939447650463,0.2430418377763796,0.32785007914951836,0.5665784478187561
1.58745975,0.16869927598352694,0.07663482570592543,0.6258758725267859,0.24354493543247074,0.31812375360914935,0.5665784478187561
1.616190287,0.17264553429045904,0.07950589364058157,0.6320591026341302,0.2440329097292325,0.308689806127154,0.5665784478187561
1.64727106,0.17658144534206596,0.08240631672429206,0.6380684633161782,0.24450543659870552,0.2995545018697202,0.5665784478187561
1.672926364,0.18050749835598984,0.08533549703003836,0.6438997829598866,0.24496455784252316,0.29067836693643156,0.5665784478187561
1.709639276,0.1844241695480492,0.08829280313391373,0.6495497644475094,0.24540990195986292,0.28206858350667,0.5408206582069397
1.736529282,0.18833081844035202,0.09127687837258384,0.655041058743022,0.2458411690382682,0.2737309497509013,0.5408206582069397
1.765028879,0.19222791926863517,0.09428718259461794,0.6603698513624532,0.24626022031176276,0.2656294826600541,0.5408206582069397
1.79636918,0.19611559103160361,0.0973229231745022,0.6655409840473698,0.24666671551857658,0.2577707604726726,0.5408206582069397
1.824675135,0.19999428908407693,0.10038354659021419,0.6705515562316194,0.24706103439625093,0.25014744176945325,0.5408206582069397
1.85543483,0.20386381342327062,0.10346804843089837,0.6754142319724653,0.24744291215065967,0.2427646457826552,0.5220806002616882
1.882339975,0.2077242968438158,0.10657570648499422,0.6801334431342996,0.24781337945044282,0.23560244672206515,0.5220806002616882
1.913662533,0.21157557708149322,0.10970561937024029,0.6847204225025466,0.24817278330160897,0.22865413596203227,0.5220806002616882
1.94884922,0.21541751342512241,0.11285694924608326,0.6891854718156167,0.24852203754096855,0.22190204640694383,0.5220806002616882
1.973647603,0.21925137749197338,0.11602989654931255,0.6935052155603751,0.2488619800592423,0.21532997921923247,0.5220806002616882
2.006484184,0.2230767671398267,0.11922335824915105,0.6976974417799524,0.2491906469686528,0.20897590200018334,0.5110385417938232
2.03440102,0.2268938281762254,0.12243671198205314,0.7017660030355007,0.2495094958849628,0.20281163484236647,0.5110385417938232
2.063489099,0.2307027096898925,0.12566935582749603,0.7057145908246062,0.2498188276878699,0.1968313608757318,0.5110385417938232
2.096380381,0.2345038076756397,0.12892088054794454,0.7095409829747076,0.250118930285137,0.1910295140144082,0.5110385417938232
2.126340611,0.23829679354037242,0.132190344408649,0.7132604226808855,0.25040959976606186,0.18541003643991677,0.5110385417938232
2.167501315,0.24208228142365532,0.1354775666955551,0.7168648595965531,0.25069208509995444,0.17994878198021352,0.49753493070602417
2.196428612,0.24585997481542535,0.13878165912576837,0.7203686196911943,0.2509656994938353,0.17465902831971877,0.49753493070602417
2.221270767,0.2496302425396302,0.14210229804512112,0.7237692634026359,0.25123161631964575,0.16951809080363925,0.49753493070602417
2.245758107,0.2533932361984263,0.1454389844664618,0.7270698432717922,0.25148961655475227,0.1645302037676212,0.49753493070602417
2.269937522,0.2571491060529726,0.14879123408099004,0.730273337770797,0.25173993738153155,0.15969078179589707,0.49753493070602417
2.308738171,0.2608981970636064,0.1521587232009153,0.7333779402441082,0.2519828102026417,0.15499535120742072,0.48286789655685425
2.336552586,0.26464027705186216,0.15554068315235164,0.7363959792595476,0.2522180686952896,0.1504471275017872,0.48286789655685425
2.359548246,0.2683754949737186,0.15893670164218318,0.7393297729373852,0.2524467218193688,0.14602660457916414,0.48286789655685425
2.389728758,0.27210435234123403,0.16234665072993598,0.7421729720938629,0.2526689481814378,0.14173032946241956,0.48286789655685425
2.41429139,0.2758268219347979,0.16576995585236906,0.7449326707866354,0.252884205875964,0.13756877874363097,0.48286789655685425
2.448718596,0.27954321239675906,0.1692063424687851,0.7476073256540875,0.2530930693901035,0.13353084593340575,0.45778000354766846
2.474091564,0.2832533415108239,0.1726551467467637,0.750207534513653,0.25329539620997793,0.12961928623470095,0.45778000354766846
2.498059173,0.2869570409438233,0.17611577038734727,0.7527428911232401,0.25349205301587047,0.12581734422487684,0.45778000354766846
2.524086955,0.2906553500418113,0.17958863640802528,0.7551925029870863,0.2536838248765813,0.12210984226278214,0.45778000354766846
2.548476343,0.2943479691917997,0.18307296879865373,0.7575702727929108,0.25386896444966056,0.11853056150775199,0.45778000354766846
2.58029001,0.298035172202375,0.1865685339809969,0.7598748950321299,0.25404861207028456,0.11505745599856268,0.4425685703754425
2.607761905,0.30171695239972496,0.19007486764363613,0.76211211694578,0.25422264671373096,0.11169286549166117,0.4425685703754425
2.631076632,0.30539317369195235,0.19359143591039016,0.7642904681879872,0.2543915332904545,0.10842780193040709,0.4425685703754425
2.663223202,0.30906409223164905,0.19711806987940805,0.7664081599445154,0.254555969151371,0.10524878351441665,0.4425685703754425
2.687349016,0.3127302071948812,0.2006547900999883,0.768457517340002,0.2547157955804652,0.10215887867969067,0.4425685703754425
2.721438684,0.316391522077706,0.20420116149178566,0.7704439180635502,0.25487036418161135,0.09917062279196721,0.42879998683929443
2.750150069,0.32004792209356137,0.20775668935707756,0.7723752204209887,0.25502010940434694,0.0962756166890443,0.42879998683929443
2.772629876,0.32369952561461784,0.21132111574264414,0.7742528919524583,0.2551656731179242,0.0934614511923205,0.42879998683929443
2.800407775,0.3273466682074515,0.21489437109199155,0.7760728820637661,0.2553071676103996,0.09072595545014407,0.42879998683929443
2.825238971,0.33098935814409924,0.21847608958208944,0.777839698750807,0.25544424679506683,0.08807582031427846,0.42879998683929443
2.856658664,0.33462780993653446,0.22206610345373856,0.7795523507050983,0.2555772747806606,0.08550400651596228,0.4117540717124939
2.885801606,0.3382619326857273,0.22566398691151832,0.7812175800020033,0.255706159550495,0.08301229300084678,0.4117540717124939
2.90736538,0.34189192985536737,0.2292695996572423,0.7828342253068937,0.25583145148127817,0.08059003940602841,0.4117540717124939
2.932764137,0.345517906595752,0.23288271219436651,0.78440371235928,0.25595304556722265,0.07823927579306927,0.4117540717124939
2.957011862,0.349140056674189,0.23650317741456983,0.7859251514239934,0.2560710514148245,0.07595788315235583,0.4117540717124939
2.989750712,0.3527583921522713,0.24013069073195237,0.7874023110265366,0.25618538642034894,0.07374745845506904,0.40734151005744934
3.024463435,0.35637267120323146,0.24376475500614564,0.7888450801407335,0.2562963547704106,0.07160212089568764,0.40734151005744934
3.052193615,0.3599836477741867,0.2474057843207694,0.7902372990029112,0.25640476993076805,0.06950614384161387,0.40734151005744934
3.087954409,0.36359109830837855,0.25105325321272964,0.7915890314744511,0.25650928349987,0.06748559577398058,0.40734151005744934
3.118035277,0.3671950359525076,0.2547069051255549,0.7929034437524282,0.2566107216518426,0.06552450437061992,0.40734151005744934
3.148051493,0.3707956254499731,0.25836663196395354,0.7941796154958292,0.2567093399278769,0.06361792928427164,0.40242645144462585
3.185808602,0.374392954686817,0.26203225430349625,0.7954186660328506,0.2568050549873025,0.06176748172956239,0.40242645144462585
3.216963058,0.37798710926483176,0.2657035978921633,0.7966216880508192,0.25689795264633164,0.05997150263351644,0.40242645144462585
3.254836054,0.38157817277813166,0.2693804937360683,0.7977897417615286,0.25698811669246924,0.058228372141476845,0.40242645144462585
3.285253291,0.3851662268444671,0.27306277793785805,0.7989238558553428,0.2570756283969938,0.056536519046632025,0.40242645144462585
3.309570405,0.38875135113647274,0.2767502915393948,0.8000250284480991,0.25716056658954267,0.05489441934254798,0.38584980368614197
3.333628334,0.39233362341356753,0.28044288036941334,0.8010942279993335,0.25724300773270203,0.053300594791367374,0.38584980368614197
3.357083366,0.3959131195543822,0.2841403948959892,0.8021323942025179,0.2573230259935638,0.05175361152676604,0.38584980368614197
3.387974649,0.3994898547397608,0.28784263894547196,0.8031419403810999,0.2574006933138334,0.05025207870948063,0.38584980368614197
3.41270133,0.40306401495003064,0.2915495810301808,0.8041207047883169,0.2574762042098694,0.048792235779084384,0.38584980368614197
3.441092717,0.4066356716201849,0.29526107464017043,0.8050696725497315,0.25754937370066067,0.0473776589494088,0.3847937285900116
3.465340591,0.41020478574751207,0.298976884666266,0.8059925517768143,0.2576202775472436,0.046006883542249334,0.3847937285900116
3.487154783,0.41377147590856117,0.30269693729274766,0.8068886987645445,0.25768921793111743,0.044674067520744,0.3847937285900116
3.512982584,0.4173358075671795,0.30642110815661905,0.8077588930438931,0.2577561363932501,0.04338034106605243,0.3847937285900116
3.538411378,0.42089784437028344,0.3101492764442271,0.8086038956869755,0.25782109247295126,0.04212455311021901,0.3847937285900116
3.564380292,0.4244576483513481,0.313881324956176,0.8094244452308659,0.2578841443121538,0.04090557960266215,0.3707673251628876
3.588401533,0.42801527996448063,0.3176171399973517,0.8102212583365769,0.2579453483144311,0.03972233010141743,0.3707673251628876
3.612391054,0.43157079811770876,0.3213566112697794,0.8109950304433311,0.25800475919630644,0.03857374677815357,0.3707673251628876
3.63717378,0.4351242602060682,0.3250996317688657,0.8117464364031359,0.25806243003821117,0.03745880343545085,0.3707673251628876
3.660758925,0.4386757221444161,0.32884609768288947,0.8124761310961506,0.25811841233395744,0.036376504547908854,0.3707673251628876
3.686994288,0.44222523839997113,0.3325959082956576,0.8131847500274981,0.2581727560388603,0.035325884338649846,0.3737596273422241
3.714848061,0.44577286202449207,0.3363489658921721,0.8138729099060106,0.25822550961581425,0.03430600587781373,0.3737596273422241
3.740712131,0.4493185299979078,0.34010507266002954,0.8145441793425318,0.2582767200807468,0.033315960214417926,0.3737596273422241
3.768597493,0.45286251403766464,0.34386435624972655,0.8151931130147986,0.25832667969404033,0.03235009711208608,0.3737596273422241
3.798574198,0.4564047570284871,0.3476266107266426,0.8158233231678812,0.25837493310915394,0.03141721973159307,0.3737596273422241
3.822980371,0.4599453063132312,0.3513917491263251,0.8164353667708846,0.25842177557818535,0.03051161999767593,0.369552344083786
3.850494328,0.4634842083287119,0.35515968743641796,0.817029774594386,0.2584672495803103,0.02963247666822823,0.369552344083786
3.874008251,0.4670215082825761,0.35893034413947833,0.8176070617056472,0.25851139552110214,0.028779008586035944,0.369552344083786
3.901040237,0.4705572501814498,0.3627036401361999,0.8181677279688157,0.2585542525992385,0.027950457928800153,0.369552344083786
3.931824963,0.4740914768597295,0.36647949867219154,0.818712258498034,0.25859585884531466,0.02714608945434014,0.369552344083786
3.959978267,0.47762423000794585,0.3702578452670673,0.8192411240968307,0.25863625115725986,0.02636518982215812,0.3752584755420685
3.987978674,0.4811555502005956,0.3740386076457109,0.819754781684268,0.25867546533396846,0.025607066933011284,0.3752584755420685
4.010304274,0.48468550547763145,0.3778217410983737,0.8202529386906586,0.25871353610881775,0.024871049291868175,0.3752584755420685
4.034098552,0.4882140791543009,0.3816071233410214,0.8207375188046719,0.25875043604323134,0.02415766736710029,0.3752584755420685
4.061038095,0.4917413350233122,0.38539471713167517,0.8212081842525238,0.25878632166517757,0.023463895020714717,0.3752584755420685
4.087420124,0.4952673095527399,0.3891844584625056,0.8216653379481856,0.25882116216244255,0.022790327941946905,0.3622550368309021
4.114877034,0.4987920381391436,0.3929762851232267,0.8221093733568824,0.2588549881108071,0.02213637501250821,0.3622550368309021
4.138312781,0.5023155552193137,0.39677013673863326,0.8225406723681674,0.25888782937725785,0.021501458819329643,0.3622550368309021
4.162867823,0.5058378942949121,0.4005659547137446,0.8229596056319858,0.25891971494167443,0.020885019096717534,0.3622550368309021
4.190901763,0.5093590879562728,0.40436368218028707,0.8233665328925787,0.25895067292304175,0.020286512224006552,0.3622550368309021
4.21651281,0.5128791679057694,0.40816326394489544,0.823761803312394,0.2589807306051517,0.019705410726075435,0.3532077968120575
4.242395445,0.5163981649806393,0.41196464643884917,0.8241457557863187,0.25900991446176636,0.019141202791076915,0.3532077968120575
4.272124176,0.519916109175314,0.41576777766935097,0.8245187192464755,0.2590382501805655,0.018593391800430428,0.3532077968120575
4.29585783,0.5234330296632772,0.4195726071723222,0.8248810129578773,0.2590657626870885,0.018061495872160712,0.3532077968120575
4.323836917,0.5269489747653274,0.423379103907708,0.8252324303567995,0.25909247616726083,0.017545047421450584,0.3532077968120575
4.348191644,0.5304639336003169,0.4271871820917447,0.8255743200514774,0.25911837119032,0.017044422103014496,0.3729335367679596
4.372913116,0.5339779514285254,0.4309968158866267,0.8259064438967831,0.2591435574121337,0.01655749995414921,0.3729335367679596
4.396917006,0.5374910544108819,0.4348079605641006,0.8262290835340054,0.2591680130564433,0.016084701969027268,0.3729335367679596
4.421722657,0.5410032503059101,0.4386205565901577,0.8265429731202345,0.2591917594220394,0.015625616382678877,0.3729335367679596
4.452805391,0.544514546627146,0.44243454886811673,0.8268487877607653,0.25921485544513345,0.015179103790079983,0.3729335367679596
4.479861842,0.5480250664919113,0.4462499937087577,0.8271441050746489,0.25923735533172065,0.014744116230209492,0.3724815249443054
4.504117212,0.5515347215487486,0.45006673634102784,0.8274322747362038,0.2592590562676411,0.01432457468588573,0.3724815249443054
4.53392459,0.5550436117031521,0.45388481784001344,0.8277113965527796,0.2592802340043554,0.013915148088073013,0.3724815249443054
4.55560872,0.5585516991450975,0.45770413967980234,0.8279833597883295,0.2593007292968519,0.013518915101891297,0.3724815249443054
4.584196306,0.5620590636440894,0.4615247246390663,0.8282467894963622,0.25932069699583504,0.013132882016795935,0.3724815249443054
4.608639568,0.5655656980986274,0.46534650595355204,0.8285027223932547,0.25934002143070956,0.012759285076652194,0.377765029668808
4.635932452,0.5690716226871694,0.46916944924294657,0.8287513779162947,0.259358786757663,0.012396497302884973,0.377765029668808
4.662514776,0.5725768571182726,0.47299352123006144,0.8289929664789277,0.2593770095570769,0.012044198146254787,0.377765029668808
4.686433797,0.5760814074525541,0.476818677610988,0.829228034446518,0.25939470570433554,0.011702080694039529,0.377765029668808
4.721401543,0.5795853175728748,0.4806449125774234,0.829456085969161,0.25941191901945326,0.01136929777435177,0.377765029668808
4.752359756,0.5830885935059258,0.48447218211539866,0.8296776646765825,0.25942860691068326,0.011046672810944241,0.3853973150253296
4.783138864,0.5865912528164225,0.488300456618531,0.8298929585682829,0.2594448129412008,0.010733363602169756,0.3853973150253296
4.817639015,0.5900932778682795,0.4921296751834016,0.8301030618288029,0.2594605512869108,0.010429096086960254,0.3853973150253296
4.842344319,0.5935947636866272,0.495959888883729,0.8303060015982608,0.2594759114131928,0.010132140641979962,0.3853973150253296
4.872993785,0.597095672402951,0.499791012183331,0.8305034882176718,0.25949072841330856,0.009845685388579226,0.3853973150253296
4.904457003,0.6005960301621912,0.5036230304307622,0.8306953859024989,0.25950514261507407,0.009567017385929815,0.39141276478767395
4.928849131,0.6040958419330968,0.5074559086526447,0.8308821253795691,0.25951914154034306,0.009296377873000122,0.39141276478767395
4.961631748,0.6075951425153326,0.5112896423364163,0.8310633139278097,0.25953275970670986,0.00903309952517415,0.39141276478767395
4.986912619,0.611093946614496,0.5151242056187854,0.8312391258924873,0.2595459633576547,0.008777834954910746,0.39141276478767395
5.019866226,0.6145922493324651,0.5189595561020768,0.8314102274874037,0.2595587656855247,0.008530329112647329,0.39141276478767395
5.053081673,0.6180900826036833,0.5227956896360269,0.8315762590038405,0.25957122078871797,0.008289536124852875,0.3983732759952545
5.081442086,0.6215874508612215,0.5266325744661116,0.8317376135667859,0.25958329773514977,0.008056053994514043,0.3983732759952545
5.109639954,0.6250843582441713,0.5304701813397104,0.8318946526113129,0.25959502800076417,0.007829274202201636,0.3983732759952545
5.136175042,0.6285808340492367,0.5343085064914238,0.8320470459881165,0.25960644054215387,0.007608636933080827,0.3983732759952545
5.167116715,0.6320768578613802,0.5381474982522895,0.8321957955954268,0.2596175069629669,0.007394691170697039,0.3983732759952545
5.196492016,0.6355724887534348,0.5419871852254574,0.8323397214186307,0.2596283093981633,0.007185849010909922,0.418998658657074
5.222574016,0.6390677155381844,0.5458275228750337,0.8324796036549406,0.2596387490580443,0.006984020342149613,0.418998658657074
5.255404563,0.6425625493365752,0.5496684927659031,0.8326155592035017,0.2596488895665938,0.006787975128598434,0.418998658657074
5.281675336,0.6460569936901739,0.5535100703646879,0.8327478909420416,0.2596587396973993,0.006597543751659241,0.418998658657074
5.31589923,0.6495510661270771,0.5573522460516619,0.8328765066629887,0.2596683237014008,0.006412257372775209,0.418998658657074
5.353257618,0.6530447769444288,0.5611950029456555,0.8330015122192607,0.2596776330928585,0.0062322800452701095,0.42871928215026855
5.382727917,0.6565381361285705,0.5650383246275846,0.8331230110340387,0.2596866757966887,0.006057458555349211,0.42871928215026855
5.415884965,0.6600311598974239,0.5688822011033826,0.833240933713266,0.25969545955875084,0.005887643157987772,0.42871928215026855
5.444077073,0.6635238451362812,0.5727266042101229,0.8333557223033855,0.259703977787229,0.005722961286286644,0.42871928215026855
5.475284793,0.6670162070178952,0.5765715256353139,0.8334672971783689,0.25971226634852185,0.005562719543144573,0.42871928215026855
5.508600678,0.6705082544758394,0.5804169507933237,0.8335757496944748,0.25972031790420513,0.005407059800248236,0.4453403055667877
5.538034148,0.6739999904075917,0.5842628601683045,0.8336813203252131,0.25972813928277216,0.005255850043492218,0.4453403055667877
5.568116393,0.677491439984251,0.5881092564863142,0.8337836418250116,0.2597357497206576,0.0051087183775629045,0.4453403055667877
5.593216977,0.6809825952111115,0.5919561093555249,0.8338832520793927,0.25974311803718675,0.0049662676146855185,0.4453403055667877
5.623648865,0.6844734692235415,0.5958034115901236,0.8339800823046366,0.2597502881129421,0.004827649414685335,0.4453403055667877
5.654513964,0.6879640697717228,0.5996511505840801,0.8340742113612164,0.2597572535995796,0.004692986512060103,0.4420164227485657
5.678940547,0.6914544043721955,0.6034993140747799,0.8341657163072587,0.25976402038176416,0.004562165138929688,0.4420164227485657
5.708873724,0.6949444803307858,0.6073478901513528,0.8342546719716616,0.25977059421163906,0.004435074090172326,0.4420164227485657
5.738213662,0.6984343094783947,0.611196871577224,0.8343410275491193,0.2597769806728212,0.004311605414702856,0.4420164227485657
5.764046558,0.7019238941902132,0.6150462420902219,0.8344249843560503,0.2597831749253987,0.004191852686489053,0.4420164227485657
5.792721641,0.7054132366951901,0.6188959867210883,0.8345067271516422,0.2597891930516294,0.004075504986528413,0.45984959602355957
5.816604989,0.7089023477565806,0.6227460996320556,0.8345861991439244,0.25979504982159285,0.003962276770062365,0.45984959602355957
5.844606513,0.7123912337278038,0.6265965705385239,0.8346634645479778,0.25980073998939646,0.0038522694488077186,0.45984959602355957
5.871562049,0.7158799007708132,0.6304473894349293,0.8347385861182386,0.25980626833550513,0.0037453906077999028,0.45984959602355957
5.901316021,0.7193683469832483,0.6342985392561902,0.8348118324795101,0.25981163953301967,0.003641549901847275,0.45984959602355957
5.933955242,0.7228565933899231,0.6381500261973839,0.8348828414484495,0.25981687537335874,0.0035403260408080756,0.4732447862625122
5.957681436,0.7263446421347712,0.642001836234455,0.8349517856492782,0.25982194533052394,0.0034423091789724325,0.4732447862625122
5.984819844,0.7298324914631289,0.6458539531016572,0.8350189204674473,0.2598268631640921,0.003347233301913446,0.4732447862625122
6.010335176,0.733320150179274,0.6497063720334246,0.8350841995024436,0.25983164957406046,0.003254698223668545,0.4732447862625122
6.036663719,0.7368076234919512,0.6535590846343367,0.8351476750645581,0.2598363002661197,0.0031647869617639915,0.4732447862625122
6.067329688,0.740294919797152,0.6574120858045019,0.8352093109158948,0.2598408191245738,0.0030774244226485885,0.45484915375709534
6.092015908,0.7437820375627415,0.6612653610737526,0.8352693339613695,0.2598452026856213,0.002992677571996532,0.45484915375709534
6.1156342,0.7472689846435128,0.6651189061998538,0.8353277027540249,0.25984946933530484,0.002910190954653547,0.45484915375709534
6.13880273,0.750755768757758,0.6689727165196495,0.8353843836824048,0.2598536152343678,0.0028300387950634907,0.45484915375709534
6.162109499,0.7542423885063898,0.6728267787596652,0.8354395848576136,0.25985763717105703,0.0027522831839383397,0.45484915375709534
6.191930086,0.7577288511007804,0.6766810890312929,0.8354932681912718,0.2598615520055525,0.002676598166142194,0.47123780846595764
6.217151077,0.7612151608134684,0.6805356404755866,0.8355454763238536,0.25986535620747264,0.002603051997761087,0.47123780846595764
6.239189713,0.764701321788722,0.6843904264182981,0.8355962509333673,0.25986905293454154,0.002531583624226727,0.47123780846595764
6.267585074,0.7681873354115206,0.6882454379221651,0.8356457019514281,0.2598726452748057,0.0024621333478413027,0.47123780846595764
6.295068488,0.7716732106911645,0.6921006739076846,0.8356937277875025,0.2598761419983553,0.002394531617239996,0.47123780846595764
6.336281511,0.7751589490003045,0.6959561254835112,0.8357404379154624,0.2598795343330407,0.0023289480258368396,0.44540590047836304
6.366378145,0.7786445540319151,0.6998117866925261,0.8357858696628386,0.2598828310009571,0.0022652139484328547,0.44540590047836304
6.394042176,0.7821300293839816,0.7036676517553478,0.8358300590582766,0.25988603476548855,0.0022032759608253123,0.44540590047836304
6.422293106,0.7856153785544261,0.7075237150563544,0.8358730410964484,0.2598891482908039,0.002143082556325247,0.44540590047836304
6.446881644,0.7891006027176191,0.7113799690725695,0.8359149082676718,0.2598921741636173,0.0020845837248784894,0.44540590047836304
6.478229328,0.7925857094681649,0.7152364129008055,0.8359555748996687,0.25989511975819113,0.002027636906692188,0.4246479868888855
6.503564533,0.7960707020832996,0.7190930409976701,0.8359950778558924,0.25989797767151934,0.0019723852157422965,0.4246479868888855
6.533003696,0.7995555796093226,0.7229498442133047,0.8360335605887385,0.2599007506439599,0.001918775677795222,0.4246479868888855
6.560610531,0.8030403470308441,0.7268068198772372,0.8360709966483695,0.2599034502884068,0.0018665837815780531,0.4246479868888855
6.589253885,0.8065250073079289,0.7306639632689788,0.8361074152434071,0.2599060741456771,0.001815857070747762,0.4246479868888855
6.622251236,0.8100095595699761,0.7345212663016983,0.8361429435348835,0.25990862436783835,0.0017665539374721855,0.41457846760749817
6.65066957,0.8134940138172793,0.7383787319447791,0.836177409197172,0.2599111112558339,0.001718475234780633,0.41457846760749817
6.677078433,0.8169783711002669,0.7422363535544961,0.8362108938130949,0.25991352026624726,0.0016719021318377107,0.41457846760749817
6.705308405,0.820462630615245,0.7460941234148417,0.8362435183853246,0.2599158578804439,0.0016267093215616337,0.41457846760749817
6.727989936,0.82394679322914,0.7499520361608639,0.8362753485427133,0.25991813389060203,0.0015827074956079484,0.41457846760749817
6.769011945,0.8274308695156071,0.7538100959610776,0.8363061873648838,0.2599203535287642,0.001539795500319,0.4035477936267853
6.793959516,0.8309148556651764,0.7576682922130769,0.8363362362419559,0.2599225002262173,0.0014982936614970645,0.4035477936267853
6.821653455,0.8343987555378398,0.7615266228492613,0.8363654747386375,0.25992459043845395,0.001457883844386282,0.4035477936267853
6.852956428,0.8378825729338788,0.7653850856012431,0.8363938860775756,0.25992662225976515,0.0014186028914475967,0.4035477936267853
6.877468344,0.8413663071900681,0.769243673974666,0.8364215719599856,0.2599285940750762,0.0013804820264076711,0.4035477936267853
6.912336017,0.8448499632774843,0.7731023873827809,0.8364484763241326,0.2599305141108399,0.001343362209083237,0.3877515196800232
6.93895758,0.848333540575455,0.7769612196945505,0.8364746951196295,0.2599323775134832,0.0013073372742090884,0.3877515196800232
6.969822754,0.8518170371452123,0.7808201641263147,0.8365003507442049,0.2599341920428322,0.0012722571993981455,0.3877515196800232
7.00173665,0.8553004651847568,0.7846792281434153,0.8365251779776008,0.25993596769012806,0.001237928825572826,0.3877515196800232
7.025925251,0.8587838217597764,0.7885384030270147,0.8365493398904661,0.25993768228157466,0.0012047808379273249,0.3877515196800232
7.063741671,0.8622671099712567,0.7923976868972016,0.836572823236808,0.25993934911917593,0.0011725560726011676,0.3745088279247284
7.092184462,0.8657503292794018,0.796257074428942,0.8365957113781265,0.2599409669166164,0.0011412793917044029,0.3745088279247284
7.11709856,0.8692334837661965,0.8001165651441665,0.8366179582470799,0.25994254241376025,0.0011108204969097343,0.3745088279247284
7.148272061,0.8727165740563346,0.8039761550545935,0.8366396129423801,0.25994407161888944,0.0010812565624114133,0.3745088279247284
7.175072749,0.8761996007315654,0.8078358404820134,0.8366607206752362,0.25994555843124045,0.0010525122008940022,0.3745088279247284
7.211613042,0.8796825675464848,0.8116956209904639,0.8366812390277277,0.25994700644614843,0.0010245179042725765,0.37890663743019104
7.240116527,0.8831654740381238,0.8155554919595284,0.8367012402692497,0.2599484119869322,0.000997344755756141,0.37890663743019104
7.264550406,0.8866483217370997,0.8194154511093157,0.8367207372608686,0.2599497808942197,0.0009708798380810811,0.37890663743019104
7.291566738,0.8901311150792812,0.8232754989536072,0.836739665139512,0.2599511140967903,0.0009451051949566641,0.37890663743019104
7.319047028,0.8936138508128433,0.8271356284126333,0.8367581676051424,0.2599524060617586,0.0009201277969515689,0.37890663743019104
7.355038384,0.8970965358516599,0.8309958428772872,0.836776106410731,0.2599536685699344,0.0008957198786789111,0.3523300588130951
7.381675977,0.900579168045633,0.834856136329417,0.8367935957549877,0.25995489001660044,0.0008721058003516387,0.3523300588130951
7.405847346,0.9040617495982988,0.8387165075992637,0.8368106238622623,0.25995607972516543,0.000849105310182582,0.3523300588130951
7.43612526,0.9075442818257453,0.8425769546158528,0.8368272033884278,0.25995723659177905,0.0008267397475093155,0.3523300588130951
7.460029199,0.9110267660053458,0.8464374753626281,0.8368433467118377,0.25995836153670515,0.0008049913238511239,0.3523300588130951
7.497704816,0.9145092041878041,0.8502980686231153,0.8368590447133488,0.25995945546060106,0.000783842629827837,0.3578336536884308
7.529451649,0.9179915960245723,0.8541587309065811,0.8368743519927765,0.2599605174775532,0.000763310782680103,0.3578336536884308
7.558560476,0.921473943435634,0.8580194612002138,0.8368892582039625,0.25996155199777826,0.0007433105300452611,0.3578336536884308
7.591762903,0.9249562475670303,0.8618802577046137,0.8369037743165331,0.2599625580505971,0.0007238606351566329,0.3578336536884308
7.619873272,0.9284385095311796,0.8657411186674975,0.8369179110607627,0.2599635364315178,0.0007049457157388185,0.3578336536884308
7.654312143,0.9319207314801069,0.8696020414200835,0.8369309399033079,0.25996448791923976,0.0006372865786769744,0.34067171812057495
7.687366403,0.9354029156372796,0.8734630206003867,0.836943422033385,0.25996535197214676,0.0006217806047040958,0.34067171812057495
7.714852906,0.9388850644853869,0.8773240561634735,0.8369555771568798,0.25996617459941307,0.0006070180438052524,0.34067171812057495
7.748533761,0.9423671776786868,0.8811851454396422,0.8369674449930664,0.25996697386960754,0.0005926746359655536,0.34067171812057495
7.774682932,0.9458492554676726,0.8850462866057845,0.8369790468141315,0.2599677529876332,0.0005786928742628174,0.34067171812057495
7.812383118,0.9493312990482633,0.8889074801811832,0.8369909291466772,0.25996851364158413,0.0006087219233514187,0.36013510823249817
7.841039681,0.9528133063036879,0.8927687266245916,0.8370028295648329,0.259969301074936,0.000593498569453773,0.36013510823249817
7.864844034,0.9562952788102593,0.8966300257388469,0.8370144236647903,0.25997009382779934,0.0005781723755586723,0.36013510823249817
7.892428761,0.9597772174846245,0.900491376187495,0.8370257187532432,0.25997086499276456,0.000563263535697212,0.36013510823249817
7.918276539,0.9632591231819486,0.9043527766296385,0.8370367229977687,0.2599716150858966,0.0005487620775908719,0.36013510823249817
7.945929343,0.9667409963492654,0.9082142251257076,0.8370473277657487,0.2599723446962465,0.0005237665496824682,0.34735211730003357
7.975792384,0.9702228393054595,0.9120757207769042,0.8370575644512208,0.25997304473405203,0.0005105084622167987,0.34735211730003357
8.004260153,0.9737046522767693,0.9159372616584559,0.8370675452299918,0.2599737176234296,0.0004977645442556244,0.34735211730003357
8.033983302,0.9771864355031998,0.9197988461631877,0.8370772896543415,0.2599743725603898,0.0004853606274923777,0.34735211730003357
8.066602941,0.9806681910947244,0.9236604745655642,0.8370867670949147,0.259975011094693,0.00047326736289127495,0.34735211730003357
8.091717887,0.984149917306708,0.9275221436631336,0.8370961790600031,0.25997563060712325,0.0004711304943539509,0.35485243797302246
8.119568792,0.987631617073649,0.9313838557279959,0.8371053749795692,0.2599762477461631,0.00045919942227319935,0.35485243797302246
8.144210412,0.9911132894103148,0.9352456079515595,0.8371143493743965,0.25997685004102156,0.00044755532984658037,0.35485243797302246
8.172898785,0.9945949354111971,0.9391073997651814,0.8371230962326184,0.2599774369756336,0.0004362081955420104,0.35485243797302246
8.20093681,0.9980765557302266,0.942969230151402,0.8371316216906762,0.2599780079830083,0.00042516897907887794,0.35485243797302246
8.225065671,1.0015581510023903,0.9468310981190035,0.8371399317540357,0.259978563502572,0.0004144291865934211,0.3516461253166199
8.253969577,1.0050397218456095,0.9506930027038022,0.8371480322614439,0.25997910396459156,0.00040398049961390566,0.3516461253166199
8.276981698,1.0085212688612166,0.954554942967898,0.8371559288895567,0.25997962978723255,0.00039381483734142914,0.3516461253166199
8.303946756,1.012002792634402,0.958416917998938,0.837163627157528,0.25998014137624814,0.0003839243475205603,0.3516461253166199
8.335149663,1.0154842937346664,0.9622789269094072,0.8371711324315393,0.25998063912648917,0.00037430140442778516,0.3516461253166199
8.356485167,1.0189657716539493,0.9661409678374742,0.8371784780175106,0.2599811234211491,0.00036493859417169067,0.3578818738460541
8.385584959,1.022447228283104,0.9700030414186487,0.8371856303080507,0.25998159697127043,0.00035578350795875034,0.3578818738460541
8.40961792,1.025928664506712,0.9738651470911636,0.8371925859143351,0.25998205693580356,0.0003468910685606762,0.3578818738460541
8.436926641,1.029410080522209,0.9777272836265988,0.8371993599040466,0.2599825029668712,0.00033826800400636465,0.3578818738460541
8.462012302,1.0328914765112025,0.9815894498993278,0.8372059661088507,0.25998293624932556,0.00032989140873141765,0.3578818738460541
8.490126921,1.036372852955198,0.9854516451583653,0.8372124090641272,0.25998335787333904,0.0003217402018055698,0.35880047082901
8.517367605,1.0398542100209367,0.9893138683950936,0.837218701091139,0.2599837681618311,0.000313808143079116,0.35880047082901
8.540919526,1.0433355484545983,0.9931761192226275,0.8372248380831224,0.2599841680877568,0.0003060764259155909,0.35880047082901
8.566008974,1.0468168689907702,0.9970383972140302,0.8372308166587322,0.2599845572610393,0.00029855258722066657,0.35880047082901
8.593581689,1.0502981715099893,1.000900701131256,0.8372366561393016,0.25998493534803435,0.0002912430760361854,0.35880047082901
8.620614233,1.0537794566996943,1.0047630306175537,0.8372423527464623,0.25998530390382024,0.0002841178320873206,0.35954299569129944
8.646592274,1.0572607249722412,1.0086253850356781,0.8372479102906538,0.25998566256880684,0.00027718380552494126,0.35954299569129944
8.672087731,1.0607419767281576,1.0124877637646212,0.8372533325025129,0.25998601161240087,0.0002704357901380527,0.35954299569129944
8.696878181,1.0642232123573088,1.0163501662001122,0.8372586230104943,0.25998635129805825,0.00026386868741116207,0.35954299569129944
8.723225004,1.0677044322391895,1.0202125917541598,0.8372637853437226,0.25998668188205176,0.0002574775460590495,0.35954299569129944
8.749457773,1.07118563650679,1.0240750396345666,0.8372688291547772,0.2599870036136154,0.0002512575525105703,0.36697712540626526
8.773794504,1.0746668259750694,1.0279375097529462,0.8372737451620482,0.2599873172524747,0.0002451940078770833,0.36697712540626526
8.79820831,1.0781480007764375,1.0318000013190993,0.8372785429972732,0.25998762198662373,0.00023930262154360084,0.36697712540626526
8.824503125,1.0816291614699391,1.0356625140068398,0.8372832201066408,0.2599879185718468,0.00023356877485153571,0.36697712540626526
8.851073696,1.0851103079652533,1.0395250468733155,0.8372877911972466,0.2599882067536363,0.00022799739069225087,0.36697712540626526
8.874907697,1.0885914407869783,1.0433875996472284,0.8372922533731946,0.2599884877139469,0.00022256561912855022,0.37289106845855713
8.903113528,1.0920725602501038,1.0472501718434069,0.8372966095232205,0.2599887611755558,0.0002172788204874051,0.37289106845855713
8.931249209,1.0955536666606132,1.0511127629889507,0.8373008624764715,0.2599890273404015,0.00021213308825375056,0.37289106845855713
8.9540684,1.0990347601254806,1.054975372445857,0.8373050199994068,0.2599892863281328,0.00020712514444575178,0.37289106845855713
8.982472212,1.1025158413023768,1.058838000144552,0.8373090745966687,0.25998953898329624,0.00020224155791793676,0.37289106845855713
9.006830283,1.1059969102978395,1.062700645448471,0.8373130340200057,0.2599897844139831,0.0001974966780127711,0.378986656665802
9.034639071,1.1094779675624917,1.0665633080952768,0.8373168962030502,0.25999002330481247,0.00019287822891303534,0.378986656665802
9.062658464,1.1129590130244098,1.0704259873264084,0.8373206729887899,0.2599902554483946,0.00018839022614454323,0.378986656665802
9.088950094,1.1164400471054945,1.074288682922492,0.837324362026676,0.25999048179472517,0.00018401430097064297,0.378986656665802
9.121858204,1.1199210694176518,1.0781513938862592,0.837327982680091,0.2599907021174852,0.00017975482813425633,0.378986656665802
9.14980996,1.1234020816045212,1.0820141212758512,0.8373314984784924,0.25999091799782104,0.00017558123983003096,0.38896897435188293
9.179764865,1.1268830830080454,1.0858768637228955,0.8373349375894557,0.2599911263758803,0.0001715526926864592,0.38896897435188293
9.210300286,1.1303640740068817,1.0897396210304398,0.8373382979396276,0.2599913295521339,0.00016762470938972313,0.38896897435188293
9.234930737,1.1338450545392256,1.0936023925767184,0.837341589257357,0.25999152732553155,0.0001638011795887817,0.38896897435188293
9.26794176,1.137326025385416,1.0974651785976812,0.8373447980702474,0.25999172054025355,0.00016006744671499338,0.38896897435188293
9.295347885,1.1408069864938977,1.1013279784541379,0.837347934207479,0.25999190792069804,0.00015644481482637252,0.39791885018348694
9.323299521,1.144287938073316,1.1051907918208344,0.8373509996229265,0.2599920902542907,0.00015291814829497652,0.39791885018348694
9.352867381,1.1477688803284318,1.1090536183830326,0.8373539962021327,0.25999226779799267,0.00014948571648813375,0.39791885018348694
9.377548727,1.151249813458146,1.1129164578339263,0.8373569257763798,0.2599924406184728,0.00014614460009954538,0.39791885018348694
9.411651904,1.1547307377802876,1.116779309989353,0.837359786876363,0.2599926088403426,0.00014289238789501034,0.39791885018348694
9.440304021,1.1582116533646674,1.1206421744260482,0.8373625846766581,0.25999277231272266,0.00013973199446141245,0.39887404441833496
9.467686982,1.1616925601595796,1.1245050506445686,0.8373653270186582,0.25999293143785795,0.0001366556473865374,0.39887404441833496
9.49421821,1.1651734586799052,1.1283679387267946,0.8373680060554458,0.2599930868437017,0.0001336512062462178,0.39887404441833496
9.519274939,1.1686543491043555,1.1322308383856439,0.8373706236098862,0.2599932378536396,0.00013073174861664166,0.39887404441833496
9.546209,1.1721352313864046,1.1360937491403535,0.8373731871814976,0.25999338459089527,0.00012789489459742853,0.39887404441833496
9.573225206,1.1756161057932446,1.1399566708528497,0.8373756952947715,0.2599935276536236,0.00012512908200879334,0.39798539876937866
9.597824558,1.179096972485282,1.143819603276072,0.8373781494214109,0.25999366689540837,0.00012243713692924787,0.39798539876937866
9.625318267,1.1825778317183393,1.1476825462613809,0.8373805483848284,0.2599938024140047,0.00011981717197965022,0.39798539876937866
9.649576161,1.1860586834511304,1.151545499377871,0.8373828989075099,0.25999393408598914,0.00011727157371398235,0.39798539876937866
9.674556076,1.1895395279232284,1.1554084625014522,0.8373851996706918,0.2599940624463004,0.00011479000127515373,0.39798539876937866
9.703942457,1.1930203652783378,1.1592714354102303,0.8373874520009617,0.2599941873623446,0.00011237501436551767,0.4107576608657837
9.725496062,1.1965011953893565,1.163134417637193,0.8373896642500575,0.2599943089209966,0.00011002493418859958,0.4107576608657837
9.756857931,1.199982018905332,1.166997409505171,0.8373918233812252,0.25999442779603976,0.000107726738331209,0.4107576608657837
9.781630189,1.20346283571292,1.1708604105263334,0.8373939378672645,0.2599945428813144,0.00010550180852828834,0.4107576608657837
9.811704139,1.206943645939566,1.1747234205001993,0.8373960089377919,0.25999465485424533,0.00010333705010544137,0.4107576608657837
9.847939608,1.2104244495502923,1.1785864390831016,0.8373980419808975,0.25999476379392483,0.00010123093103226152,0.4176163375377655
9.87834067,1.2139052469738698,1.1824494664039193,0.8374000295962735,0.25999487012762224,9.917519473098116e-05,0.4176163375377655
9.909068983,1.2173860381811825,1.1863125021099712,0.8374019772257113,0.25999497321764764,9.718216893238392e-05,0.4176163375377655
9.937384562,1.2208668233601188,1.1901755460896062,0.8374038840378507,0.25999507346666784,9.524376324400226e-05,0.4176163375377655
9.971123009,1.2243476025514917,1.1940385980897226,0.8374057531453892,0.25999517085550927,9.336126003145523e-05,0.4176163375377655
10.00372032,1.2278283758628004,1.197901657940802,0.83740758558851,0.25999526554588703,9.153062380812514e-05,0.4150220453739166
10.030383437,1.2313091433987229,1.201764725478144,0.8374093823777087,0.25999535762597503,8.975045097358595e-05,0.4150220453739166
10.065204409,1.234789905194788,1.2056278004805001,0.8374111462305751,0.2599954471572463,8.80195532410478e-05,0.4150220453739166
10.092696076,1.2382706614127734,1.2094908828623596,0.8374128762813613,0.25999553434408185,8.633398185281353e-05,0.4150220453739166
10.125343121,1.241751412148917,1.2133539724715943,0.837414573469312,0.2599956190923458,8.469555455731267e-05,0.4150220453739166
10.159196302,1.2452321574963852,1.2172170691599242,0.8374162387181384,0.25999570145709416,8.31032060820138e-05,0.43741023540496826
10.183993777,1.2487128975458068,1.221080172783355,0.8374178729336427,0.25999578153301783,8.155618743255444e-05,0.43741023540496826
10.220856932,1.252123246889217,1.2248522916109836,0.8306447971172658,0.249361766278966,-0.5922539049288615,0.43741023540496826
10.250331018,1.2541302962464584,1.227006137447101,0.8024243812295146,0.10916134081525586,-1.676193595145925,0.43741023540496826
10.277443125,1.2554090947999554,1.2282818210565205,0.7660243812518837,0.09058073608597672,-1.8199999977486034,0.43741023540496826
10.308710858,1.2567748735190356,1.2295485153703922,0.7296243812644044,0.09341869668120228,-1.8199999995915732,0.42601701617240906
10.334016895,1.258226610262763,1.2307997563231272,0.6932243812727615,0.09624844771922714,-1.8199999996016314,0.42601701617240906
10.364059556,1.2597670025114942,1.2320326236055748,0.6568243812719771,0.09907031232142538,-1.8200000000521421,0.42601701617240906
10.38903832,1.2613964488323544,1.2332421796737674,0.6204243812710618,0.10188410652496316,-1.8200000000545404,0.42601701617240906
10.420435095,1.263117391971552,1.23442506240084,0.5840243812701212,0.10468994257528674,-1.8200000000554688,0.42601701617240906
10.452833303,1.2649251532800865,1.2355730103345866,0.5476243812691508,0.10748766429721224,-1.8200000000570935,0.42243248224258423
10.478968301,1.266824071083797,1.2366840502983498,0.5112243812681588,0.1102779957831368,-1.8200000000579444,0.42243248224258423
10.510461336,1.2688087718524035,1.2377502472591453,0.4748243812671249,0.11306052494357566,-1.82000000006042,0.42243248224258423
10.540084001,1.2708808039046384,1.238767997679654,0.4384243812660678,0.11583601682247924,-1.820000000061194,0.42243248224258423
10.56996005,1.2730390746004516,1.2397322673086064,0.40202438126496864,0.11860437977249116,-1.8200000000636698,0.42243248224258423
10.602347669,1.2752822404565545,1.2406380456399344,0.365624381263847,0.12136582914179517,-1.8200000000644434,0.4210442006587982
10.624766453,1.2776087091528947,1.241480357905419,0.32922438126270676,0.12412059575817036,-1.820000000065217,0.4210442006587982
10.653863083,1.2800166410093365,1.2422542764107387,0.2928243812615361,0.12686892533805283,-1.8200000000668417,0.4210442006587982
10.679514296,1.282503950943074,1.2429549317625073,0.2564243812603322,0.1296110780447557,-1.8200000000685441,0.4210442006587982
10.706531255,1.2850683108985912,1.243577523968091,0.2200243812590983,0.1323473280753662,-1.8200000000701688,0.4210442006587982
10.735959188,1.287707152741071,1.244117333390373,0.18362438125784353,0.13507796328028343,-1.8200000000710197,0.4262135326862335
10.760195514,1.2904176716036255,1.2445697315401756,0.1472243812565717,0.1378032848149746,-1.8200000000717935,0.4262135326862335
10.786195231,1.2931968296782854,1.2449301916896287,0.11082438125526888,0.14052360682831333,-1.8200000000734953,0.4262135326862335
10.813430259,1.296041360440205,1.2451942992903176,0.07442438125394835,0.14323925618583422,-1.820000000074269,0.4262135326862335
10.836227513,1.2989423629602304,1.245357397306995,0.03802438125259221,0.14595057223272256,-1.8200000000766674,0.4262135326862335
10.867575097,1.3019069574193105,1.2454160558410856,0.0016243812510395026,0.14865847677044686,-1.820000000089588,0.4245302081108093
10.891442914,1.3049285071806924,1.2453658844796622,-0.03477561875059058,0.15136219318586663,-1.8200000000863383,0.4245302081108093
10.923005692,1.3079947692513718,1.245203142576445,-0.07117561875204882,0.15406238649815496,-1.8200000000800718,0.4245302081108093
10.953660239,1.3111095186053912,1.244923896018499,-0.10757561875351643,0.15676028398010633,-1.8200000000816192,0.4245302081108093
10.979288541,1.314265527806545,1.2445247198945393,-0.14397561875502501,0.15945544889334196,-1.8200000000840173,0.4245302081108093
11.012115815,1.3174607440068034,1.2440018591891902,-0.1803756187565599,0.16214857026329854,-1.8200000000847907,0.4484682083129883
11.036484259,1.320684939870789,1.2433529403334365,-0.21677561875814036,0.16483980236852158,-1.8200000000873438,0.4484682083129883
11.063722333,1.3239359230398917,1.242575439993835,-0.2525943795209698,0.16753011855523692,-1.7877089241764441,0.4484682083129883
11.093997881,1.3272085127134057,1.2416694048132482,-0.28742936151790915,0.17017155057845734,-1.7366424414938422,0.4484682083129883
11.118515163,1.3304947335381898,1.2406367155012235,-0.3213209689683462,0.17273116942460032,-1.687157642970961,0.4484682083129883
11.148770524,1.3337942333123116,1.2394776045638696,-0.3542004787568405,0.17521296139982878,-1.6391774618357107,0.4597662687301636
11.176932898,1.3370994708193775,1.23819470429352,-0.3861494883857665,0.1776111207453024,-1.592814140118628,0.4597662687301636
11.20525969,1.340405697614846,1.236790078519428,-0.4171977786246316,0.17993299366669824,-1.5479256545184252,0.4597662687301636
11.236404936,1.3437106045671166,1.2352651739493468,-0.4473304095061948,0.1821813652759352,-1.504458160808309,0.4597662687301636
11.263107748,1.3470058567259569,1.2336241063038618,-0.4766631378638555,0.18435508034971848,-1.4624339927810113,0.4597662687301636
11.29734452,1.350289711384025,1.2318684217119276,-0.5051777931878431,0.18646439640115364,-1.4216548431867009,0.4748568832874298
11.32600222,1.3535586313228494,1.2300007070444459,-0.5328997859113627,0.1885078476925428,-1.3821490489502097,0.4748568832874298
11.354344862,1.356809317961965,1.2280236423559365,-0.5598537762473853,0.19048775294073783,-1.3438717826075346,0.4748568832874298
11.382071911,1.3600387146034167,1.2259399775971156,-0.5860635558997395,0.19240635028514586,-1.3067797744797027,0.4748568832874298
11.408328188,1.3632440497733134,1.2237524815946093,-0.6115520826086234,0.19426578754739854,-1.2708315009965332,0.4748568832874298
11.449029888,1.3664243346249898,1.2214630124155386,-0.6363066711394472,0.19606812118790895,-1.235987204852797,0.4984497129917145
11.47686553,1.3695756789272302,1.2190754458411441,-0.6603857398229953,0.19781228808605222,-1.202267439237454,0.4984497129917145
11.503164888,1.3726931745098891,1.2165944842237815,-0.6838752907555912,0.1995033968351989,-1.169573440338355,0.4984497129917145
11.532123562,1.3757804656072652,1.214018854673431,-0.7066623074700916,0.2011489498071839,-1.1377601657110106,0.4984497129917145
11.55664966,1.378831846961164,1.2113544405231924,-0.7288641341680159,0.20273915030983858,-1.1070170136154078,0.4984497129917145
11.595079409,1.3818483030136242,1.208601971826507,-0.750436948270445,0.20428417660304232,-1.0771472089914986,0.5140095353126526
11.627753366,1.3848272433716189,1.2057652303705029,-0.7714303563685051,0.20578022690067588,-1.048224251306964,0.5140095353126526
11.663413141,1.3877652394792201,1.2028487694506558,-0.7919178405678887,0.2072315824039772,-1.0201653726258997,0.5140095353126526
11.702805512,1.390664513473924,1.1998521641083848,-0.8118294317483499,0.2086445937959147,-0.9928477959618194,0.5140095353126526
11.734492504,1.3935230994627292,1.196779043040788,-0.8312101268860128,0.210013191803049,-0.966388857846232,0.5140095353126526
11.767046268,1.3963411686175522,1.1936310263713337,-0.8500500826189973,0.21134123087214185,-0.9407140407224744,0.539779543876648
11.793995874,1.3991170913724866,1.1904116154819244,-0.8683917666413764,0.2126278225900058,-0.9158405201797215,0.539779543876648
11.818085537,1.401849429176946,1.1871241184953127,-0.8862740165689731,0.21387658928334607,-0.8916982662155795,0.539779543876648
11.845296533,1.4045385908707986,1.1837698909275807,-0.9036854316853709,0.21509084289143,-0.8682232495138592,0.539779543876648
11.868224262,1.4071842211396106,1.180351225891206,-0.9206397130903036,0.2162695593827313,-0.8454352675498733,0.539779543876648
11.900151223,1.4097868123564126,1.1768695016868236,-0.9371280851231969,0.21741386965911103,-0.8233124567348652,0.5265768766403198
11.927917808,1.4123447096038204,1.1733286925635216,-0.9532083793234968,0.2185229619345752,-0.801870511229944,0.5265768766403198
11.954562252,1.4148578132627792,1.1697308070306647,-0.968891234071944,0.21960175679750504,-0.7810143019046746,0.5265768766403198
11.983494619,1.4173274044889157,1.1660761448205317,-0.9841463501298079,0.22065112077301885,-0.7607270763288744,0.5265768766403198
12.011376881,1.4197522540302456,1.1623684107736625,-0.9990265561022408,0.22166839311139608,-0.741060274456892,0.5265768766403198
12.048550561,1.4221342298847248,1.1586070711013519,-1.013484236722304,0.22265804876190343,-0.7219273826334087,0.49935486912727356
12.077845877,1.4244723191832376,1.1547957620622307,-1.0275709283762637,0.2236159372228652,-0.7034086420095077,0.49935486912727356
12.10447898,1.4267661632716415,1.1509370462221586,-1.0413153050971413,0.22454640796636394,-0.6854199647670252,0.49935486912727356
12.131165043,1.4290165090019256,1.1470318278438603,-1.0547086146529145,0.22545185978241067,-0.6679149753942453,0.49935486912727356
12.15556095,1.4312241267629948,1.1430810623665542,-1.0677438070801624,0.22633148254072033,-0.650909336035997,0.49935486912727356
12.193740352,1.4333888618820738,1.1390871882288522,-1.0804486216214169,0.2271846031236313,-0.6344160600037313,0.493623286485672
12.223401733,1.4355106075962905,1.1350524788832907,-1.0928484845143478,0.22801352601529157,-0.6183905949793606,0.493623286485672
12.250093276,1.4375901547335288,1.130977682371812,-1.1049355232351827,0.22882036467948286,-0.6027920816257553,0.493623286485672
12.280037988,1.4396279056489292,1.1268642654250272,-1.1167185326675448,0.22960438389699744,-0.5876347338467603,0.493623286485672
12.307813489,1.4416242854547074,1.1227136457334452,-1.128206097640455,0.2303662689789765,-0.5729053026134009,0.493623286485672
12.340019082,1.4435801126892622,1.1185265472277872,-1.1393922299681576,0.23110668691520564,-0.5585908930815993,0.47673511505126953
12.36699678,1.4454944610300244,1.1143068834683838,-1.150341837579985,0.23182505611666349,-0.5447027490403763,0.47673511505126953
12.391246243,1.4473694291765191,1.1100526228237693,-1.1609916717034043,0.23252685687713548,-0.5311349206524426,0.47673511505126953
12.419507103,1.4492049197874508,1.1057663385620864,-1.171377813343944,0.23320663388147755,-0.5179928748515519,0.47673511505126953
12.444145063,1.451001747249556,1.1014486277651037,-1.1814949591556374,0.23386738920055938,-0.5052185729676673,0.47673511505126953
12.479942447,1.4527601561396417,1.097101270011558,-1.191363797488695,0.23450860169842436,-0.4928220900593459,0.47319382429122925
12.507070938,1.4544806730932016,1.09272535810205,-1.2009912623573795,0.2351319656946793,-0.4807706700539372,0.47319382429122925
12.530805537,1.4561635660059533,1.0883224904308872,-1.2103957781914159,0.2357380075967197,-0.46905413598067636,0.47319382429122925
12.558046749,1.4578096085784127,1.083893083670666,-1.2195714662885633,0.23632823606346554,-0.4576433211177964,0.47319382429122925
12.585274375,1.459419347207927,1.079438113629068,-1.228524635909849,0.2369020910910291,-0.446549051957149,0.47319382429122925
12.613902182,1.4609933306929632,1.0749585216250963,-1.2372614530214487,0.2374600466787058,-0.4357621647267861,0.4528057873249054
12.643098302,1.4625321098579083,1.0704552137405559,-1.2457879044217193,0.23800256502187755,-0.4252737238548744,0.4528057873249054
12.670409284,1.4640362365058006,1.0659290620585096,-1.2541098033506695,0.23853009350837118,-0.41507508005315963,0.4528057873249054
12.700465876,1.465506262456255,1.0613809058783839,-1.2622327950383838,0.23904306522700702,-0.4051578604685533,0.4528057873249054
12.727455068,1.466942177103208,1.0568129451491688,-1.2701912937644582,0.2395418994662668,-0.395513959042529,0.4528057873249054
12.75558813,1.4683453530231525,1.0522235444074826,-1.2779413293879012,0.24002946752887944,-0.38608786524047384,0.4436149597167969
12.783571062,1.4697162230077065,1.0476139894311711,-1.2854986550124103,0.24050198359257813,-0.3769527698855927,0.4436149597167969
12.809696537,1.471055187840851,1.0429854850691793,-1.29287807566985,0.24096071501850114,-0.3680841712576044,0.4436149597167969
12.835700745,1.4723627871642662,1.0383387252944347,-1.3000845054437786,0.2414068568084904,-0.3594589665192505,0.4436149597167969
12.861599987,1.4736397088892772,1.0336739680174891,-1.3071142982347963,0.24184076877084015,-0.35107019954550167,0.4436149597167969
12.883936942,1.4748862156127143,1.0289926935425358,-1.313989088683938,0.24226208206972188,-0.34292500099308887,0.4335160255432129
12.908336728,1.4761029485673127,1.0242950882223627,-1.320704740362832,0.24267257556885857,-0.3349889803088889,0.4335160255432129
12.940832265,1.4772904285991768,1.0195817441570825,-1.3272655769810375,0.24307184652238023,-0.32726992372750907,0.4335160255432129
12.98253288,1.4784492965615004,1.0148528636019634,-1.3336683211479958,0.24346020686207837,-0.3197618007144571,0.4335160255432129
13.017046524,1.4795798406202403,1.0101097535783057,-1.3399323242158963,0.243837321996887,-0.3124710798706879,0.4335160255432129
13.044649605,1.4806826551716663,1.0053525551279106,-1.3460538741289187,0.2442047781031076,-0.30536709584564836,0.4297531545162201
13.075536892,1.4817582355551917,1.000581776040129,-1.3520368323660348,0.24456221096917918,-0.29845688989603747,0.4297531545162201
13.104514465,1.4828069664780903,0.9957982395952306,-1.3578917005840074,0.24490989544770914,-0.29173514833740327,0.4297531545162201
13.135677238,1.4838295058375093,0.9910017339868995,-1.3636085122650792,0.24524867156567876,-0.2851856310294254,0.4297531545162201
13.166423461,1.4848263504407488,0.9861927466930176,-1.3691913848120394,0.2455776451016134,-0.27882562583198167,0.4297531545162201
13.194034046,1.485797802777724,0.981372363771204,-1.3746567268051957,0.24589710822527922,-0.27264948428335034,0.4235795736312866
13.228199448,1.4867443877809339,0.9765406747612572,-1.3800013897304464,0.24620839942126604,-0.2666313296062329,0.4235795736312866
13.256029664,1.4876665564839595,0.9716980836924842,-1.3852286423359623,0.24651120543365268,-0.26077721795450437,0.4235795736312866
13.283209863,1.4885648317461044,0.9668446959112216,-1.3903359918870135,0.24680575365341184,-0.25508275318958173,0.4235795736312866
13.312204769,1.489439514999808,0.9619814702054553,-1.3953381114536092,0.24709178199839865,-0.24955300213206355,0.4235795736312866
13.339559815,1.4902910867083428,0.9571084706964482,-1.4002321858352351,0.24737048305351061,-0.2441649086711545,0.4166858494281769
13.369295678,1.491119966567781,0.9522260450036035,-1.4050211468119864,0.24764157339817183,-0.238923952150353,0.4166858494281769
13.395800262,1.491926566201843,0.9473345289907772,-1.4097078674290573,0.24790525330553592,-0.233826260702063,0.4166858494281769
13.42166514,1.4927112893336902,0.9424342462826727,-1.4142951449283265,0.24816171835415624,-0.22886805323795004,0.4166858494281769
13.45130867,1.493474592487566,0.9375252657501666,-1.4187808806878923,0.2484111579627024,-0.22404566775158236,0.4166858494281769
13.478110441,1.4942167645302982,0.9326083848231576,-1.4231775147283583,0.24865334565979946,-0.21936348258161162,0.4070909917354584
13.507394317,1.4949382231654278,0.9276836399183443,-1.4274826790418913,0.24888928614972272,-0.21480207390845854,0.4070909917354584
13.535051669,1.4956393937621093,0.9227510853539872,-1.4316944382028078,0.24911873529780415,-0.2103661615521669,0.4070909917354584
13.561729638,1.496320458016216,0.9178118849879441,-1.4358328603783708,0.24934148108120002,-0.20605984452175125,0.4070909917354584
13.590266787,1.4969820077470708,0.9128649608853556,-1.439874092385877,0.24955917649913673,-0.20185116559799457,0.4070909917354584
13.618008287,1.4976243051409788,0.9079112459965234,-1.4438337625555777,0.2497697617460437,-0.1977799467378561,0.4045085906982422
13.643669804,1.4982476465406505,0.9029511834060606,-1.4477181130189782,0.24997450360091378,-0.19382169746030278,0.4045085906982422
13.66827844,1.4988523922728154,0.8979847912176399,-1.4515251637773703,0.25017388532690976,-0.1899670749026529,0.4045085906982422
13.696933581,1.4994388689282718,0.8930122941020566,-1.455257060910585,0.250367695581466,-0.18622016492284582,0.4045085906982422
13.727511471,1.500007395595679,0.8880339096939499,-1.4589159117513872,0.25055606919193174,-0.18257836092085072,0.4045085906982422
13.753383173,1.5005582840196687,0.8830498481953933,-1.4625037727164538,0.25073913749125154,-0.17903912384709314,0.4056054651737213
13.785021718,1.5010918386745162,0.8780603126831591,-1.4660226510327148,0.2509170272400718,-0.175600003054532,0.4056054651737213
13.814583897,1.5016083568390501,0.8730654994071333,-1.4694745064761856,0.2510898607109402,-0.1722586346757998,0.4056054651737213
13.841590904,1.5021080975604648,0.8680657637028201,-1.4728644989737845,0.2512577557677309,-0.16901274004413294,0.4056054651737213
13.86975724,1.502591421177863,0.863060790122207,-1.4761847527642518,0.2514211017836221,-0.16585479147126397,0.4056054651737213
13.897081822,1.5030585428835936,0.8580512564462383,-1.4794468374625787,0.2515791835051795,-0.16279861685057215,0.3956631124019623
13.924872435,1.503509746741442,0.8530371679028341,-1.4826493084914856,0.2517329265520507,-0.15982632130360194,0.3956631124019623
13.952700569,1.5039453217447745,0.8480185426722733,-1.485791017485056,0.25188216085896276,-0.1569411926776223,0.3956631124019623
13.976026416,1.5043654600401017,0.8429959853724648,-1.4888823251635768,0.25202673683910604,-0.1541461229086463,0.3956631124019623
14.004446617,1.5047704823812706,0.8379690685322065,-1.4919135494145825,0.2521674794049966,-0.151425164070922,0.3956631124019623
14.031362874,1.5051605856671721,0.8329383746407644,-1.4948947122007958,0.2523035185454381,-0.14879513598215222,0.39440011978149414
14.058744643,1.5055360162961426,0.8279039067064469,-1.4978246360418415,0.2524356449016718,-0.14624075327710637,0.39440011978149414
14.089734494,1.505897003795983,0.8228658065492676,-1.5007048870054096,0.2525637057110286,-0.1437649692909218,0.39440011978149414
14.114156082,1.506243771275403,0.8178242123306192,-1.5035370106826182,0.25268777678939536,-0.14136631828627222,0.39440011978149414
14.147107674,1.5065765355221463,0.8127792582787025,-1.5063225244839593,0.2528079306935327,-0.13904339753265135,0.39440011978149414
14.174436363,1.5068955070636203,0.8077310748856662,-1.5090629191785865,0.2529242359186501,-0.13679488281545366,0.38553741574287415
14.204481787,1.5072008577512017,0.8026800125954128,-1.5117640111862067,0.25303675685830473,-0.13461952923533477,0.38553741574287415
14.23095783,1.5074928293920837,0.7976257401118307,-1.514418412459185,0.2531459241427836,-0.1325090114537346,0.38553741574287415
14.256318275,1.507771603624568,0.7925686087121868,-1.517032010296299,0.2532510484585915,-0.13047665589865126,0.38553741574287415
14.280380971,1.5080373664177795,0.7875087366190979,-1.519606219844372,0.2533525553832128,-0.12851423491753416,0.38553741574287415
14.306719216,1.50829029776578,0.7824462384920098,-1.5221424229037017,0.2534504934564419,-0.12662081011181797,0.3867523670196533
14.330254946,1.508530535150325,0.7773815082022636,-1.5246474602859141,0.2535449054295702,-0.12479555496293568,0.3867523670196533
14.362331762,1.5087614375382898,0.7722795032816995,-1.5264184663502476,0.2556280154068835,-0.0845230441847752,0.3867523670196533
14.384895222,1.5089841350357864,0.7671694658587005,-1.528063920092653,0.2557573493479959,-0.08202264689749147,0.3867523670196533
14.412514124,1.5091986445925945,0.7620566692981927,-1.52966284490132,0.25587668589031054,-0.0797155280974993,0.3867523670196533
14.437569598,1.5094051878973482,0.7569412181984315,-1.5312168284326226,0.25599257091806216,-0.07747513701431638,0.390933632850647
14.461648094,1.509603967037326,0.7518233126587398,-1.5327293389353516,0.25610512604268276,-0.0752991225347555,0.390933632850647
14.4856682,1.5097952099800718,0.7467028096008607,-1.5341972150158503,0.25621462971017195,-0.0731821015039579,0.390933632850647
14.507224916,1.509979118632592,0.7415799062335009,-1.5356239072983886,0.25632080967037396,-0.07112933730112567,0.390933632850647
14.528036277,1.5101558923348686,0.7364546816935832,-1.5370106046282341,0.256423942629036,-0.06913548040922353,0.390933632850647
14.555370967,1.5103257250828135,0.731327211910253,-1.5383584540085273,0.2565241180797928,-0.06719880065684455,0.3836362361907959
14.578705861,1.5104888056512864,0.7261975700968059,-1.5396685689685135,0.2566214222701868,-0.06531763062424416,0.3836362361907959
14.609420958,1.5106453177262507,0.7210658268591624,-1.5409420305789683,0.25671593889111666,-0.06349035233242337,0.3836362361907959
14.633515694,1.5107954400342576,0.7159320502984254,-1.5421798884134132,0.256807749155441,-0.06171539570939646,0.3836362361907959
14.662827915,1.5109393464692258,0.7107963061090431,-1.5433831614802622,0.2568969318718084,-0.059991237145740575,0.3836362361907959
14.692300668,1.5110772165429434,0.7056585712866031,-1.5445511642879703,0.2569835635183537,-0.05831639810244551,0.38156479597091675
14.717896936,1.511209193135087,0.7005191662878838,-1.5456898798388017,0.25706757893853016,-0.056692138241494994,0.38156479597091675
14.74885563,1.5113354583877414,0.695377809311569,-1.546793642931977,0.25714946746819844,-0.05510899729880316,0.38156479597091675
14.77485336,1.5114561558656487,0.6902348091883802,-1.5478682327836675,0.25722875123350697,-0.05357621394645058,0.38156479597091675
14.804376327,1.5115714473030804,0.6850900601755779,-1.5489114175334946,0.25730590242047935,-0.0520846594730229,0.38156479597091675
14.834681579,1.5116814699293701,0.679943771430578,-1.5499270718417921,0.25738072857086625,-0.0506380546465421,0.36997073888778687
14.862153207,1.5117863764500643,0.6747958423685534,-1.5509130858868068,0.25745354440644963,-0.04923031498975784,0.36997073888778687
14.894225105,1.5118862970389217,0.6696464698126208,-1.551873115771997,0.2575241679667828,-0.04786495832300637,0.36997073888778687
14.922258916,1.5119813474448702,0.6644958326784992,-1.5528104842373387,0.25759289615956416,-0.0465362445651711,0.36997073888778687
14.949358427,1.5120716810950545,0.6593435589150778,-1.5537178578173028,0.2576599992245798,-0.04523894920630618,0.36997073888778687
14.980491358,1.5121574334454757,0.654189840062356,-1.5545988109935267,0.25772486231216973,-0.04398495905618272,0.36528006196022034
15.007296669,1.5122387215101865,0.6490348514156868,-1.5554566171206807,0.25778777488274507,-0.04276867801328589,0.36528006196022034
15.038588698,1.512315667229289,0.6438785680538232,-1.5562906839125312,0.2578490026846403,-0.0415849683973229,0.36528006196022034
15.066077899,1.5123883886947223,0.6387210300143186,-1.5571016818575372,0.2579084909467566,-0.04043488909290359,0.36528006196022034
15.094626282,1.5124570007564595,0.6335622762064456,-1.55789026617493,0.25796628963270507,-0.039317474155398255,0.36528006196022034
15.125606146,1.5125216151116463,0.6284023442418073,-1.5586570731566307,0.2580224475811077,-0.03823177939451376,0.37414708733558655
15.151661003,1.5125823403895264,0.623241270481109,-1.5594027207091836,0.2580770121985321,-0.03717688831131763,0.37414708733558655
15.179520457,1.5126392822342232,0.6180790900795784,-1.560127808892956,0.25813002950076935,-0.03615191128324916,0.37414708733558655
15.204813868,1.5126925433854415,0.6129158370307507,-1.5608329204454872,0.25818154415424566,-0.035155984779768217,0.37414708733558655
15.231603529,1.51274222375712,0.607751544208379,-1.561518621289059,0.2582315995167228,-0.03418827056624406,0.37414708733558655
15.262689182,1.512788425455652,0.6025861948106667,-1.5621845207077738,0.258280237676245,-0.03324795496989284,0.37332868576049805
15.290627153,1.5128312333452554,0.5974199653788389,-1.5628339725070588,0.2583274212535125,-0.03233576063341133,0.37332868576049805
15.321873345,1.512870743730417,0.5922527400398313,-1.5634646790942155,0.2583734241448088,-0.03144639235404088,0.37332868576049805
15.354017349,1.5129070462377434,0.5870845958460431,-1.564078077045899,0.25841805134207974,-0.030583620197883583,0.37332868576049805
15.378176838,1.5129402236832588,0.5819156041460595,-1.5646754967890126,0.25846141746759255,-0.029745228188563,0.37332868576049805
15.414415625,1.51297036445822,0.576745703925385,-1.565255712159912,0.25850362879591415,-0.028929161738684612,0.3695157468318939
15.442125659,1.5129975510626341,0.5715749657771614,-1.5658200449253572,0.2585445793939156,-0.028137468824593642,0.3695157468318939
15.470537247,1.513021863400595,0.566403415086527,-1.5663689458682917,0.2585843746894412,-0.027368111235884358,0.3695157468318939
15.49690574,1.5130433791731077,0.5612310762825353,-1.566902850062311,0.2586230481112395,-0.026620442699742182,0.3695157468318939
15.524087285,1.513062167261952,0.5560580481565149,-1.5674236332793252,0.25866063188406674,-0.025893840209139807,0.3695157468318939
15.557964292,1.513078307081322,0.5508842011147375,-1.5679287574839254,0.25869727815641674,-0.02518536229927417,0.3774605989456177
15.581342438,1.513091871053657,0.5457096344795083,-1.5684201129304196,0.2587327726770505,-0.0244991510657162,0.3774605989456177
15.607500908,1.5131029286513085,0.5405343699653846,-1.5688980917337818,0.258767268376503,-0.02383224992203841,0.3774605989456177
15.633498067,1.5131115474296044,0.5353584283536981,-1.569363069992187,0.2588007942888826,-0.023184097555571968,0.3774605989456177
15.662157127,1.5131177824706432,0.5301819600925348,-1.5698179327729969,0.258833378207024,-0.022554156641892673,0.3774605989456177
15.694819421,1.5131217060015028,0.5250047202449512,-1.5702579224759232,0.2588652566373639,-0.02193785484484004,0.3704606592655182
15.72050604,1.513123382813566,0.5198268614712604,-1.5706859700920708,0.25889603173891995,-0.021342883561294674,0.3704606592655182
15.75023779,1.513122873303329,0.5146484024976703,-1.5711024189217768,0.25892594291445636,-0.020764614461017166,0.3704606592655182
15.777964627,1.5131202361991458,0.5094693610383708,-1.5715075941697632,0.2589550155631448,-0.020202556491048504,0.3704606592655182
15.802338269,1.5131155286098588,0.5042897542540202,-1.5719018117148797,0.2589832736626052,-0.019656246109833547,0.3704606592655182
15.832695269,1.5131088060696185,0.49910959877160194,-1.5722853784082262,0.2590107404903286,-0.0191252332793786,0.3740478754043579
15.857034375,1.5131001225814968,0.49392891070219935,-1.57265859233551,0.2590374386491012,-0.01860908103833773,0.3740478754043579
15.884303867,1.5130895306598873,0.4887477056582293,-1.5730217430713127,0.25906339008503476,-0.01810736509691677,0.3740478754043579
15.911317479,1.513077081371776,0.4835659987699417,-1.5733751119261041,0.2590886161075501,-0.017619673481601962,0.3740478754043579
15.934533574,1.513062826585459,0.47838378017383865,-1.5737184981186128,0.2591131374085176,-0.017145606165962436,0.3740478754043579
15.964738409,1.5130468126023235,0.473201113840586,-1.5740531290054567,0.2591369346312211,-0.016685537371906,0.3728592097759247
15.991001757,1.5130290860877502,0.46801798837880026,-1.5743787759216525,0.25916010711084514,-0.016237546648951863,0.3728592097759247
16.019281439,1.5130096908171302,0.4628344395947713,-1.5746961233514096,0.25918263351851767,-0.01580204635807003,0.3728592097759247
16.048025351,1.5129886727592878,0.45765043472557765,-1.5750045311390726,0.259204568349225,-0.015377982959349343,0.3728592097759247
16.071428796,1.512966075512159,0.45246600944434834,-1.5753046828184905,0.25922585615358873,-0.014966428437412452,0.3728592097759247
16.109864808,1.512941942900911,0.447281155294161,-1.5755964095635695,0.2592465512651243,-0.014566332371804125,0.37881186604499817
16.142224407,1.5129163141695672,0.4420959260731028,-1.5758807464179034,0.2592666373551822,-0.014178010447903866,0.37881186604499817
16.163282893,1.5128892241954508,0.4369103706908267,-1.5761586341306355,0.2592861981529859,-0.01379984393315369,0.37881186604499817
16.189326329,1.5128607148958915,0.43172438109405076,-1.5764279802717258,0.25930530992208656,-0.013430358431416095,0.37881186604499817
16.212126736,1.512830825287502,0.42653802827022924,-1.5766901540738367,0.2593237970470952,-0.013072949101873902,0.37881186604499817
16.249997199,1.5127995934641205,0.42135130487175926,-1.5769450108450196,0.2593417708251389,-0.012725464247974865,0.38010647892951965
16.276051967,1.5127670536132658,0.41616425749869884,-1.5771934489353794,0.2593592172015047,-0.012388175584850988,0.38010647892951965
16.301301818,1.5127332386265149,0.4109768945239076,-1.5774356280021136,0.2593762088176188,-0.012059678745983729,0.38010647892951965
16.330401275,1.5126981831858204,0.40578919092902194,-1.5776710628728152,0.2593927572117405,-0.011739750663815624,0.38010647892951965
16.353820139,1.5126619203303628,0.40060117339262236,-1.5779002680603216,0.2594088203114575,-0.011429204719919383,0.38010647892951965
16.389383975,1.5126244831830826,0.3954128353075813,-1.5781231150438644,0.2594244389516165,-0.011127251454585624,0.3768761456012726
16.415664235,1.5125859028259747,0.3902242018974115,-1.5783400908048626,0.2594396006588173,-0.010834132020324622,0.3768761456012726
16.436451794,1.5125462067944433,0.38503531109460915,-1.5785519278870062,0.25945434408762846,-0.010549099115109692,0.3768761456012726
16.462612349,1.5125054261987643,0.37984611115738326,-1.5787576261115008,0.2594687285249586,-0.010271006541440777,0.3768761456012726
16.486631527,1.5124635899726846,0.37465664035335017,-1.5789579254265742,0.25948266937099174,-0.010001489866725288,0.3768761456012726
16.519518994,1.5124207256963906,0.3694669064063918,-1.5791529754221292,0.25949622632244207,-0.009739394981866895,0.38088473677635193
16.544049909,1.512376860195973,0.3642769167637854,-1.5793429205339675,0.2595094102687545,-0.00948451136057311,0.38088473677635193
16.565125607,1.5123320184846676,0.3590866914844869,-1.579528149006068,0.2595222317087087,-0.009236636022044904,0.38088473677635193
16.592854499,1.5122862257828638,0.3538962240397361,-1.579708535390489,0.2595347214772836,-0.008995172857134946,0.38088473677635193
16.617202822,1.512239506853603,0.34870552122560833,-1.5798842120256842,0.2595468678060042,-0.008760349364080284,0.38088473677635193
16.652750669,1.5121918867732476,0.34351457785975514,-1.5800550799964013,0.25955868029177154,-0.00853198002376246,0.37612321972846985
16.680824215,1.5121433881666648,0.33832342436287927,-1.5802217284731601,0.2595701493106839,-0.008310250879851303,0.37612321972846985
16.707577582,1.5120940336027744,0.33313205486859726,-1.5803840453329179,0.25958132244343624,-0.008094242063597304,0.37612321972846985
16.741425739,1.5120438428647276,0.32794050803530866,-1.580542778902719,0.25959218915587723,-0.00788415724328673,0.37612321972846985
16.767434512,1.511992839050982,0.32274872359758305,-1.5806967659301538,0.259602810435533,-0.00767881734071401,0.37612321972846985
16.802642203,1.5119410449472792,0.3175567304456963,-1.5808465668668499,0.2596130885657466,-0.007480111503795832,0.38318371772766113
16.83242996,1.511888480275654,0.3123645551090704,-1.580992696123853,0.25962306861073703,-0.007287168513059328,0.38318371772766113
16.856704096,1.5118351646832644,0.30717219243555965,-1.5811350558005397,0.2596327920994401,-0.007099185495289433,0.38318371772766113
16.884645267,1.5117811174787958,0.30197964762950347,-1.5812737483023918,0.25964224981873674,-0.006916340563372564,0.38318371772766113
16.909148602,1.5117263574464874,0.2967869257778917,-1.5814088738206453,0.2596514491552071,-0.00673849091245445,0.38318371772766113
16.94671053,1.5116709035960254,0.29159402286426483,-1.5815403567510213,0.25966039733849033,-0.006565496777912451,0.3721896708011627
16.974792093,1.511614773122456,0.28640096184861263,-1.5816686427620765,0.2596690869835161,-0.0063975009352012085,0.3721896708011627
16.999823988,1.5115579838330582,0.28120772973129404,-1.581793482619325,0.2596775540490093,-0.006233808192990746,0.3721896708011627
17.028426246,1.511500552006962,0.2760143481930367,-1.5819152973206696,0.25968577683768146,-0.006074838018297351,0.3721896708011627
17.061412389,1.511442494494989,0.270820804918471,-1.5820338509025087,0.25969378931105513,-0.005919933853076547,0.3721896708011627
17.086376667,1.511383824560583,0.26562715156361527,-1.5821501434077239,0.25970157091956825,-0.005769492964371443,0.3733294904232025
17.111163563,1.5113245587370796,0.2604333208794995,-1.5822628770633858,0.25970920387017316,-0.00562192606397655,0.3733294904232025
17.135623097,1.5112647131441646,0.25523934880365745,-1.582372748878656,0.25971657963757,-0.005479331254458502,0.3733294904232025
17.159897233,1.5112043024501904,0.2500452393523505,-1.5824798385479573,0.2597237549684994,-0.005340611458142752,0.3733294904232025
17.184408964,1.5111433414918212,0.24485098933712404,-1.5825840866186198,0.2597307356019929,-0.005205655719727062,0.3733294904232025
17.21195799,1.511081843713942,0.23965661661818083,-1.582685840312446,0.2597375157073367,-0.0050745767704063055,0.3667881488800049
17.240227826,1.5110198224763054,0.23446211761703944,-1.5827850324689254,0.25974412327522955,-0.004946833468600622,0.3667881488800049
17.264684103,1.510957290923621,0.2292674957932014,-1.5828817320110917,0.25975055195455177,-0.004822548596311381,0.3667881488800049
17.291328005,1.5108942618463994,0.2240727545307207,-1.5829760063937202,0.25975680667009726,-0.0047016269418951335,0.3667881488800049
17.315733166,1.5108307476903209,0.2188778971174679,-1.5830679212032193,0.25976289224411975,-0.004583975285765746,0.3667881488800049
17.345213427,1.5107667610430644,0.21368292082078585,-1.5831574257372223,0.2597688133603615,-0.004469503066682945,0.37986212968826294
17.372038489,1.5107023133231037,0.20848784076377788,-1.5832448142647209,0.2597745650312344,-0.00435830671807708,0.37986212968826294
17.39526296,1.5106374158670899,0.20329265388650045,-1.5833300295811152,0.2597801709632641,-0.004249927918065957,0.37986212968826294
17.424444973,1.5105720802720382,0.1980973576393099,-1.5834130244682674,0.2597856257333886,-0.0041444715167309664,0.37986212968826294
17.45903018,1.5105063162919956,0.1929019765516296,-1.5834942747923881,0.25979092469405884,-0.004042027353319258,0.37986212968826294
17.481903574,1.5104401344704768,0.1877064914702673,-1.583573412215339,0.2597961067368315,-0.003941843558493623,0.369430810213089
17.509961092,1.5103735456715832,0.18251090542304868,-1.5836504973106373,0.25980114069508176,-0.003844522655473142,0.369430810213089
17.535155671,1.5103065604370078,0.17731522148162362,-1.5837255914778507,0.2598060308820038,-0.0037499812726206963,0.369430810213089
17.561964472,1.510239188209069,0.1721194521315662,-1.583798937859392,0.2598107816956574,-0.003658134368709419,0.369430810213089
17.590733441,1.5101714383544054,0.166923594823812,-1.5838704889925217,0.2598154127086083,-0.0035686035577601584,0.369430810213089
17.614076996,1.5101033200963871,0.16172765194257802,-1.583940292770283,0.25981991940609017,-0.0034814761280602376,0.37673109769821167
17.641675515,1.510034842411722,0.15653162582093325,-1.5840083960820914,0.25982430517335064,-0.0033966866233358824,0.37673109769821167
17.666671392,1.509966014036875,0.15133551872701034,-1.5840748445326676,0.25982857332633724,-0.003314170944802742,0.37673109769821167
17.690433701,1.5098968434746158,0.14613933286545513,-1.584139682477476,0.2598327270863843,-0.0032338668113475236,0.37673109769821167
17.716841172,1.5098273390004044,0.14094307037993792,-1.5842029530580846,0.2598367695834769,-0.0031557137042876374,0.37673109769821167
17.742548893,1.5097575086685524,0.13574673335409496,-1.5842646982366804,0.2598407038595818,-0.0030796528268306365,0.37949758768081665
17.769384004,1.5096873603182697,0.1305503238139049,-1.5843249588294461,0.25984453286957976,-0.0030056270455844276,0.37949758768081665
17.797390178,1.509616901579505,0.1253538437289239,-1.5843837745390223,0.25984825948510704,-0.002933580844600996,0.37949758768081665
17.8234513,1.509546139124704,0.12015730590675888,-1.5844413943477533,0.25985188649604307,-0.002863460282205369,0.37949758768081665
17.852926213,1.5094750806067698,0.1149606901242862,-1.5844974290004268,0.25985543414654977,-0.0027948739910873244,0.37949758768081665
17.878981525,1.509403733170036,0.10976401279532323,-1.584552197372815,0.2598588696461901,-0.0027284558914183465,0.3621981143951416
17.908642927,1.5093321038303884,0.10456726874400372,-1.5846056009651208,0.2598622189373012,-0.002663704459327612,0.3621981143951416
17.931330395,1.5092601993506873,0.09937046320746207,-1.5846577425368855,0.2598654733749983,-0.0026007868108457724,0.3621981143951416
17.95744628,1.5091880262183963,0.0941735978627625,-1.5847086559616013,0.2598686410120177,-0.00253954726949454,0.3621981143951416
17.983007487,1.509115590748068,0.08897667432900326,-1.5847583739780795,0.2598717242145776,-0.0024799400948589713,0.3621981143951416
18.007137144,1.5090428990862252,0.08377969418111877,-1.5848069284397481,0.25987472526336486,-0.002421921180524845,0.36808276176452637
18.032423276,1.5089699572159532,0.07858265895110705,-1.5848543503406762,0.25987764637518396,-0.0023654476859642885,0.36808276176452637
18.056327902,1.5088967709611982,0.07338557012906148,-1.5849006698398533,0.2598804897030238,-0.002310477976962835,0.36808276176452637
18.082249233,1.5088233462092902,0.06818842639331578,-1.5849458627786115,0.25988325733889983,-0.002256971608908056,0.36808276176452637
18.107747683,1.5087496883179439,0.06299123477255522,-1.5849900662833039,0.25988594684958066,-0.002204975626011297,0.36808276176452637
18.132831306,1.5086758025928404,0.05779399379862682,-1.5850332532289726,0.2598885692306041,-0.0021542774563844754,0.3774854242801666
18.159646921,1.508601694464019,0.052596702241296006,-1.585075401135064,0.25989112185849095,-0.0021049278126943323,0.3774854242801666
18.191647792,1.508527368691596,0.04739936906426676,-1.58511668441888,0.2598936024624132,-0.0020569705992712893,0.3774854242801666
18.21342195,1.5084528301093933,0.04220199030184831,-1.585157027584499,0.2598960251764648,-0.002010132566786647,0.3774854242801666
18.243030763,1.5083780839138525,0.03700456244158134,-1.585196364002997,0.259898383397994,-0.0019645413552992087,0.3774854242801666
18.268261762,1.5083031347354199,0.031807093961446056,-1.5852348586973517,0.2599006711902163,-0.0019203117482530449,0.379687637090683
18.293494634,1.5082279870878172,0.02660958361436426,-1.5852724886679397,0.25990290188790954,-0.0018771859401019847,0.379687637090683
18.320972639,1.5081526454201113,0.021412032525276806,-1.5853092767715287,0.25990507324789025,-0.0018352073079945922,0.379687637090683
18.346266516,1.5080771140633449,0.01621444179781601,-1.5853452454109085,0.2599071868230496,-0.0017943458110752718,0.379687637090683
18.375265317,1.5080013972333992,0.011016812505914197,-1.5853804163993663,0.25990924413568095,-0.0017545720376405988,0.379687637090683
18.401215653,1.5079254990340751,0.00581914569501708,-1.5854148109770705,0.2599112466634246,-0.0017158574151145988,0.3764033913612366
18.424269346,1.5078494234599906,0.0006214423825040515,-1.5854484498276566,0.2599131958410661,-0.0016781742003004502,0.3764033913612366
18.453257918,1.507773174399467,-0.004576296440424333,-1.5854813530942078,0.25991509306282357,-0.0016414954445651258,0.3764033913612366
18.473651412,1.5076967552593938,-0.009774064262420902,-1.585513647496401,0.2599169396816814,-0.0016057949882689365,0.3764033913612366
18.499403366,1.5076201699276286,-0.014971871389097976,-1.5855451348284078,0.2599187459539243,-0.0015708745497575276,0.3764033913612366
18.524170176,1.5075434221812634,-0.020169711221151597,-1.585575943628313,0.2599204951077905,-0.0015370583706323343,0.376248300075531
18.551576236,1.507466515162368,-0.025367577735805842,-1.5856061911247994,0.259922197461937,-0.0015041469671034356,0.376248300075531
18.578330546,1.5073894524543634,-0.030565480430994944,-1.585635694646667,0.25992386249429345,-0.0014719571005355706,0.376248300075531
18.602391415,1.5073122375396577,-0.035763413221859844,-1.5856645727432481,0.259925474732281,-0.0014407879030763648,0.376248300075531
18.628354073,1.5072348736352423,-0.040961375266399105,-1.585692842521262,0.25992704367767683,-0.001410455671576338,0.376248300075531
18.656904005,1.5071573638713984,-0.04615936576130329,-1.585720520328238,0.25992857045673556,-0.001380938639784281,0.3796752989292145
18.676635519,1.5070797109914158,-0.05135737946148573,-1.5857477082647162,0.25993005613456077,-0.001352216211244952,0.3796752989292145
18.702758539,1.5070019181215222,-0.05655542465134654,-1.5857742470230516,0.25993150894434436,-0.001324129211078337,0.3796752989292145
18.726067902,1.5069239883011611,-0.061753496014323714,-1.5858002401847793,0.2599329153645469,-0.0012969390664013254,0.3796752989292145
18.75217403,1.5068459243367507,-0.06695159280965904,-1.58582570280726,0.25993428366968274,-0.001270485791058737,0.3796752989292145
18.780094595,1.506767729062224,-0.07214971566299415,-1.5858506235568195,0.2599356148251575,-0.0012447507193776163,0.38044312596321106
18.807420076,1.506689404876748,-0.07734785859318775,-1.585875118685511,0.2599369075899416,-0.0012197578573970853,0.38044312596321106
18.836138575,1.506610954437278,-0.0825460275420489,-1.5858990740570864,0.2599381713716875,-0.0011953253202576686,0.38044312596321106
18.857489352,1.5065323801685182,-0.08774421675171486,-1.5859226016267411,0.25993939641195674,-0.0011716417674229487,0.38044312596321106
18.885412311,1.5064536846153695,-0.0929424305455701,-1.5859456185005572,0.2599405917320441,-0.0011485327883488463,0.38044312596321106
18.918054815,1.5063748699321915,-0.09814066114530799,-1.585968275616418,0.25994175015844334,-0.0011261370747260926,0.376755028963089
18.938974104,1.506295938414135,-0.10333891506689247,-1.5859904476397186,0.2599428839725748,-0.0011042171821119486,0.376755028963089
18.964346619,1.5062168925751525,-0.10853719156294571,-1.586012149703397,0.25994398250430706,-0.0010829794015495095,0.376755028963089
18.987276632,1.5061377346737648,-0.11373548770767766,-1.5860334389702382,0.259945046671084,-0.0010624059976321353,0.376755028963089
19.013276782,1.5060584668333312,-0.11893380292433976,-1.5860543271827892,0.25994608091224336,-0.0010424111376638628,0.376755028963089
19.04201591,1.5059790911171984,-0.12413213665608214,-1.586074825673227,0.2599470859142805,-0.0010229815603981568,0.3817873001098633
19.064214684,1.5058996093934243,-0.1293304864027336,-1.586094983274875,0.25994806232607637,-0.0010041047083228843,0.3817873001098633
19.095302648,1.505820023689343,-0.1345288555954519,-1.5861147342168171,0.2599490139353344,-0.0009857073585546167,0.3817873001098633
19.120064109,1.5057403359607846,-0.13972724170925818,-1.5861341278504988,0.25994993497324703,-0.0009679010499009667,0.3817873001098633
19.14884242,1.5056605480451788,-0.14492564422687848,-1.586153174682056,0.25995082921697055,-0.0009506127437677919,0.3817873001098633
19.179528291,1.5055806617262961,-0.15012406264803468,-1.5861718848749162,0.25995169723189715,-0.0009338315172626139,0.37611714005470276
19.204233527,1.505500678735499,-0.15532249648243865,-1.586190268385736,0.25995253954929076,-0.0009175470953680489,0.37611714005470276
19.232260531,1.5054206007527766,-0.16052094524814667,-1.5862083349820293,0.25995335667734487,-0.0009017496599989215,0.37611714005470276
19.258081225,1.505340429407766,-0.16571940847579553,-1.5862260942182544,0.25995414910133796,-0.0008864298247804722,0.37611714005470276
19.28746537,1.5052601661732252,-0.1709178841628888,-1.5862435851966417,0.2599549172816129,-0.0008715786896697842,0.37611714005470276
19.314686145,1.5051798126429448,-0.17611637497335195,-1.5862607568669178,0.25995566414842575,-0.0008571396020361488,0.37746700644493103
19.339480157,1.5050993703515283,-0.18131487888369321,-1.5862776487732209,0.2599563851015452,-0.0008432015025810593,0.37746700644493103
19.366333074,1.5050188407904823,-0.18651339614755033,-1.586294256430128,0.2599570830487785,-0.0008297081764188843,0.37746700644493103
19.390533264,1.5049382253124879,-0.1917119249145419,-1.5863106159837814,0.2599577572310663,-0.000816674291646018,0.37746700644493103
19.41817671,1.504857525245872,-0.19691046547379723,-1.5863267222164863,0.2599584102729313,-0.0008040491150159742,0.37746700644493103
19.448517396,1.5047767418920133,-0.20210901740641418,-1.5863425835902443,0.2599590413469688,-0.0007918486379181513,0.38013285398483276
19.472136669,1.504695876508351,-0.20730758029640153,-1.5863582084987875,0.25995965074123717,-0.000780067290050296,0.38013285398483276
19.497285045,1.5046149303089051,-0.21250615373251755,-1.586373605232202,0.25996023872199014,-0.0007686999328205718,0.38013285398483276
19.522599812,1.5045339044647974,-0.21770473730772263,-1.5863887819873508,0.25996080552692646,-0.0007577419577589666,0.38013285398483276
19.547468143,1.5044528001047126,-0.2229033306186411,-1.5864037468787069,0.2599613513670773,-0.0007471893002886977,0.38013285398483276
19.577492536,1.5043727340608897,-0.22808457848438907,-1.5860561628077987,0.25899687714618924,0.019393251621083962,0.38689032196998596
19.601686986,1.5042946698151016,-0.2332643729569323,-1.5856769043257293,0.25902160920077133,0.018915109829805633,0.38689032196998596
19.62704786,1.504218535096221,-0.2384447397905708,-1.5853081548170858,0.2590490601061646,0.018384404826826933,0.38689032196998596
19.655573948,1.5041442838768437,-0.2436255890463364,-1.584948202446601,0.2590757356590201,0.017868689620631078,0.38689032196998596
19.682583537,1.504071861448885,-0.2488070142620929,-1.5845988834973737,0.2591017756429226,0.01736526179731565,0.38689032196998596
19.71801819,1.504001211494256,-0.25398902266226003,-1.5842603650485847,0.2591270256315781,0.016877106847945248,0.378794401884079
19.743752344,1.5039322845838898,-0.2591715447959547,-1.5839313290631438,0.25915146917692145,0.01640454277056742,0.378794401884079
19.77455741,1.503865032810612,-0.2643545652577962,-1.5836115009101084,0.25917521313914005,0.01594550364840655,0.378794401884079
19.805314266,1.5037994071852792,-0.2695380923267919,-1.5833010631656628,0.25919827810261253,0.015499591528015425,0.378794401884079
19.83077065,1.5037353627059231,-0.27472208727638386,-1.5829992878747134,0.2592206467095348,0.015067141985173374,0.378794401884079
19.86159921,1.5036728578219367,-0.2799065145660945,-1.5827055070587253,0.25924237717926957,0.014647029464327646,0.3787977397441864
19.886942662,1.5036118497300794,-0.28509138380099597,-1.5824199250294122,0.25926352296925526,0.014238220487103742,0.3787977397441864
19.915647116,1.5035522969075061,-0.29027668203573176,-1.5821423091593914,0.2592840652386519,0.013841079304136732,0.3787977397441864
19.945455266,1.5034941590034432,-0.2954623966484014,-1.581872432137499,0.2593040213574316,0.013455270097641895,0.3787977397441864
19.971610748,1.5034373987204823,-0.3006484960360871,-1.5816096984272168,0.2593234083044349,0.013080464617764511,0.3787977397441864
20.009345306,1.5033819760353757,-0.3058350076525451,-1.5813546541394312,0.2593422737086959,0.012715742061310927,0.37695416808128357
20.034614429,1.5033278519673714,-0.3110219183750821,-1.5811070601634436,0.259360570510081,0.012362012238332673,0.37695416808128357
20.063116324,1.5032749925059299,-0.3162091798851536,-1.5808659954339321,0.259378316665404,0.01201892798201258,0.37695416808128357
20.088706348,1.503223360878784,-0.3213968174069242,-1.5806319606489898,0.25939558687997355,0.011685045033778057,0.37695416808128357
20.113977755,1.503172924946331,-0.3265847854972314,-1.580404088994839,0.2594123379866309,0.011361197933499533,0.37695416808128357
20.149423689,1.5031236516645285,-0.33177309171900715,-1.5801825380983208,0.259428640277104,0.01104602774467516,0.37792545557022095
20.177951101,1.5030755089343952,-0.33696172627355797,-1.5799671293506659,0.2594444791801376,0.01073981616392219,0.37792545557022095
20.204241917,1.5030284655615855,-0.3421506796016302,-1.5797576882055386,0.2594598679890092,0.010442306200683255,0.37792545557022095
20.229120599,1.5029824912305179,-0.34733994243218314,-1.579554045152667,0.2594748196983465,0.010153246629205026,0.37792545557022095
20.254748454,1.5029375578816127,-0.3525294912579979,-1.5793557547212609,0.25948934692383574,0.009872393553527172,0.37792545557022095
20.284540764,1.5028936340804162,-0.3577193609483796,-1.5791635002067017,0.2595034852540534,0.009599058943142173,0.38629621267318726
20.310768993,1.502850693390767,-0.3629094994579884,-1.5789762835040586,0.25951717660330775,0.009334365761792921,0.38629621267318726
20.338721389,1.5028087074341656,-0.3680999263604544,-1.5787944910670049,0.25953050235951736,0.009076740540443372,0.38629621267318726
20.368410726,1.5027676537143966,-0.3732905808822325,-1.578616954855351,0.25954342917344775,0.008826828031328084,0.38629621267318726
20.394220031,1.5027275044344819,-0.3784815214187164,-1.5784448111906226,0.25955605273746407,0.008582778205683508,0.38629621267318726
20.426900658,1.502688234542592,-0.383672713985195,-1.578277409794269,0.2595682776480368,0.00834643550046279,0.37943944334983826
20.454266145,1.5026498187217219,-0.388864163097798,-1.578114844486969,0.25958015652234323,0.008116782678577714,0.37943944334983826
20.480665845,1.5026122347331308,-0.3940558376131296,-1.5779565190335338,0.2595916803599163,0.007893993733097562,0.37943944334983826
20.511486831,1.502575459808668,-0.39924774288413795,-1.5778025426208,0.2596028974713338,0.007677134689173646,0.37943944334983826
20.537535754,1.5025394717985736,-0.40443987231374723,-1.577652793127871,0.25961379773304927,0.007466401262336474,0.37943944334983826
20.579113636,1.5025042481189488,-0.40963223004745974,-1.5775073559722228,0.2596243901886508,0.007261618609403139,0.3777787387371063
20.604846267,1.5024697689108677,-0.4148247883515213,-1.5773656997253047,0.25963466665506196,0.007062944939553043,0.3777787387371063
20.636489873,1.5024360138630077,-0.42001755203452323,-1.5772279219703882,0.2596446701800259,0.006869548015061841,0.3777787387371063
20.668317183,1.5024029632083515,-0.42521051524721637,-1.5770939140211588,0.2596543917073202,0.006681602914464251,0.3777787387371063
20.691641415,1.5023705967973477,-0.43040368172064897,-1.5769637522862328,0.25966383927320535,0.006498954278488557,0.3777787387371063
20.731742325,1.5023388959870292,-0.4355970359100839,-1.5768371401990986,0.2596730055483665,0.006321743797742906,0.3892001807689667
20.75830428,1.5023078435629076,-0.44079056354154184,-1.5767138054483296,0.2596819141658768,0.006149514582880961,0.3892001807689667
20.784583335,1.5022774219097799,-0.4459842688347576,-1.5765938331773186,0.25969058684516266,0.005981846731926586,0.3892001807689667
20.813749184,1.5022476130456435,-0.4511781551774535,-1.576477292360479,0.25969901567834963,0.005818893129630707,0.3892001807689667
20.839229464,1.5022184011294848,-0.4563722005539938,-1.576363760503364,0.2597071940494411,0.00566078167956569,0.3892001807689667
20.872093647,1.502189769202612,-0.46156641679970306,-1.5762534695504957,0.25971515616440843,0.005506851083073425,0.38612616062164307
20.896317855,1.502161702293186,-0.466760783158002,-1.5761460210448117,0.2597228819690045,0.005357489051542262,0.38612616062164307
20.918518706,1.5021341871091312,-0.47195528074795867,-1.5760410525187452,0.2597304037169845,0.005212072015638214,0.38612616062164307
20.944480296,1.5021072070198385,-0.477149951003488,-1.5759393678045357,0.2597377508057219,0.005070031645464,0.38612616062164307
20.968385988,1.502080747241335,-0.48234476652205516,-1.5758404396634795,0.2597448558362636,0.004932670956786918,0.38612616062164307
21.000535113,1.50205479303441,-0.4875397300143661,-1.5757443229346337,0.25975176169064085,0.004799160913502779,0.38370224833488464
21.02912846,1.5020293307421226,-0.49273483017480085,-1.5756508012983874,0.2597584630715133,0.00466960393790213,0.38370224833488464
21.052395978,1.5020043477526883,-0.4979300566194256,-1.5755596760800494,0.25976497719337743,0.004543667220247017,0.38370224833488464
21.084221816,1.5019798328430858,-0.5031253934637492,-1.5754706420716174,0.25977131988217383,0.004421044790034923,0.38370224833488464
21.10876412,1.5019557720032635,-0.5083208756739135,-1.575384377332979,0.25977751588344145,0.004301258254872398,0.38370224833488464
21.149514276,1.5019335278767985,-0.5135169588373921,-1.5744800503874665,0.2597835083308464,0.06767876462088789,0.33936068415641785
21.179048084,1.5019178457740672,-0.518713934012508,-1.5731500666212974,0.25985734450335585,0.06636812398545504,0.33936068415641785
21.207633025,1.501908977155005,-0.5239130458987993,-1.5718577247704657,0.25996695119678837,0.06442253306471848,0.33936068415641785
21.236809264,1.5019067283685186,-0.5291116466921864,-1.5706034824915047,0.25992598425863545,0.06252206696230447,0.33936068415641785
21.262929151,1.501910901379454,-0.5343082838005367,-1.5693864227124406,0.25982150748171673,0.06066753543403715,0.33936068415641785
21.297668835,1.5019227948895393,-0.5392286107044436,-1.5667837601226324,0.23792117599192864,0.1733200776636593,0.31767451763153076
21.329248533,1.5019500138863653,-0.5439869540754444,-1.5633741638340615,0.23792117595651252,0.1701642288915727,0.31767451763153076
21.355369632,1.5019932684370698,-0.5487451788073482,-1.5600454899643237,0.23792117595653473,0.16601918864294313,0.31767451763153076
21.388096879,1.5020521670256257,-0.553503235713277,-1.5567983389281694,0.23792117595649032,0.16195070237682413,0.31767451763153076
21.414658673,1.5021263248205758,-0.5582610793582601,-1.5536311633264337,0.23792117595673457,0.15795967673367706,0.31767451763153076
21.446368224,1.5022023589533204,-0.5622806034589126,-1.549770650882125,0.18865942716683737,0.20558409075876907,0.3034919202327728
21.47574047,1.502289318015178,-0.5660527872583961,-1.5457320544759192,0.18865942716563833,0.20152378942629454,0.3034919202327728
21.501375379,1.502391351548296,-0.5698245935168833,-1.5417781769207304,0.18865942716590478,0.1972683310842585,0.3034919202327728
21.53317056,1.5025081391435757,-0.573595971875959,-1.5379081566431225,0.18865942716592699,0.19308242216071156,0.3034919202327728
21.56444107,1.502639365397179,-0.5773668755458159,-1.5341206160367404,0.18865942716590478,0.18896531920993076,0.3034919202327728
21.59159354,1.5027697231811306,-0.580744664289587,-1.5299640316347027,0.15591919189408276,0.22209248749494964,0.2939750850200653
21.622225313,1.5029038390668172,-0.5838601602755119,-1.5255927975714987,0.1559191918370395,0.21816939292209536,0.2939750850200653
21.646379922,1.5030514449645362,-0.586975046370562,-1.5213036139280385,0.1559191918370395,0.21404693562902555,0.2939750850200653
21.670981616,1.5032122829245367,-0.5900892773503824,-1.517095794377472,0.1559191918370395,0.20998475906967054,0.2939750850200653
21.704740285,1.5033860985790128,-0.593202811050777,-1.5129681425636508,0.1559191918370617,0.20598234888087502,0.2939750850200653
21.730931427,1.5035687303495866,-0.5962873138293925,-1.51265459691515,0.1531145652186705,-0.16605696453453336,0.28145384788513184
21.76405685,1.5037149987164384,-0.5992095901185747,-1.532885937170087,0.14390235384165173,-1.293419190567705,0.28145384788513184
21.78930117,1.5037687688723442,-0.6018425991835444,-1.568757412068552,0.12972736117995431,-1.8199999990004863,0.28145384788513184
21.817918403,1.5037268423133654,-0.6044366643765425,-1.605157412062395,0.1297273611828409,-1.8199999997794216,0.28145384788513184
21.843806057,1.503590540403756,-0.6070274854532044,-1.6415574120637642,0.12972736118217476,-1.8200000000669192,0.28145384788513184
21.875763624,1.5033881351964942,-0.6093178504580924,-1.6779574120663132,0.10702532292534706,-1.8200000000956997,0.26469722390174866
21.904428057,1.5031205160420027,-0.6114414422311204,-1.7143574120674223,0.1070253228941942,-1.8200000000553143,0.26469722390174866
21.932106673,1.5027757924882261,-0.6135538881361785,-1.7507574120685345,0.1070253228942386,-1.8200000000556238,0.26469722390174866
21.963823129,1.5023544212296558,-0.6156523895759621,-1.7871574120696423,0.1070253228942164,-1.8200000000551593,0.26469722390174866
21.994362571,1.5018569605047132,-0.6177341664269869,-1.8235574120707543,0.10702532289426081,-1.8200000000554688,0.26469722390174866
22.019688994,1.5014246267390814,-0.6193026998888296,-1.859957412074046,0.06753384832993703,-1.8200000001455248,0.2537669241428375
22.04982427,1.5010160094786296,-0.6205900066812563,-1.89635741207485,0.06753384826574393,-1.8200000000358174,0.2537669241428375
22.074912758,1.5005608152686103,-0.6218615903688406,-1.9327574120755677,0.06753384826581055,-1.8200000000359722,0.2537669241428375
22.099819145,1.5000596471565564,-0.6231157663400758,-1.9691574120762831,0.06753384826574393,-1.8200000000358174,0.2537669241428375
22.129260141,1.4995131690968546,-0.6243508730454372,-2.005557412076998,0.06753384826574393,-1.8200000000358176,0.2537669241428375
22.153829807,1.4989596617465348,-0.6254895167686796,-2.041957412078058,0.060487387160446104,-1.8200000000304015,0.23945775628089905
22.186222319,1.49839103662738,-0.6265572215473698,-2.0783574120786827,0.06048738716046831,-1.8200000000314849,0.23945775628089905
22.212255355,1.497783932297199,-0.6276035256871101,-2.1147574120793324,0.06048738716029067,-1.820000000032723,0.23945775628089905
22.238979795,1.497139153056132,-0.6286270430298315,-2.1511574120799817,0.06048738716029067,-1.820000000032723,0.23945775628089905
22.269069325,1.49645755311656,-0.6296264176057225,-2.1875574120806327,0.060487387160246264,-1.8200000000324135,0.23945775628089905
22.296588573,1.4957435386911306,-0.6305956421879018,-2.223957412081312,0.059999999980053786,-1.8200000000328775,0.22942562401294708
22.32558113,1.4949971171888479,-0.6315351611881311,-2.2603574120819645,0.05999999998000938,-1.820000000032568,0.22942562401294708
22.352392663,1.4942169991811158,-0.6324468941012557,-2.2967574120826155,0.05999999998003158,-1.820000000032413,0.22942562401294708
22.380319114,1.4934042181789688,-0.633329633051009,-2.333157412083268,0.05999999998000938,-1.820000000032568,0.22942562401294708
22.411452578,1.4925598509658247,-0.6341822085727252,-2.3695574120839202,0.05999999998000938,-1.820000000032568,0.22942562401294708
22.437219285,1.4916850161709463,-0.635003491162662,-2.4059574120845726,0.05999999998000938,-1.820000000032568,0.22366444766521454
22.467813731,1.490780872787467,-0.6357923927743809,-2.442357412085225,0.05999999998000938,-1.820000000032568,0.22366444766521454
22.493714329,1.4898486186369393,-0.6365478682602094,-2.4787574120858804,0.05999999998000938,-1.820000000032568,0.22366444766521454
22.523149323,1.4888894887824469,-0.6372689167558631,-2.5151574120865314,0.05999999998003158,-1.820000000032413,0.22366444766521454
22.552841069,1.4879047538923733,-0.6379545830064067,-2.551557412087184,0.05999999998000938,-1.820000000032568,0.22366444766521454
22.58104022,1.4868804104937379,-0.6386141411773525,-2.585412681060889,0.061837814636622745,-1.565526897337843,0.21178077161312103
22.61229969,1.485853314849606,-0.6392346221232079,-2.6108973324521605,0.05999999999033445,-1.2742325616107792,0.21178077161312103
22.639015935,1.484810741691544,-0.63982872924757,-2.636381983684381,0.05999999999031225,-1.274232561610934,0.21178077161312103
22.666200687,1.4837533680998005,-0.6403960767183599,-2.6618666349165987,0.05999999999031225,-1.274232561610934,0.21178077161312103
22.69766926,1.482681880766937,-0.6409362960818062,-2.6873512861488162,0.05999999999031225,-1.274232561610934,0.21178077161312103
22.728099419,1.4815980806083335,-0.6414478394617367,-2.714664812151333,0.05999999996548766,-1.4399922529651799,0.19748474657535553
22.75581686,1.4804987863108294,-0.6419289345852783,-2.7434646576327806,0.05999999998753669,-1.4399922740727242,0.19748474657535553
22.784147599,1.4793860943263142,-0.6423781750754562,-2.772264503114224,0.059999999987514485,-1.4399922740722602,0.19748474657535553
22.809398312,1.478260927492335,-0.6427951883439906,-2.8010643485956686,0.05999999998749228,-1.4399922740724151,0.19748474657535553
22.840018286,1.4771242189927531,-0.6431796285310145,-2.829864194077115,0.059999999987514485,-1.4399922740722602,0.19748474657535553
22.868218722,1.4759772012565224,-0.643530491083796,-2.8600596028592853,0.0599999999856049,-1.5429216575874753,0.18464501202106476
22.899353761,1.4748194838222806,-0.6438460478556175,-2.890918036011045,0.05999999998564931,-1.5429216575877849,0.18464501202106476
22.930998484,1.4736525815161998,-0.6441257347195595,-2.921776469162825,0.059999999985871355,-1.5429216575893323,0.18464501202106476
22.956834122,1.472477605424541,-0.644369285366925,-2.9526349023146143,0.059999999985871355,-1.5429216575893323,0.18464501202106476
22.987617633,1.4712956743211596,-0.6445764678967426,-2.983493335466408,0.059999999985871355,-1.542921657589332,0.18464501202106476
23.026638765,1.470107888079748,-0.6447468946104448,-3.014885465362081,0.05999999998491656,-1.5873964008863992,0.1770135909318924
23.062428589,1.46891530102715,-0.644879616777411,-3.0466333933800023,0.05999999998493877,-1.5873964008961476,0.1770135909318924
23.092586579,1.467719102000769,-0.6449744162547931,-3.0783813213979236,0.05999999998493877,-1.5873964008961476,0.1770135909318924
23.118678416,1.4665204965853373,-0.6450311974992913,-3.110129249415845,0.05999999998493877,-1.5873964008961476,0.1770135909318924
23.148728274,1.465320692790863,-0.6450499032841391,3.1413081297457635,0.059999999984783337,-1.587396400900944,0.1770135909318924
23.180093113,1.4641209031314868,-0.6450303785513046,3.109257429359971,0.059999999984383656,-1.6075812307366966,0.1664484143257141
23.211268768,1.4629223606593904,-0.6449723104974934,3.0771058047453628,0.059999999984472474,-1.607581230729269,0.1664484143257141
23.240155949,1.46172630427739,-0.6448757440054884,3.0449541801308126,0.0599999999846057,-1.607581230727103,0.1664484143257141
23.265377156,1.4605339702747189,-0.6447407788900781,3.0128025555162563,0.05999999998469452,-1.6075812307277215,0.1664484143257141
23.295611659,1.4593465910930143,-0.6445675546563235,2.980650930901697,0.05999999998473893,-1.6075812307280313,0.1664484143257141
23.325172692,1.4580908720316355,-0.6443413048661303,2.9463340797707156,0.06767705083259301,-1.7898948236208612,0.148087278008461
23.351170263,1.4567335247180586,-0.6440475129502383,2.9105361831821335,0.0694426274106208,-1.7898948294288364,0.148087278008461
23.382019907,1.455387561911207,-0.6437053294583926,2.8747382865935482,0.0694426274106652,-1.7898948294291457,0.148087278008461
23.405393786,1.4540547082659818,-0.6433151928488586,2.838940389989366,0.06944262720087746,-1.7898948309888738,0.148087278008461
23.43572986,1.45273667163273,-0.6428776030227484,2.803142493564379,0.0694426274370219,-1.7898948147362919,0.148087278008461
23.463270189,1.4513381709843107,-0.6423570641839736,2.769278129912674,0.07894262730654411,-1.6431425012359675,0.15249910950660706
23.491821521,1.4496410036919782,-0.6416612824079378,2.7364152799157644,0.09449094324598395,-1.6431425001115088,0.15249910950660706
23.523266921,1.4479639008257963,-0.6409091891032707,2.703552429910899,0.09161726041380103,-1.6431425003624889,0.15249910950660706
23.548020463,1.4463641076289866,-0.6401276534460955,2.6706895799041246,0.08874075649616397,-1.6431425002646964,0.15249910950660706
23.575924663,1.444841561956206,-0.6393208472204586,2.637826729892847,0.08587215098105894,-1.6431425006510694,0.15249910950660706
23.609037976,1.4433986328952264,-0.638494068477858,2.6045368576723615,0.08301140191504519,-1.6736440957703151,0.14667552709579468
23.63436397,1.442028307043066,-0.6376468927756893,2.571063975757112,0.08012334817590894,-1.6736440958770822,0.14667552709579468
23.662725035,1.440732864549763,-0.6367848300462787,2.5375910938404305,0.07722749896075243,-1.673644095972863,0.14667552709579468
23.689437916,1.439518748879096,-0.6359168154958097,2.5041182119152197,0.07433916513066574,-1.673644096606812,0.14667552709579468
23.71488616,1.4383800853660822,-0.6350437177533015,2.4706453299773,0.07145888114665766,-1.673644096887656,0.14667552709579468
23.743284256,1.43731585039556,-0.6341692841999992,2.436640893551827,0.06858605594322054,-1.711612285243278,0.11999999731779099
23.772803212,1.4363213334110385,-0.6332935924688774,2.402408647814035,0.06567654980698112,-1.7116122884274134,0.11999999731779099
23.803207073,1.4354041315964248,-0.6324283968992538,2.36817640227287,0.06275502928800858,-1.7116122829884812,0.11999999731779099
23.828075211,1.4345580427090845,-0.6315736387796917,2.333944156616499,0.05999999999568573,-1.7116122828732034,0.11999999731779099
23.856464541,1.4337436066632174,-0.6306924161570933,2.29971191095661,0.059999999984072794,-1.7116122830661578,0.11999999731779099
23.89047718,1.4329579261953584,-0.6297829446661252,2.2676006311684285,0.059999999984583496,-1.5491634595737822,0.12760648131370544
23.916111211,1.4322021806112337,-0.6288508859665705,2.2366173619778222,0.059999999983140206,-1.549163459518232,0.12760648131370544
23.946607366,1.4314756713474683,-0.6278958628794467,2.205634092788233,0.05999999998191896,-1.5491634594667059,0.12760648131370544
23.972430832,1.4307790957702595,-0.6269187921182154,2.1746508235997317,0.05999999998067551,-1.5491634594110013,0.12760648131370544
24.000016698,1.430113122512872,-0.6259206115595948,2.143667554412391,0.059999999979654106,-1.5491634593525112,0.12760648131370544
24.031332678,1.4294693965818406,-0.6248906916390725,2.1170765499085933,0.06081394377930316,-1.1668325599253624,0.14895199239253998
24.059112206,1.4288578115781696,-0.6238582670784092,2.094107730789072,0.05999999993850924,-1.148440955959225,0.14895199239253998
24.090468381,1.428270099380927,-0.6228120686913058,2.0711389116767847,0.05999999998271832,-1.148440955545928,0.14895199239253998
24.115603168,1.4277065700341494,-0.621752648393409,2.0481700925668203,0.05999999998249628,-1.148440955482487,0.14895199239253998
24.144329098,1.4271675208240682,-0.6206805650749238,2.0252012734096936,0.05999999999195538,-1.1484409582822606,0.14895199239253998
24.178434911,1.4266484299819566,-0.6195891018980615,2.0061353090394207,0.0606185085047839,-0.792295457678901,0.1702301800251007
24.2071922,1.4261506668154296,-0.6184972209330091,1.9909179231271685,0.05999999999666272,-0.7608692956124562,0.1702301800251007
24.238817068,1.4256695762137561,-0.6173978920264589,1.9757005372149206,0.05999999999668493,-0.7608692956123014,0.1702301800251007
24.270186197,1.4252052695803763,-0.6162913697438117,1.9604831513026686,0.05999999999666272,-0.7608692956124561,0.1702301800251007
24.299302177,1.4247578544321624,-0.6151779103161984,1.9452657653904233,0.059999999996618314,-0.7608692956121468,0.1702301800251007
24.336398439,1.424324881860372,-0.6140543885351051,1.9331876933460506,0.06000000002834849,-0.5037312945910991,0.16101640462875366
24.364030331,1.4239051276311854,-0.612930202515236,1.9231130677107295,0.05999999999830585,-0.503731281766205,0.16101640462875366
24.398758959,1.4234967202656486,-0.6118018447510656,1.9130384420754132,0.05999999999830585,-0.503731281766205,0.16101640462875366
24.425312663,1.4230997012159743,-0.6106694297677729,1.9029638164400924,0.05999999999830585,-0.503731281766205,0.16101640462875366
24.455814167,1.422714110778495,-0.6095330725023348,1.8928891908047716,0.05999999999830585,-0.503731281766205,0.16101640462875366
24.492005164,1.422339051494828,-0.608391925073019,1.8844002615704558,0.06000000000128125,-0.3751494242631683,0.17852729558944702
24.51673355,1.4219731506243511,-0.6072490734651678,1.8768972730888216,0.0599999999990386,-0.37514942408197366,0.17852729558944702
24.549219029,1.4216158347749877,-0.6061035087012294,1.8693942846071903,0.05999999999899419,-0.37514942408166424,0.17852729558944702
24.581698567,1.4212671240616805,-0.6049552952702814,1.8618912961255565,0.05999999999899419,-0.37514942408166424,0.17852729558944702
24.610398589,1.4209270381149508,-0.603804497810508,1.8543883076439207,0.0599999999990386,-0.37514942408197377,0.17852729558944702
24.646510757,1.4205954408815902,-0.6026512254117181,1.8472439831631562,0.05999999999923844,-0.35123848438947874,0.17592838406562805
24.672737188,1.4202719704912872,-0.60149564720801,1.8402192134753614,0.05999999999923844,-0.3512384843894788,0.17592838406562805
24.70090241,1.4199566256861342,-0.6003378252302647,1.8331944437875678,0.05999999999923844,-0.35123848438947874,0.17592838406562805
24.734360692,1.4196494220275095,-0.5991778166137384,1.826169674099771,0.059999999999216236,-0.35123848438963345,0.17592838406562805
24.763076435,1.4193503746750502,-0.5980156786015924,1.819144904411979,0.05999999999923844,-0.3512384843894788,0.17592838406562805
24.804770746,1.4190596470720678,-0.5968514316491973,1.811819752299106,0.05999999999948269,-0.3689080429149117,0.18678852915763855
24.83153729,1.418777512672277,-0.5956850725072635,1.804441591440804,0.05999999999948269,-0.3689080429149117,0.18678852915763855
24.86332279,1.4185039914590534,-0.5945166634977835,1.7970634305825062,0.059999999999504894,-0.368908042914757,0.18678852915763855
24.896748962,1.4182390983220747,-0.5933462682254509,1.7896852697242045,0.05999999999948269,-0.36890804291491175,0.18678852915763855
24.926168703,1.4179828476813305,-0.5921739504030858,1.7823071088659053,0.05999999999948269,-0.3689080429149117,0.18678852915763855
24.964702257,1.4177349917336417,-0.5909998286537945,1.7754533187348387,0.059999999999460485,-0.3380626988465774,0.1863192468881607
24.994705881,1.4174950880810961,-0.5898240562473599,1.7686920647579059,0.059999999999460485,-0.33806269884657736,0.1863192468881607
25.026850072,1.4172631395473634,-0.5886466886786134,1.7619308107809726,0.059999999999460485,-0.3380626988465774,0.1863192468881607
25.059699014,1.4170391567358276,-0.5874677797701839,1.7551695568040375,0.059999999999460485,-0.3380626988465774,0.1863192468881607
25.088018414,1.4168231498857244,-0.5862873834151633,1.7484083028271042,0.059999999999460485,-0.3380626988465774,0.1863192468881607
25.123522006,1.4166151169367842,-0.5851055556384506,1.7417816269008441,0.06000000000494499,-0.32460489377925655,0.18183203041553497
25.153478401,1.4164144011929525,-0.5839224626312461,1.7359175611105562,0.05999999999972694,-0.2932032895143648,0.18183203041553497
25.186370573,1.4162206265956132,-0.5827382129620704,1.7300534953202684,0.059999999999704734,-0.2932032895145195,0.18183203041553497
25.220058095,1.4160337998081254,-0.5815528473539162,1.7241894295299824,0.059999999999704734,-0.2932032895145195,0.18183203041553497
25.245822361,1.4158539272549338,-0.5803664065681514,1.7183253637396965,0.05999999999972694,-0.2932032895143648,0.18183203041553497
25.279825824,1.4156810087480338,-0.579178932314724,1.7125149494676688,0.06000000000117023,-0.2878381376884973,0.18997837603092194
25.307643676,1.4155148397904669,-0.5779904946344311,1.7069191415337805,0.05999999999923844,-0.279790396694252,0.18997837603092194
25.339362131,1.4153553236688161,-0.5768011457161852,1.7013233335998923,0.05999999999928285,-0.2797903966945615,0.18997837603092194
25.36774507,1.4152024653780086,-0.5756109228020513,1.6957275256660078,0.05999999999923844,-0.279790396694252,0.18997837603092194
25.396203361,1.4150562697044928,-0.5744198631614604,1.6901317177321193,0.05999999999923844,-0.279790396694252,0.18997837603092194
25.439147824,1.4149151701552063,-0.573225423144648,1.687622867162014,0.06000000000272454,-0.050807377792213095,0.19046543538570404
25.46692546,1.4147759014787837,-0.5720335321628564,1.686608957751253,0.05999999999994898,-0.050667493739749415,0.19046543538570404
25.497411427,1.4146378401873712,-0.5708415007216368,1.6855966435481469,0.05999999999992678,-0.05060995641107321,0.19046543538570404
25.533524239,1.4145009849292103,-0.5696493302155283,1.6845855345143697,0.05999999999968253,-0.050552583007020015,0.19046543538570404
25.560644204,1.4143653345357357,-0.5684570220136086,1.683575513017659,0.059999999999904574,-0.050495351692172084,0.19046543538570404
25.597988472,1.4142319635398963,-0.567266871081219,1.6802809082323455,0.0599999999761458,-0.24481932810617293,0.19680188596248627
25.625017096,1.4141037651204882,-0.566073739785721,1.675384521465846,0.05999999999968253,-0.24481933832486683,0.19680188596248627
25.650071253,1.4139814102467732,-0.564879995086083,1.6704881346993479,0.05999999999968253,-0.24481933832486685,0.19680188596248627
25.678001014,1.4138649018521545,-0.5636856656018034,1.665591747932846,0.05999999999972694,-0.24481933832517627,0.19680188596248627
25.703448359,1.4137542427298688,-0.5624907799664014,1.6606953611663464,0.05999999999972694,-0.24481933832517627,0.19680188596248627
25.74382192,1.4136507889163736,-0.5612994267469872,1.6528762135665223,0.05983327935399352,-0.5028433688060137,0.20258952677249908
25.773108744,1.4135584532691043,-0.5601029895950173,1.642763439505089,0.05999999999850569,-0.5055647873930498,0.20258952677249908
25.798382183,1.4134782104910977,-0.5589056805818714,1.632669333760488,0.059999999998416875,-0.5046097870023966,0.20258952677249908
25.828155367,1.4134100478850111,-0.5577076231216056,1.6225923704191225,0.05999999999848349,-0.5036577618499176,0.20258952677249908
25.855853737,1.4133539479911648,-0.5565089402318347,1.6125363008013354,0.05999999999830585,-0.5027085605742274,0.20258952677249908
25.8933283,1.41331212932976,-0.5553268790473819,1.5973806490317792,0.0587323848465493,-0.9566189969810454,0.20583511888980865
25.921167583,1.41329237226078,-0.5541270621550244,1.577150111438312,0.05999999999382055,-1.0111041329669486,0.20583511888980865
25.946901755,1.4132968260365941,-0.5529270906456663,1.5570295971966774,0.05999999999386496,-1.0054614418553733,0.20583511888980865
25.976401397,1.4133253540071304,-0.5517274498019319,1.537021255052385,0.05999999999397598,-0.9998566243565229,0.20583511888980865
26.002538704,1.4133778106807067,-0.5505286166903428,1.517124318122622,0.05999999999397598,-0.9942902032800671,0.20583511888980865
26.036245493,1.413452056429497,-0.5493741262361236,1.492925795483019,0.055850097118681497,-1.413254878439543,0.20365674793720245
26.066996568,1.413565943855802,-0.5481929560318844,1.4566637702411653,0.05999999998285155,-1.8199999997200034,0.20365674793720245
26.091376654,1.4137242711091615,-0.5470035135188954,1.4202637702405803,0.05999999998003158,-1.8200000000293186,0.20365674793720245
26.121993488,1.4139257796327236,-0.54582062074024,1.38386377023999,0.05999999998000938,-1.8200000000294732,0.20365674793720245
26.14872643,1.4141702024652312,-0.5446458448084941,1.3474637702394008,0.05999999997992056,-1.8200000000294736,0.20365674793720245
26.185683074,1.4144572157919646,-0.543480742082923,1.3110637702387866,0.05999999997983174,-1.8200000000307113,0.2046784609556198
26.215208384,1.4147864393737326,-0.5423268561075941,1.2746637702381627,0.05999999997978733,-1.8200000000310208,0.2046784609556198
26.239343822,1.4151574370506197,-0.5411857155664708,1.2382637702375408,0.05999999997978733,-1.8200000000310208,0.2046784609556198
26.270626372,1.4155697173198165,-0.540058832258189,1.201863770236915,0.05999999997978733,-1.8200000000310208,0.2046784609556198
26.297113855,1.4160227339867673,-0.53894769909321,1.1654637702362944,0.059999999979742924,-1.8200000000307113,0.2046784609556198
26.337554281,1.4165158868887808,-0.5378537881159876,1.129063770235669,0.05999999997978733,-1.8200000000310208,0.20601491630077362
26.377026525,1.4170485226901295,-0.5367785485547854,1.0926637702350432,0.05999999997978733,-1.8200000000310208,0.20601491630077362
26.405343753,1.4176199357475985,-0.5357234049017194,1.0562637702344209,0.05999999997978733,-1.8200000000310208,0.20601491630077362
26.433223061,1.4182293690453343,-0.5346897550255704,1.0198637702337952,0.05999999997978733,-1.8200000000310208,0.20601491630077362
26.461975464,1.418876015197746,-0.5336789683198693,0.983463770233173,0.059999999979742924,-1.8200000000307113,0.20601491630077362
26.48516946,1.4195590175191448,-0.5326923838887042,0.9470637702325493,0.05999999997980954,-1.8200000000308658,0.2083456665277481
26.512369516,1.4202774711586874,-0.5317313087726595,0.9106637702319232,0.05999999997978733,-1.8200000000310208,0.2083456665277481
26.539727338,1.4210445954097026,-0.5307795719346771,0.8742637702313856,0.06143171453425467,-1.8200000000310204,0.2083456665277481
26.565939044,1.4218827216458452,-0.5298139608288119,0.8378637702308842,0.06437248531425688,-1.820000000034425,0.2083456665277481
26.594294915,1.4227955049783627,-0.528836573345034,0.8014637702303218,0.06730727424160143,-1.8200000000375194,0.2083456665277481
26.617674198,1.4237827213761398,-0.5278537992987069,0.7650637702297449,0.07023580447287348,-1.8200000000376744,0.222954660654068
26.645250859,1.4248500794611598,-0.5268658678371264,0.7286637702291616,0.07315815637676248,-1.8200000000373646,0.222954660654068
26.669489531,1.425999090374739,-0.5258774551697778,0.6922637702285448,0.0760738660455118,-1.820000000039067,0.222954660654068
26.697385592,1.4272265311988512,-0.5248970340060783,0.6558637702278738,0.07898285418668216,-1.8200000000424708,0.222954660654068
26.723131968,1.4285378086856992,-0.5239255982682895,0.6194637702272001,0.08188546320524459,-1.8200000000424712,0.222954660654068
26.751315136,1.4299289774893442,-0.5229714245233932,0.583063770226475,0.08478125628534894,-1.8200000000454106,0.22949905693531036
26.778215793,1.4314027786656207,-0.5220375641692185,0.54666377022571,0.08767062919279311,-1.8200000000471133,0.22949905693531036
26.802325666,1.432959398367354,-0.5211288747847852,0.5102637702249101,0.0905533777307177,-1.8200000000489698,0.22949905693531036
26.831469863,1.434601290608266,-0.5202488545176482,0.4738637702240997,0.09342952126834003,-1.8200000000491248,0.22949905693531036
26.861237288,1.4363231090645243,-0.519405205274851,0.43746377022326344,0.09629887708679785,-1.8200000000503629,0.22949905693531036
26.886460595,1.4381268107529566,-0.5186014555641262,0.40106377022236334,0.09916193828731767,-1.8200000000537666,0.24888046085834503
26.917828707,1.4400115844056451,-0.5178425262991406,0.3646637702214568,0.10201855520621805,-1.8200000000539216,0.24888046085834503
26.945133771,1.4419763672295738,-0.5171333249830746,0.32826377022051856,0.10486881437967721,-1.8200000000553138,0.24888046085834503
26.973844067,1.4440198462217544,-0.516478733513394,0.2918637702195499,0.10771281836259305,-1.820000000057016,0.24888046085834503
27.004928418,1.4461404592249596,-0.5158835964527354,0.2554637702185485,0.11055068530050338,-1.8200000000587182,0.24888046085834503
27.032976233,1.4483363965010978,-0.5153527093891495,0.21906377021752044,0.11338254855854935,-1.8200000000604202,0.2609971761703491
27.062640164,1.4506056028142917,-0.5148908074069155,0.182663770216456,0.11620855635190441,-1.8200000000618128,0.2609971761703491
27.090440696,1.4529457800146512,-0.5145025536885937,0.14626377021538084,0.11902887137464901,-1.8200000000619678,0.2609971761703491
27.118914398,1.4553543901131334,-0.5141925282682787,0.10986377021427642,0.12184367043381883,-1.8200000000638243,0.2609971761703491
27.150632115,1.4578286588372011,-0.5139652169553351,0.07346377021314178,0.12465314408893757,-1.820000000065217,0.2609971761703491
27.178422829,1.4603655796564232,-0.5138250004472079,0.037063770211995604,0.1274574963005204,-1.820000000065372,0.2756403982639313
27.210662733,1.4629619182666849,-0.5137761436491993,0.0006637702107890283,0.13025694409514177,-1.8200000000698595,0.2756403982639313
27.238838538,1.4656142314385847,-0.5138222209787005,-0.03526483182082594,0.13305171723598797,-1.7938112182289359,0.2756403982639313
27.2682893,1.4683156016198593,-0.5139654676142197,-0.07048014884927123,0.13580304193550052,-1.7549343070713124,0.2756403982639313
27.299826228,1.4710696008646102,-0.5142076551344451,-0.10485707305158941,0.1384914213466315,-1.7169468286983327,0.2756403982639313
27.326970431,1.4738632760776074,-0.5145496510600871,-0.1386643427605676,0.14110613889248835,-1.6895267928007436,0.29937562346458435
27.360142931,1.4766948055059923,-0.5149929572485815,-0.17179896092135108,0.14367045337690953,-1.6530869128499215,0.29937562346458435
27.39013651,1.4795597480241265,-0.5155382244202399,-0.20421983284147302,0.14617592447827565,-1.6174832196584237,0.29937562346458435
27.42014214,1.4824512600367776,-0.5161853797849209,-0.23597919901898987,0.14861945066615423,-1.5827597871432,0.29937562346458435
27.450560905,1.4853698630484997,-0.5169354760079939,-0.26702398426406826,0.1510058544669679,-1.5488480853832178,0.29937562346458435
27.48066513,1.4883099124364838,-0.5177863957458448,-0.2959144065367505,0.15333062421636345,-1.4133664849712246,0.3090967535972595
27.512754282,1.4912659395899215,-0.5187327692307512,-0.32367030439606803,0.15547499715238278,-1.3849535987330948,0.3090967535972595
27.543311616,1.4942358437395231,-0.5197742778133069,-0.35085360261468485,0.15752375530451168,-1.3578076059318889,0.3090967535972595
27.573006575,1.497210347052514,-0.520908394123651,-0.37755931147315974,0.15952350775441104,-1.3313109374154612,0.3090967535972595
27.604725053,1.5001920557900454,-0.5221364087155811,-0.40371823345002317,0.16148282759222976,-1.3053499999737121,0.3090967535972595
27.63497963,1.503161243950054,-0.5234544733600774,-0.4335003732750573,0.16263812303018987,-1.6363585754679448,0.33469170331954956
27.667162307,1.5061387219928524,-0.524891644094068,-0.4657751760931201,0.16560882976264235,-1.6099653458295762,0.33469170331954956
27.698325496,1.509111029643551,-0.5264449861187797,-0.4972321290933947,0.16802681384024964,-1.5687234525412646,0.33469170331954956
27.727137413,1.512074876810352,-0.5281130471767865,-0.5278851444981338,0.1703767218693253,-1.528642685630964,0.33469170331954956
27.760054317,1.5150262311343996,-0.5298937460091171,-0.5577570318874645,0.1726598988974315,-1.4897001035706334,0.33469170331954956
27.787339415,1.5179616994685186,-0.5317870806750937,-0.5883521580037624,0.17487849305890535,-1.5643701621295665,0.3435796797275543
27.821343695,1.5208734555712888,-0.5337948872416824,-0.6188857483018066,0.17715721304156773,-1.5224916560205684,0.3435796797275543
27.856965132,1.523760109761068,-0.5359164088873334,-0.6485831705617302,0.1794316946298835,-1.4806910434882536,0.3435796797275543
27.887532937,1.526618393395169,-0.538148884277907,-0.6774671768809647,0.1816378692675924,-1.4401457817842602,0.3435796797275543
27.919310076,1.5294451038613004,-0.5404893336514932,-0.7055621824497418,0.18377782829488432,-1.400817436103889,0.3435796797275543
27.951033665,1.5322360469248184,-0.5429351631962035,-0.7337893129183742,0.18585380081295177,-1.4272852609113238,0.3494400680065155
27.978419342,1.5349880875550816,-0.5454874314899133,-0.76161136170277,0.18794231837004904,-1.3870821168768708,0.3494400680065155
28.009712175,1.5376970120088704,-0.5481417520835791,-0.7886799285591264,0.18999912310031508,-1.3474894323143185,0.3494400680065155
28.038289903,1.5403636362919766,-0.5508976400892,-0.8149379185767545,0.1919956970461989,-1.309056166732875,0.3494400680065155
28.073032826,1.5429843157613463,-0.5537502114598839,-0.8404497942786777,0.19392718741353399,-1.2718757345336489,0.3494400680065155
28.104081822,1.5455571378839246,-0.5566961585062618,-0.8652974729684934,0.1957992085290794,-1.2411860604018765,0.36113688349723816
28.130279965,1.5480815631738731,-0.5597337436577648,-0.8894528611580613,0.1976186701546645,-1.2060106310624794,0.36113688349723816
28.160893886,1.5505549217583972,-0.562858336307665,-0.912924898028687,0.19938325587864902,-1.1718961107800094,0.36113688349723816
28.186801966,1.5529748570823287,-0.5660654379579461,-0.9357675238209237,0.20109391846099278,-1.1388240800025584,0.36113688349723816
28.216928515,1.5553414649889035,-0.5693533076537808,-0.9579658531699538,0.20275531500926203,-1.106704503453177,0.36113688349723816
28.246360824,1.5576538917090987,-0.5727188594073458,-0.9795393745785242,0.20436618279722207,-1.0755617932594679,0.35278835892677307
28.272831838,1.5599095317795326,-0.5761565896573757,-1.0005674384941734,0.20592819826701358,-1.0453635389587332,0.35278835892677307
28.299089152,1.5621114946189647,-0.5796687311401655,-1.020945772615941,0.20744816733244686,-1.0159781626548914,0.35278835892677307
28.32391733,1.564257635587831,-0.5832497370209977,-1.040754141855955,0.20891715057584914,-0.9875784890294914,0.35278835892677307
28.351123441,1.5663476679730017,-0.5868968149739422,-1.0600098913791043,0.21034195530948985,-0.9600329131274933,0.35278835892677307
28.384565979,1.568379919154553,-0.590604946820237,-1.078783032893281,0.21172404666454092,-0.9333131097578461,0.3515561521053314
28.406455945,1.5703564810354225,-0.5943751999760348,-1.0970071350517925,0.21306939318490592,-0.9073036897943446,0.3515561521053314
28.435030378,1.5722774142712208,-0.5982049255504179,-1.1146998098996048,0.21437229470631092,-0.8821148538185943,0.3515561521053314
28.45730238,1.5741422166611025,-0.6020904476223105,-1.1319029688274982,0.21563421594328336,-0.8577182846610028,0.3515561521053314
28.483931901,1.5759511052769246,-0.6060294043798875,-1.1486312257844213,0.2168586954508056,-0.8340455718938025,0.3515561521053314
28.516614055,1.5776983116682148,-0.6100076496716353,-1.1664842624026537,0.216716505883352,-0.9696358554741838,0.33353063464164734
28.53916574,1.5793327181406098,-0.6140009234680105,-1.1998491747976932,0.2193319942159988,-1.8199999786918375,0.33353063464164734
28.56985366,1.5808632955387947,-0.6181587914851716,-1.2362491747999005,0.22190949726741405,-1.8200000001190648,0.33353063464164734
28.595514828,1.5822588514288654,-0.6224225207820305,-1.2726491748020843,0.224744852373715,-1.8200000001175174,0.33353063464164734
28.62445202,1.5835140290197638,-0.6267888645023725,-1.3090491748043238,0.22759029294148192,-1.820000000120767,0.33353063464164734
28.65654462,1.584633639958285,-0.6312783551531074,-1.3410416492188721,0.23274500703784895,-1.396372104664662,0.3122677803039551
28.683626848,1.5856668582417452,-0.6358559167204546,-1.3545566538056872,0.2330395740451907,-0.5185136595021861,0.3122677803039551
28.713165267,1.5866473369529592,-0.6404295257090281,-1.364659128607786,0.23392613895354408,-0.5044526152533005,0.3122677803039551
28.740080264,1.5875843282390913,-0.6450246618725644,-1.3745946320611944,0.23462553547721754,-0.4948558096561002,0.3122677803039551
28.772258125,1.5884791967674614,-0.649644355131745,-1.3843123498790326,0.23531365165281315,-0.4854137879417072,0.3122677803039551
28.804111228,1.5893199967301395,-0.6542498389687834,-1.3989972637301145,0.2325505600027089,-0.9563041158933681,0.2997342348098755
28.829865642,1.5900432361614751,-0.658850289188693,-1.4323940437038576,0.2370737165143133,-1.8199999797557953,0.2997342348098755
28.861980024,1.5906174438934924,-0.6636049393261316,-1.4687940437026965,0.23972002054946095,-1.8200000001272656,0.2997342348098755
28.889659382,1.5910227453890564,-0.6684315904032837,-1.5051940437050735,0.2426265541948469,-1.8200000001274206,0.2997342348098755
28.9198221,1.5912550700815706,-0.6733310061035804,-1.5415940437074525,0.24554774057909956,-1.8200000001274206,0.2997342348098755
28.949088029,1.5913095139230098,-0.6782913721114314,-1.5779940437099256,0.24848419590381976,-1.8200000001345384,0.300054132938385
28.975409715,1.5911819054113407,-0.6833093985577057,-1.614394043712625,0.2514367820798835,-1.8200000001464527,0.300054132938385
29.003970654,1.590867958362574,-0.688381627989703,-1.6507940437152289,0.2544062259167479,-1.820000000135931,0.300054132938385
29.031680359,1.5903640307649416,-0.693495493603174,-1.6871940437177462,0.2573932955364455,-1.8200000001337646,0.300054132938385
29.063990928,1.5896680348863212,-0.6986344829307044,-1.7235940437203485,0.2596011735017223,-1.8200000001373233,0.300054132938385
29.098835393,1.588807408607609,-0.7036216744492887,-1.759994043723534,0.25090378282461856,-1.8200000001319079,0.28260859847068787
29.126802329,1.587774173201078,-0.70853194202697,-1.796394043726181,0.25090378282464076,-1.820000000132372,0.28260859847068787
29.156454651,1.5865649235351733,-0.713393363977041,-1.8327940437288779,0.250470236867506,-1.8200000001339194,0.28260859847068787
29.182925837,1.5851959159601627,-0.7181508808137349,-1.8691940437316834,0.24738809789361937,-1.8200000001306702,0.28260859847068787
29.213665375,1.5836730620162758,-0.722799471905649,-1.905594043734492,0.24428718076814349,-1.8200000001306698,0.28260859847068787
29.249742037,1.58199444996831,-0.7273649323233441,-1.9382642662758138,0.24460851189491706,-1.4527664101211646,0.2724195122718811
29.277987926,1.5801353484552627,-0.7320814583573526,-1.950420341343676,0.2565828089641675,-0.32613020637774454,0.2724195122718811
29.305826411,1.5783290656188371,-0.7366410509807014,-1.9440484989710958,0.2371873470623287,0.41118061874292644,0.2724195122718811
29.332314469,1.5766148578948105,-0.7410716528655829,-1.9358788564499496,0.23757196786795554,0.40818229280525997,0.2724195122718811
29.359853865,1.5749330210730619,-0.7455258610150207,-1.9277910079746652,0.23811214436879613,0.40397132642873645,0.2724195122718811
29.395063783,1.5732853755470446,-0.7500081029777271,-1.9173018217996576,0.23864767977219703,0.6141455487111601,0.2787178158760071
29.420124969,1.571687098480962,-0.7545203222371842,-1.9051411333048538,0.23938435455317375,0.6077127843429027,0.2787178158760071
29.450236601,1.570138797508934,-0.7590655748282681,-1.8931097059228106,0.24026348948134046,0.6000360133917272,0.2787178158760071
29.479503722,1.5686388963637496,-0.7636472625029034,-1.8812461603284851,0.24113621661339124,0.5924151965207907,0.2787178158760071
29.507000799,1.5671879244544318,-0.7682627977955027,-1.8695335101167507,0.24199926718837528,0.5848788771586502,0.2787178158760071
29.547373915,1.5657868679076952,-0.7729116036097894,-1.85737112933314,0.24285414579734432,0.6173587604563098,0.26714015007019043
29.574307697,1.564438026115217,-0.7775944038931518,-1.8451370927281798,0.24375073662386004,0.6110732810639053,0.26714015007019043
29.603697598,1.5631414703946684,-0.7823107508593365,-1.8330301244288039,0.24465809361853275,0.6047123147768719,0.26714015007019043
29.634130763,1.561897235438931,-0.787059828441065,-1.821049669714119,0.2455598600554998,0.5983905600908972,0.26714015007019043
29.661882847,1.560705592646812,-0.7918399392255906,-1.809188677383499,0.24645616326448572,0.5921070970699217,0.26714015007019043
29.692599302,1.5595694808835054,-0.7966537103609729,-1.7955778448805773,0.24734769324334938,0.7038221334092031,0.23849686980247498
29.718604978,1.5584966733030523,-0.8015020631880173,-1.781552991672967,0.24838961970845563,0.7009560522704655,0.23849686980247498
29.750060748,1.557487226861281,-0.806387099439573,-1.7675904623944498,0.2494724197407372,0.6979775382823248,0.23849686980247498
29.781306466,1.5565420703342951,-0.8113059598502598,-1.7536846045464907,0.2505568286984561,0.6949945984466521,0.23849686980247498
29.807315557,1.555661868966541,-0.8162567195894505,-1.7398325406453292,0.25164353316102783,0.6920053442535028,0.23849686980247498
29.846391096,1.5548503257982198,-0.8212434537499207,-1.7241377129349098,0.25273297663548355,0.8012828520834345,0.21748900413513184
29.873874248,1.5541151280077021,-0.8262667898900923,-1.70811205589088,0.2539827598654787,0.8012828522686523,0.21748900413513184
29.907236318,1.5534572215736486,-0.8313266616954299,-1.6920863988496968,0.25526886703362006,0.8012828519703236,0.21748900413513184
29.940794415,1.5528774038943423,-0.8364234261707094,-1.6760607418042477,0.2565642315885075,0.8012828523563871,0.21748900413513184
29.96789982,1.552376939364605,-0.8415534858622825,-1.6600350847616887,0.2578691641497821,0.8012828524707363,0.21748900413513184
30.000246579,1.5519570140336856,-0.8467171162867425,-1.6429858108625177,0.2591840062608597,0.9036445370353077,0.19671423733234406
30.032531202,1.5516419765477387,-0.8518953296715898,-1.6201360413079104,0.25940614074420054,1.142488480501894,0.19671423733234406
30.062414408,1.5514466712931887,-0.8570434735073468,-1.5972862716954583,0.25750279799143794,1.1424884804837903,0.19671423733234406
30.091381719,1.551369570789172,-0.8621583031419615,-1.5744365020785291,0.2555842507971917,1.1424884807822737,0.19671423733234406
30.115875042,1.5514090517594123,-0.8672349141791508,-1.551586732462378,0.2536503678705504,1.1424884808079598,0.19671423733234406
30.149702073,1.5515633208399011,-0.8722684109317433,-1.5286219513330577,0.2517010506758899,1.1539896321258423,0.1831626445055008
30.178835576,1.5518324877577367,-0.8772495253878615,-1.504949618819976,0.24892570033008266,1.186407599424577,0.1831626445055008
30.207851948,1.552217035349873,-0.8821921313448128,-1.4813331057839416,0.24767803978860137,1.1808256518874771,0.1831626445055008
30.240159624,1.5527140281448695,-0.887083305776202,-1.457716592752221,0.24561764726609425,1.1808256518915001,0.1831626445055008
30.266868817,1.5533212146352335,-0.8919202055195914,-1.4341000797242136,0.2435410903319557,1.1808256510788322,0.1831626445055008
30.308904919,1.5540229308470657,-0.8966999900117738,-1.4195934064314526,0.2414483596064665,0.42167233943438226,0.17458191514015198
30.339536046,1.5547666467559125,-0.9014466765894168,-1.4111599596415718,0.24009521981676052,0.4216723394382506,0.17458191514015198
30.369729182,1.5555475462960557,-0.9061698574553007,-1.4027265128528121,0.23923697454630855,0.4216723394379411,0.17458191514015198
30.398386803,1.5563651404657413,-0.9108683979065507,-1.3942930660639952,0.23837139118241257,0.4216723394411906,0.17458191514015198
30.424154854,1.5572191944228027,-0.915542715454884,-1.3858596192752006,0.23749840483517914,0.421672339439798,0.17458191514015198
30.472963077,1.5581096719117247,-0.920191419684104,-1.377091942659505,0.23661789533282462,0.44738232612651974,0.16815441846847534
30.505003893,1.5590381393128145,-0.924814974558629,-1.3681442961369974,0.2357020771867946,0.44738232612528195,0.16815441846847534
30.53357375,1.560004277158045,-0.9294126276498638,-1.359196649614472,0.2347633378836811,0.4473823261263651,0.16815441846847534
30.56149387,1.561007259118022,-0.9339820535601474,-1.3502490030919432,0.23381647209916867,0.44738232612651985,0.16815441846847534
30.587562113,1.5620466183297437,-0.9385227882022985,-1.3413013565694099,0.23286147878400776,0.44738232612667456,0.16815441846847534
30.622865999,1.5631232143662688,-0.9430350416732265,-1.3316475573694042,0.2318982811867487,0.4978218030927077,0.15554454922676086
30.649038957,1.5642397583429608,-0.9475174769005286,-1.3216911213075562,0.2308681568194082,0.497821803092553,0.15554454922676086
30.676400822,1.5653958059597544,-0.951969070008335,-1.3117346852457021,0.22980396751937082,0.4978218030927077,0.15554454922676086
30.705708692,1.5665902461607148,-0.956387200072795,-1.3017782491838223,0.2287306806985967,0.4978218030944097,0.15554454922676086
30.730092462,1.5678227629455754,-0.9607723973721557,-1.2918218131219736,0.2276483503062865,0.4978218030927077,0.15554454922676086
30.770515676,1.569092450436388,-0.9651231239147885,-1.2818762159263544,0.2265568612493718,0.49704759836203066,0.15573810040950775
30.800303124,1.5703992729827176,-0.9694410231330435,-1.2719352639591166,0.22545712595747336,0.4970475983620307,0.15573810040950775
30.825483896,1.5717423257818208,-0.9737245775463521,-1.2619943119918753,0.22434845749101928,0.4970475983620307,0.15573810040950775
30.868852635,1.5731209986443582,-0.9779733194961293,-1.2520533600246322,0.22323049391845817,0.49704759836203066,0.15573810040950775
30.903063937,1.5745350280958683,-0.9821878594023855,-1.2421124080573935,0.2221031981095578,0.49704759836187595,0.15573810040950775
30.93935299,1.5759826162737303,-0.9863645625106096,-1.2322364116822948,0.22096645952847105,0.4924079132091931,0.15689802169799805
30.964717646,1.5774639825517607,-0.9905064013248748,-1.2223882534181207,0.2198258850028445,0.49240791320888355,0.15689802169799805
30.992368464,1.5789785211386225,-0.9946130063651103,-1.2125400951539687,0.2186781752196998,0.492407913207491,0.15689802169799805
31.023899587,1.5805248093783344,-0.9986818067597986,-1.2026919368898,0.21752100568428467,0.492407913209193,0.15689802169799805
31.053140402,1.5821025969058438,-1.0027134746975601,-1.1928437786256252,0.2163545502997355,0.492407913209193,0.15689802169799805
31.084704396,1.583710959431903,-1.006706454966119,-1.1828803064738806,0.215178724223275,0.5006446194648404,0.15483884513378143
31.114588065,1.5853505038616764,-1.0106621939226241,-1.1728674140845878,0.21398407256156826,0.5006446194646856,0.15483884513378143
31.138584228,1.5870201087688105,-1.0145791135619704,-1.1628545216952932,0.21277581333745132,0.5006446194648404,0.15483884513378143
31.168461655,1.5887185995423776,-1.0184557137460253,-1.152841629306027,0.21155817206779393,0.5006446194631383,0.15483884513378143
31.197049938,1.5904457526434772,-1.0222927465705212,-1.1428287369167263,0.2103313058916534,0.5006446194648404,0.15483884513378143
31.230547163,1.5921809121849206,-1.0260456459627172,-1.1322964272133385,0.20424455161869304,0.5474036078041917,0.15159963071346283
31.26066508,1.5939665058377301,-1.0298030109500258,-1.1220243976717992,0.20781160593639214,0.5136014771313722,0.15159963071346283
31.286488365,1.5957788418445034,-1.0335177238633078,-1.1117523681302293,0.20653514827979613,0.5136014771329196,0.15159963071346283
31.314390202,1.5976177372511184,-1.0371906516150096,-1.1014803385886702,0.20524965734334266,0.5136014771316817,0.15159963071346283
31.341401281,1.5994824432629053,-1.0408214817081973,-1.0912083090470899,0.20395509961457226,0.5136014771327648,0.15159963071346283
31.372493773,1.6013716796787565,-1.044408719264033,-1.080866196603275,0.20265158652379434,0.5194417190440618,0.15013957023620605
31.401913773,1.603286150441395,-1.0479541353396382,-1.07047736222347,0.20133357838327814,0.5194417190457639,0.15013957023620605
31.428218971,1.6052238343585299,-1.0514550402446021,-1.060088527843531,0.2000028134805376,0.5194417190555122,0.15013957023620605
31.461105893,1.6071852300418856,-1.0549135036672697,-1.0496996934624236,0.1986636194982072,0.5194417190552026,0.15013957023620605
31.490345014,1.6091689166800014,-1.0583281113811975,-1.0393108590813132,0.19731584212783204,0.5194417190555122,0.15013957023620605
31.523366809,1.6111749542542586,-1.0616997094790563,-1.028781117114592,0.19595981400852835,0.5302807641040865,0.14742980897426605
31.557919831,1.6132015901641557,-1.0650252444791743,-1.0181755018325684,0.1945838626754126,0.5302807641011466,0.14742980897426605
31.587519968,1.6152486776193806,-1.068305538924417,-1.007569886550503,0.1931938674528455,0.5302807641036222,0.14742980897426605
31.620212156,1.6173161446849675,-1.071541575911788,-0.9969642712684539,0.1917961636998422,0.5302807641023844,0.14742980897426605
31.648642553,1.61940167989015,-1.0747308205755737,-0.9863586559863824,0.1903907913525016,0.5302807641039318,0.14742980897426605
31.68305434,1.6215044439993929,-1.077873121998866,-0.9757480823131146,0.18897837659945793,0.5306349349031628,0.1473412662744522
31.714265145,1.6236244008183247,-1.08096951035529,-0.9651353836150607,0.18755877518656927,0.5306349349023891,0.1473412662744522
31.74089931,1.625749953416243,-1.0840040488885676,-0.9543793734356922,0.1840757714607566,0.5449660830338569,0.1473412662744522
31.772939768,1.6279030211744956,-1.0870089939774386,-0.9437666747408338,0.18469035507959752,0.5306349324685636,0.1473412662744522
31.804175199,1.630070841501314,-1.0899676964165967,-0.9331539760341812,0.18325107996099987,0.5306349357152117,0.1473412662744522
31.835485541,1.6322525944702568,-1.0928801215858934,-0.9225675991615825,0.18180596340633404,0.5284414490148455,0.146432563662529
31.870370345,1.6344474074827964,-1.0957463233361735,-0.9119987701825589,0.18035749436946524,0.5284414490137624,0.146432563662529
31.896725538,1.6366544932794334,-1.0985663028737636,-0.9014299412036493,0.1789052721230311,0.5284414490077277,0.146432563662529
31.926184202,1.6388730624052867,-1.1013400489939744,-0.890861112366246,0.17744816707800926,0.5284414446581293,0.146432563662529
31.957768035,1.6411023282034891,-1.1040675655689196,-0.8802922834711093,0.17598651418404554,0.5284414447834646,0.146432563662529
31.985854018,1.6433393296095928,-1.106748049702083,-0.8705860751320599,0.1743174395320457,0.47140545330092837,0.16035248339176178
32.014720664,1.645584675407641,-1.1093874250167277,-0.8611862887852169,0.17312279135353048,0.46998931848578546,0.16035248339176178
32.039831827,1.6478357747128227,-1.1119837064025633,-0.8517865024082807,0.1717465857021816,0.46998931884693673,0.16035248339176178
32.071521839,1.6500938259408722,-1.1145390843565313,-0.8423867159685929,0.17036749901746528,0.46998931884167583,0.16035248339176178
32.103154614,1.6523573031487384,-1.1170525879366453,-0.8329869295995987,0.16898536305400835,0.4699893195348882,0.16035248339176178
32.134701117,1.6545358135334893,-1.1194711248776468,-0.8521095707890012,0.1676007436951954,-1.7767317927438857,0.1430409550666809
32.175183123,1.6567094044645905,-1.1220461341111374,-0.8873007726068384,0.16859529487933678,-1.7576521240187273,0.1430409550666809
32.209747969,1.658817972677396,-1.1247282105324563,-0.9216564427080404,0.1709044068420873,-1.713353658506596,0.1430409550666809
32.252965538,1.6608624595245363,-1.1275183175199828,-0.9551073747859291,0.173143478293869,-1.6703988641762173,0.1430409550666809
32.296192063,1.6628368587590707,-1.130408638847431,-0.9877685899261548,0.1753060281288299,-1.6289120779092259,0.1430409550666809
32.337333945,1.6647396703989459,-1.1333967415285828,-1.0196417500756325,0.17740283060008188,-1.5900421135943936,0.14947746694087982
32.375195794,1.6665671764357242,-1.1364767594463574,-1.0507805774811814,0.17943402849325274,-1.551100062631026,0.14947746694087982
32.41544799,1.6683193760222883,-1.1396479191983404,-1.0811224767385132,0.18140479403638832,-1.5133166184461204,0.14947746694087982
32.445474938,1.6699922702557597,-1.1429025956181325,-1.1107680010832623,0.18330956085468308,-1.4767984993754317,0.14947746694087982
32.48297506,1.6715870108237154,-1.1462416423657324,-1.1396307794649465,0.1851576312396963,-1.441367362225089,0.14947746694087982
32.516756349,1.673099478931743,-1.1496559941566622,-1.1679058155555422,0.18694113663639822,-1.4124380825579732,0.15115192532539368
32.556933103,1.6745290913674467,-1.153143575970332,-1.1955503694372527,0.18867740676509204,-1.378870984255336,0.15115192532539368
32.589941805,1.6758756206968943,-1.1567021064306138,-1.2225086948806565,0.1903628209944941,-1.346287076795725,0.15115192532539368
32.618241328,1.6771363279159748,-1.1603231398241656,-1.2488987812000152,0.19199264167506502,-1.31477794758161,0.15115192532539368
32.647473247,1.6783130710340373,-1.1640091367210705,-1.2746121398912666,0.1935776164704528,-1.2841358285000954,0.15115192532539368
32.673045604,1.679404300226505,-1.1677517655596004,-1.2991829293347619,0.195107817711615,-1.1966096720375334,0.14436526596546173
32.7030763,1.6804140645888819,-1.1715487364898405,-1.322529912748873,0.19654548981384856,-1.1661479934226138,0.14436526596546173
32.729660542,1.681337557701106,-1.175376012365145,-1.3455851654531692,0.19627220534077505,-1.155022727994083,0.14436526596546173
32.762514706,1.682182782666814,-1.1792662304174597,-1.3680647442757452,0.1992008445584892,-1.1217768955736358,0.14436526596546173
32.792373561,1.6829460520201251,-1.1831993666996208,-1.3901185322096896,0.20047004099945642,-1.1005685634879936,0.14436526596546173
32.822858007,1.6836264994141665,-1.187172847086877,-1.4124173328795875,0.20170561461718695,-1.126998232968756,0.15882456302642822
32.854497406,1.6842218473029777,-1.19118533069036,-1.4345196437042806,0.20296327020781213,-1.1026841310408027,0.15882456302642822
32.887721011,1.6847324598682862,-1.1952345898539969,-1.4561405851778095,0.2042068079472159,-1.0786429574766145,0.15882456302642822
32.913846595,1.6851588815551657,-1.1993179429000478,-1.4772938438795773,0.2054125847331445,-1.055331821898974,0.15882456302642822
32.947184665,1.6855017207609067,-1.2034327383220096,-1.4979936389653197,0.20658169643272828,-1.0327295243406636,0.15882456302642822
32.976537031,1.6857449160718003,-1.2072250428818512,-1.5153836951014499,0.2013612889122829,-0.9343251955721505,0.15660780668258667
33.006866537,1.6859356811763486,-1.2113912984752433,-1.5346593821844237,0.20862524975744368,-0.9621377397303998,0.15660780668258667
33.038770441,1.6860473962924247,-1.2155805648147613,-1.5535704267710941,0.20964365340201407,-0.9437093945279609,0.15660780668258667
33.06729114,1.6860807860040665,-1.219791060432716,-1.5721222443371186,0.21063338183298086,-0.9257999318966554,0.15660780668258667
33.104357943,1.6860365980399574,-1.2240207438837516,-1.5903251066643553,0.2115947610418445,-0.9084034700646043,0.15660780668258667
33.138444394,1.6859257548465936,-1.2271514637796401,-1.6249019134647713,0.15053710481787164,-1.8199999922806576,0.16060364246368408
33.171442327,1.6857050193350565,-1.230196887657946,-1.661301913449095,0.15319303162764086,-1.8200000006481034,0.16060364246368408
33.204511253,1.685368396809193,-1.2332903454041435,-1.6969146328088411,0.15600689342833984,-1.7762621862701624,0.16060364246368408
33.234750169,1.6849153429581418,-1.2364247027231419,-1.7316228951461898,0.15875384902332978,-1.7308743313251682,0.16060364246368408
33.270308257,1.6844096637198327,-1.239255844779423,-1.7630436899537576,0.16142462127253232,-1.6867452584540275,0.16060364246368408
33.307750462,1.6838079959929364,-1.242113015614653,-1.7948047273680134,0.12881925894261403,-1.501564269058692,0.16247448325157166
33.331938618,1.6830158668466983,-1.2453334465800212,-1.8289623664563448,0.16629071968250475,-1.7012190136969032,0.16247448325157166
33.362198934,1.682100617156192,-1.248580163935607,-1.8620819132304685,0.16891395646332352,-1.6535961982063565,0.16247448325157166
33.38802159,1.681064417469921,-1.2518438784705268,-1.894278808801129,0.1714507838726842,-1.607542071830459,0.16247448325157166
33.414666316,1.6799093480973588,-1.2551173077457247,-1.9256256173996318,0.17391128551045298,-1.5628735804117029,0.16247448325157166
33.442245522,1.678684830531359,-1.258336638026157,-1.933709058858845,0.1763018680326578,0.39021378253284583,0.1511501669883728
33.472943007,1.6774430024026448,-1.261645773970111,-1.9259047831647196,0.17677115748904182,0.3902137846466795,0.1511501669883728
33.499490511,1.676231981842601,-1.2649509783947221,-1.918100507471344,0.17591912970100765,0.39021378465116685,0.1511501669883728
33.523997173,1.6750525348478524,-1.2682494741443038,-1.9102962318240697,0.17506630760975028,0.3902137827869206,0.1511501669883728
33.54985231,1.6739044866885386,-1.2715409589689877,-1.902491956168333,0.17421288370886856,0.39021378278692054,0.1511501669883728
33.58546022,1.6727885958953679,-1.2748254496358904,-1.8937375595390635,0.1733588978048095,0.4693905305880069,0.16224685311317444
33.610663276,1.671708370201462,-1.278104326777214,-1.8843497489273364,0.17242572325866234,0.46939053058630476,0.16224685311317444
33.644193156,1.6706655095614769,-1.2813727330919216,-1.874961938315646,0.17143944900719355,0.4693905305847575,0.16224685311317444
33.674742173,1.669659198756515,-1.2846319319311366,-1.8655741277039541,0.1704528257329363,0.4693905305849122,0.16224685311317444
33.707284544,1.6686894608621414,-1.2878805744831574,-1.8561863170922344,0.1694657989597781,0.4693905305864596,0.16224685311317444
33.742150496,1.6677557261053246,-1.2911202290566894,-1.846560078405311,0.1684784816440521,0.48642110545798234,0.15671925246715546
33.766488283,1.6668586094878817,-1.2943503947801385,-1.8368316563357627,0.16747106323700134,0.4864211034776849,0.15671925246715546
33.798051912,1.6660220508793855,-1.29747420178578,-1.8277808308827816,0.16645486646569285,0.48642110492074286,0.15671925246715546
33.824499189,1.6651958606460369,-1.3006814075679312,-1.818052408782851,0.16550083646429403,0.48642110523763993,0.15671925246715546
33.852685242,1.6644057590571129,-1.3038768852835012,-1.8083239866728282,0.16448437951519512,0.48642110571731817,0.15671925246715546
33.89627394,1.6636500937922178,-1.3070597930008716,-1.8001665397295985,0.16346782826754946,0.3436051814848098,0.15474693477153778
33.930301953,1.6629212735919812,-1.3102305002546941,-1.7932944360967296,0.16258129689115108,0.34360518184565164,0.15474693477153778
33.962379735,1.662236674829318,-1.3132989531364252,-1.7870751842588033,0.16180122872335723,0.343605171588893,0.15474693477153778
33.986677437,1.6615559872122208,-1.3164485790716058,-1.7802030807121623,0.16108135517123312,0.34360517739965324,0.15474693477153778
34.012758598,1.660899976259973,-1.3195883600644336,-1.7733309771746715,0.16030135989666405,0.34360517675301605,0.15474693477153778
34.042565998,1.6602481988097346,-1.322713035671911,-1.79025853049999,0.15952136514409965,-1.8199999919374563,0.1681913435459137
