index,time_s,linear_velocity_mps,angular_velocity_radps
1,0.024,0.0485,0.4913
2,0.050,0.0685,0.4758
3,0.080,0.0885,0.4609
4,0.110,0.1085,0.4466
5,0.137,0.1285,0.4328
6,0.167,0.1485,0.4196
7,0.194,0.1685,0.4069
8,0.220,0.1885,0.3946
9,0.246,0.2085,0.3829
10,0.271,0.2285,0.3716
11,0.299,0.2413,0.3607
12,0.320,0.2419,0.3502
13,0.347,0.2424,0.3400
14,0.375,0.2429,0.3302
15,0.399,0.2434,0.3206
16,0.425,0.2439,0.3113
17,0.449,0.2444,0.3023
18,0.476,0.2448,0.2935
19,0.504,0.2453,0.2850
20,0.529,0.2457,0.2768
21,0.558,0.2461,0.2688
22,0.586,0.2465,0.2610
23,0.619,0.2469,0.2535
24,0.652,0.2465,0.2454
25,0.680,0.2468,0.2383
26,0.714,0.2472,0.2315
27,0.741,0.2475,0.2249
28,0.767,0.2479,0.2184
29,0.793,0.2372,0.2028
30,0.817,0.2375,0.1971
31,0.842,0.2378,0.1917
32,0.865,0.2381,0.1865
33,0.890,0.2383,0.1814
34,0.914,0.2207,0.0866
35,0.936,0.2208,0.0837
36,0.965,0.2209,0.0818
37,0.992,0.2210,0.0800
38,1.023,0.2211,0.0782
39,1.059,0.2117,0.0456
40,1.083,0.2118,0.0445
41,1.117,0.2118,0.0437
42,1.148,0.2119,0.0430
43,1.180,0.2119,0.0423
44,1.213,0.1994,0.1340
45,1.243,0.1995,0.1319
46,1.278,0.1996,0.1289
47,1.306,0.1998,0.1260
48,1.335,0.1999,0.1231
49,1.368,0.1808,0.4898
50,1.394,0.1790,0.4978
51,1.422,0.1795,0.4868
52,1.445,0.1801,0.4760
53,1.471,0.1806,0.4653
54,1.498,0.1786,0.7198
55,1.522,0.1788,0.7107
56,1.546,0.1797,0.6950
57,1.570,0.1805,0.6795
58,1.597,0.1809,0.6643
59,1.629,0.1727,0.8046
60,1.654,0.1718,0.7883
61,1.683,0.1709,0.7713
62,1.713,0.1701,0.7547
63,1.739,0.1692,0.7383
64,1.767,0.1720,0.8891
65,1.791,0.1710,0.8721
66,1.821,0.1700,0.8545
67,1.846,0.1690,0.8372
68,1.874,0.1681,0.8202
69,1.905,0.1786,0.9632
70,1.930,0.1986,0.9461
71,1.956,0.2186,0.9284
72,1.987,0.2381,0.9109
73,2.011,0.2387,0.8937
74,2.043,0.2372,1.0250
75,2.069,0.2354,1.0077
76,2.100,0.2337,0.9902
77,2.129,0.2319,0.9728
78,2.158,0.2302,0.9558
79,2.190,0.2286,0.9970
80,2.214,0.2268,1.0275
81,2.242,0.2250,1.0105
82,2.271,0.2232,0.9938
83,2.293,0.2214,0.9772
84,2.323,0.2198,1.0407
85,2.346,0.2179,1.1026
86,2.374,0.2159,1.0860
87,2.402,0.2139,1.0696
88,2.426,0.2120,1.0534
89,2.466,0.2101,1.2283
90,2.496,0.2080,1.2129
91,2.523,0.2058,1.1969
92,2.555,0.2037,1.1810
93,2.582,0.2015,1.1652
94,2.624,0.1994,1.2755
95,2.655,0.1972,1.2606
96,2.681,0.1949,1.2453
97,2.711,0.1927,1.2301
98,2.739,0.1904,1.2151
99,2.778,0.1882,1.1146
100,2.811,0.1861,1.1017
101,2.838,0.1841,1.0891
102,2.869,0.1821,1.0766
103,2.897,0.1801,1.0642
104,2.930,0.1721,0.5156
105,2.961,0.1736,-0.4741
106,2.985,0.1769,-0.4989
107,3.016,0.1775,-0.4953
108,3.041,0.1781,-0.4917
109,3.077,0.1788,-0.5850
110,3.106,0.1795,-0.5808
111,3.130,0.1802,-0.5764
112,3.160,0.1810,-0.5720
113,3.186,0.1817,-0.5678
114,3.216,0.1824,-0.7476
115,3.248,0.1834,-0.7423
116,3.271,0.1844,-0.7364
117,3.305,0.1854,-0.7306
118,3.331,0.1864,-0.7249
119,3.365,0.1874,-0.7712
120,3.394,0.1885,-0.7649
121,3.420,0.1895,-0.7584
122,3.451,0.1906,-0.7520
123,3.479,0.1916,-0.7457
124,3.509,0.1926,-0.7760
125,3.540,0.1937,-0.7691
126,3.563,0.1948,-0.7621
127,3.595,0.1958,-0.7552
128,3.620,0.1969,-0.7484
129,3.649,0.1979,-0.9078
130,3.675,0.1992,-0.9003
131,3.701,0.2005,-0.8924
132,3.727,0.2017,-0.8845
133,3.753,0.2030,-0.8767
134,3.785,0.2097,-0.3327
135,3.814,0.2078,0.6489
136,3.839,0.2041,0.6658
137,3.863,0.2028,0.6574
138,3.892,0.2015,0.6490
139,3.915,0.1945,0.1045
140,3.941,0.1976,-0.8499
141,3.964,0.2004,-0.8578
142,3.991,0.2016,-0.8501
143,4.015,0.2028,-0.8424
144,4.041,0.2055,-0.3927
145,4.068,0.2048,-0.3379
146,4.094,0.2052,-0.3357
147,4.122,0.2055,-0.3335
148,4.151,0.2059,-0.3313
149,4.180,0.2062,-0.3241
150,4.210,0.2066,-0.3220
151,4.238,0.2069,-0.3200
152,4.270,0.2073,-0.3179
153,4.298,0.2076,-0.3159
154,4.325,0.2079,-0.2975
155,4.356,0.2082,-0.2958
156,4.381,0.2085,-0.2941
157,4.409,0.2088,-0.2924
158,4.438,0.2091,-0.2907
159,4.464,0.2094,-0.2917
160,4.491,0.2097,-0.2900
161,4.517,0.2100,-0.2884
162,4.547,0.2103,-0.2867
163,4.571,0.2106,-0.2851
164,4.601,0.2108,-0.2904
165,4.634,0.2111,-0.2888
166,4.664,0.2114,-0.2871
167,4.694,0.2117,-0.2854
168,4.728,0.2120,-0.2837
169,4.757,0.2123,-0.2814
170,4.789,0.2125,-0.2798
171,4.818,0.2128,-0.2782
172,4.849,0.2131,-0.2766
173,4.880,0.2133,-0.2750
174,4.910,0.2136,-0.2805
175,4.943,0.2139,-0.2789
176,4.978,0.2141,-0.2773
177,5.008,0.2144,-0.2756
178,5.040,0.2147,-0.2740
179,5.069,0.2149,-0.2662
180,5.099,0.2152,-0.2647
181,5.126,0.2154,-0.2633
182,5.152,0.2157,-0.2618
183,5.177,0.2159,-0.2604
184,5.202,0.2162,-0.2738
185,5.227,0.2164,-0.2722
186,5.256,0.2167,-0.2706
187,5.281,0.2169,-0.2690
188,5.308,0.2172,-0.2674
189,5.336,0.2174,-0.2651
190,5.360,0.2177,-0.2635
191,5.384,0.2179,-0.2620
192,5.407,0.2182,-0.2605
193,5.433,0.2184,-0.2590
194,5.461,0.2187,-0.2652
195,5.489,0.2189,-0.2637
196,5.517,0.2191,-0.2621
197,5.543,0.2194,-0.2605
198,5.570,0.2196,-0.2590
199,5.598,0.2199,-0.2458
200,5.622,0.2201,-0.2445
201,5.655,0.2203,-0.2432
202,5.680,0.2205,-0.2419
203,5.707,0.2207,-0.2406
204,5.736,0.2209,-0.2572
205,5.760,0.2212,-0.2557
206,5.788,0.2214,-0.2542
207,5.815,0.2216,-0.2527
208,5.843,0.2218,-0.2512
209,5.869,0.2221,-0.2403
210,5.893,0.2223,-0.2390
211,5.917,0.2225,-0.2377
212,5.940,0.2227,-0.2364
213,5.965,0.2229,-0.2351
214,5.993,0.2231,-0.3837
215,6.016,0.2234,-0.3813
216,6.041,0.2239,-0.3783
217,6.066,0.2243,-0.3753
218,6.090,0.2247,-0.3724
219,6.116,0.2252,-0.4048
220,6.144,0.2256,-0.4019
221,6.175,0.2261,-0.3988
222,6.201,0.2266,-0.3958
223,6.228,0.2271,-0.3928
224,6.269,0.2275,-0.2318
225,6.294,0.2278,-0.2297
226,6.325,0.2280,-0.2283
227,6.355,0.2282,-0.2269
228,6.378,0.2284,-0.2255
229,6.407,0.2286,-0.2250
230,6.431,0.2288,-0.2237
231,6.455,0.2290,-0.2223
232,6.480,0.2292,-0.2210
233,6.506,0.2293,-0.2197
234,6.534,0.2295,-0.2282
235,6.556,0.2297,-0.2267
236,6.583,0.2299,-0.2253
237,6.610,0.2301,-0.2239
238,6.632,0.2303,-0.2225
239,6.666,0.2305,-0.2306
240,6.692,0.2307,-0.2290
241,6.715,0.2309,-0.2275
242,6.743,0.2311,-0.2260
243,6.767,0.2312,-0.2245
244,6.797,0.2314,-0.2347
245,6.823,0.2316,-0.2380
246,6.851,0.2318,-0.2363
247,6.880,0.2320,-0.2345
248,6.903,0.2322,-0.2328
249,6.935,0.2325,-0.2270
250,6.964,0.2326,-0.2227
251,6.991,0.2328,-0.2212
252,7.018,0.2330,-0.2197
253,7.043,0.2332,-0.2182
254,7.088,0.2334,-0.2336
255,7.113,0.2336,-0.2319
256,7.145,0.2338,-0.2302
257,7.178,0.2340,-0.2284
258,7.203,0.2341,-0.2268
259,7.240,0.2343,-0.2321
260,7.270,0.2345,-0.2303
261,7.297,0.2347,-0.2286
262,7.326,0.2349,-0.2268
263,7.351,0.2351,-0.2251
264,7.387,0.2353,-0.2380
265,7.417,0.2355,-0.2361
266,7.442,0.2357,-0.2341
267,7.473,0.2359,-0.2322
268,7.499,0.2361,-0.2302
269,7.532,0.2363,-0.2360
270,7.564,0.2365,-0.2340
271,7.589,0.2367,-0.2320
272,7.617,0.2369,-0.2300
273,7.647,0.2371,-0.2281
274,7.685,0.2373,-0.2329
275,7.717,0.2375,-0.2309
276,7.744,0.2377,-0.2289
277,7.774,0.2379,-0.2269
278,7.802,0.2380,-0.2250
279,7.837,0.2382,-0.2349
280,7.867,0.2384,-0.2327
281,7.897,0.2386,-0.2306
282,7.929,0.2388,-0.2285
283,7.958,0.2390,-0.2265
284,7.993,0.2392,-0.2267
285,8.018,0.2394,-0.2247
286,8.043,0.2396,-0.2227
287,8.069,0.2397,-0.2207
288,8.095,0.2399,-0.2188
289,8.123,0.2401,-0.2413
290,8.153,0.2403,-0.2389
291,8.176,0.2405,-0.2364
292,8.203,0.2407,-0.2339
293,8.228,0.2409,-0.2315
294,8.262,0.2411,-0.2296
295,8.296,0.2413,-0.2273
296,8.324,0.2415,-0.2250
297,8.351,0.2417,-0.2228
298,8.386,0.2418,-0.2206
299,8.412,0.2420,-0.2314
300,8.441,0.2422,-0.2290
301,8.465,0.2424,-0.2266
302,8.494,0.2426,-0.2242
303,8.523,0.2427,-0.2219
304,8.547,0.2429,-0.2269
305,8.574,0.2431,-0.2245
306,8.600,0.2433,-0.2221
307,8.628,0.2435,-0.2198
308,8.658,0.2436,-0.2175
309,8.685,0.2438,-0.2318
310,8.717,0.2440,-0.2292
311,8.742,0.2442,-0.2266
312,8.766,0.2443,-0.2240
313,8.792,0.2445,-0.2215
314,8.816,0.2447,-0.2145
315,8.840,0.2448,-0.2122
316,8.865,0.2450,-0.2101
317,8.889,0.2452,-0.2079
318,8.914,0.2453,-0.2059
319,8.938,0.2454,-0.2135
320,8.962,0.2456,-0.2113
321,8.985,0.2457,-0.2091
322,9.011,0.2459,-0.2070
323,9.040,0.2460,-0.2049
324,9.065,0.2462,-0.2132
325,9.094,0.2463,-0.2110
326,9.119,0.2465,-0.2088
327,9.144,0.2466,-0.2066
328,9.175,0.2467,-0.2045
329,9.200,0.2469,-0.2065
330,9.228,0.2470,-0.2045
331,9.256,0.2471,-0.2025
332,9.281,0.2472,-0.2006
333,9.314,0.2472,-0.2006
334,9.338,0.2385,-0.9633
335,9.364,0.1600,-1.6736
336,9.390,0.1624,-1.6336
337,9.415,0.1649,-1.5919
338,9.443,0.1673,-1.5515
339,9.467,0.1697,-1.5477
340,9.492,0.1720,-1.5079
341,9.519,0.1743,-1.4689
342,9.542,0.1765,-1.4310
343,9.568,0.1786,-1.3942
344,9.593,0.1807,-1.4108
345,9.619,0.1828,-1.3737
346,9.646,0.1849,-1.3371
347,9.669,0.1869,-1.3015
348,9.694,0.1888,-1.2669
349,9.720,0.1907,-1.2506
350,9.747,0.1925,-1.2172
351,9.773,0.1944,-1.1846
352,9.796,0.1961,-1.1529
353,9.823,0.1978,-1.1222
354,9.847,0.1995,-1.1148
355,9.873,0.2011,-1.0848
356,9.900,0.2027,-1.0554
357,9.923,0.2042,-1.0268
358,9.949,0.2058,-0.9990
359,9.974,0.2072,-1.0595
360,10.000,0.2087,-1.0313
361,10.024,0.2102,-1.0026
362,10.048,0.2117,-0.9748
363,10.075,0.2131,-0.9477
364,10.104,0.2145,-0.9836
365,10.131,0.2160,-0.9578
366,10.168,0.2174,-0.9320
367,10.198,0.2188,-0.9071
368,10.236,0.2201,-0.8828
369,10.273,0.2214,-0.9590
370,10.307,0.2228,-0.9356
371,10.350,0.2242,-0.9117
372,10.384,0.2255,-0.8884
373,10.413,0.2268,-0.8658
374,10.449,0.2281,-0.9488
375,10.481,0.2295,-0.9266
376,10.520,0.2309,-0.9041
377,10.557,0.2323,-0.8821
378,10.609,0.2336,-0.8607
379,10.654,0.2349,-0.8921
380,10.680,0.2363,-0.8716
381,10.709,0.2376,-0.8512
382,10.734,0.2389,-0.8312
383,10.763,0.2402,-0.8117
384,10.795,0.2414,-0.8336
385,10.821,0.2427,-0.8146
386,10.853,0.2440,-0.7957
387,10.880,0.2452,-0.7771
388,10.908,0.2464,-0.7589
389,10.941,0.2476,-0.7566
390,10.965,0.2488,-0.7399
391,10.996,0.2500,-0.7234
392,11.024,0.2511,-0.7072
393,11.054,0.2523,-0.6913
394,11.086,0.2534,-0.7253
395,11.110,0.2545,-0.7096
396,11.141,0.2557,-0.6940
397,11.166,0.2568,-0.6787
398,11.194,0.2579,-0.6636
399,11.233,0.2590,-0.3672
400,11.261,0.2597,-0.3573
401,11.292,0.2597,-0.3494
402,11.322,0.2591,-0.3416
403,11.345,0.2585,-0.3340
404,11.378,0.2579,-0.3979
405,11.402,0.2573,-0.3893
406,11.429,0.2566,-0.3805
407,11.453,0.2560,-0.3719
408,11.480,0.2553,-0.3634
409,11.510,0.2547,-0.3494
410,11.534,0.2541,-0.3377
411,11.561,0.2535,-0.3300
412,11.593,0.2529,-0.3223
413,11.621,0.2523,-0.3148
414,11.657,0.2519,-0.2293
415,11.689,0.2512,-0.1490
416,11.719,0.2509,-0.1452
417,11.749,0.2506,-0.1414
418,11.775,0.2503,-0.1377
419,11.823,0.2500,-0.0901
420,11.862,0.2498,-0.0871
421,11.890,0.2496,-0.0845
422,11.927,0.2494,-0.0819
423,11.955,0.2492,-0.0793
424,12.002,0.2490,-0.0538
425,12.039,0.2488,-0.0515
426,12.065,0.2486,-0.0495
427,12.096,0.2485,-0.0475
428,12.125,0.2483,-0.0455
429,12.164,0.2482,0.0148
430,12.194,0.2481,0.0160
431,12.225,0.2480,0.0168
432,12.262,0.2480,0.0175
433,12.290,0.2479,0.0182
434,12.336,0.2478,0.0418
435,12.369,0.2478,0.0422
436,12.398,0.2478,0.0424
437,12.430,0.2478,0.0427
438,12.458,0.2478,0.0429
439,12.499,0.2477,0.0498
440,12.536,0.2477,0.0500
441,12.566,0.2477,0.0501
442,12.603,0.2477,0.0502
443,12.636,0.2477,0.0503
444,12.682,0.2477,-0.0980
445,12.719,0.2475,-0.0959
446,12.744,0.2473,-0.0928
447,12.772,0.2470,-0.0897
448,12.804,0.2468,-0.0866
449,12.840,0.2465,-0.0117
450,12.874,0.2463,-0.0097
451,12.903,0.2462,-0.0082
452,12.939,0.2461,-0.0067
453,12.972,0.2460,-0.0052
454,13.009,0.2454,-0.3245
455,13.045,0.2454,-0.3355
456,13.073,0.2448,-0.3270
457,13.106,0.2441,-0.3186
458,13.136,0.2434,-0.3103
459,13.167,0.2428,-0.3746
460,13.203,0.2420,-0.3655
461,13.231,0.2413,-0.3561
462,13.264,0.2405,-0.3468
463,13.295,0.2398,-0.3376
464,13.324,0.2390,-0.2506
465,13.352,0.2384,-0.2428
466,13.376,0.2378,-0.2356
467,13.403,0.2372,-0.2285
468,13.431,0.2366,-0.2215
469,13.456,0.2361,-0.1363
470,13.484,0.2356,-0.1302
471,13.510,0.2351,-0.1248
472,13.540,0.2347,-0.1194
473,13.567,0.2343,-0.1140
474,13.591,0.2338,-0.0408
475,13.614,0.2335,-0.0365
476,13.636,0.2332,-0.0326
477,13.661,0.2329,-0.0287
478,13.683,0.2326,-0.0249
479,13.708,0.2323,-0.0398
480,13.732,0.2320,-0.0358
481,13.755,0.2317,-0.0316
482,13.780,0.2313,-0.0275
483,13.803,0.2310,-0.0233
484,13.827,0.2307,-0.0412
485,13.854,0.2303,-0.0370
486,13.880,0.2300,-0.0326
487,13.903,0.2296,-0.0283
488,13.929,0.2293,-0.0240
489,13.952,0.2289,0.0404
490,13.978,0.2286,0.0441
491,14.005,0.2284,0.0473
492,14.028,0.2281,0.0505
493,14.054,0.2279,0.0537
494,14.077,0.2226,0.0413
495,14.101,0.2224,0.0446
496,14.125,0.2221,0.0480
497,14.149,0.2219,0.0514
498,14.175,0.2216,0.0547
499,14.197,0.2159,0.1754
500,14.224,0.2157,0.1772
501,14.252,0.2157,0.1781
502,14.272,0.2156,0.1790
503,14.297,0.2155,0.1799
504,14.321,0.2039,0.3270
505,14.347,0.2040,0.3262
506,14.370,0.2041,0.3238
507,14.394,0.2043,0.3216
508,14.423,0.2045,0.3194
509,14.448,0.1940,0.6194
510,14.476,0.1940,0.6157
511,14.507,0.1946,0.6068
512,14.531,0.1952,0.5982
513,14.561,0.1957,0.5897
514,14.590,0.1797,0.4998
515,14.615,0.1801,0.4925
516,14.641,0.1805,0.4859
517,14.663,0.1809,0.4793
518,14.689,0.1813,0.4729
519,14.714,0.1911,0.6051
520,14.738,0.1954,0.5972
521,14.764,0.1959,0.5886
522,14.787,0.1965,0.5802
523,14.810,0.1970,0.5718
524,14.838,0.1878,0.5924
525,14.864,0.1878,0.5924
526,14.897,0.1985,-0.0254
527,14.920,0.2044,-0.0529
528,14.947,0.2044,-0.0519
529,14.979,0.1964,-0.0131
530,15.003,0.1964,-0.0126
531,15.028,0.1964,-0.0125
532,15.051,0.1964,-0.0124
533,15.075,0.1964,-0.0123
534,15.102,0.1877,0.0419
535,15.123,0.1876,0.0413
536,15.148,0.1876,0.0403
537,15.172,0.1875,0.0393
538,15.197,0.1875,0.0383
539,15.222,0.1837,0.0189
540,15.242,0.1837,0.0183
541,15.269,0.1836,0.0178
542,15.293,0.1836,0.0173
543,15.318,0.1836,0.0168
544,15.346,0.1691,0.0579
545,15.368,0.1690,0.0570
546,15.393,0.1689,0.0558
547,15.417,0.1689,0.0546
548,15.441,0.1688,0.0534
549,15.467,0.1623,0.1714
550,15.491,0.1621,0.1690
551,15.517,0.1619,0.1658
552,15.544,0.1618,0.1627
553,15.573,0.1616,0.1596
554,15.607,0.1473,0.2147
555,15.631,0.1471,0.2112
556,15.662,0.1469,0.2075
557,15.694,0.1466,0.2038
558,15.718,0.1464,0.2002
559,15.751,0.1408,0.5482
560,15.777,0.1404,0.5410
561,15.805,0.1399,0.5321
562,15.832,0.1394,0.5233
563,15.860,0.1389,0.5145
564,15.899,0.1339,0.5064
565,15.926,0.1334,0.4986
566,15.957,0.1330,0.4909
567,15.990,0.1325,0.4833
568,16.014,0.1320,0.4758
569,16.047,0.1393,0.5147
570,16.074,0.1388,0.5073
571,16.103,0.1383,0.4998
572,16.134,0.1378,0.4924
573,16.161,0.1373,0.4852
574,16.194,0.1356,0.4930
575,16.220,0.1338,0.5011
576,16.243,0.1333,0.4940
577,16.270,0.1328,0.4870
578,16.291,0.1323,0.4800
579,16.319,0.1328,0.4705
580,16.344,0.1326,0.4634
581,16.367,0.1321,0.4570
582,16.394,0.1317,0.4508
583,16.418,0.1312,0.4446
584,16.455,0.1256,0.5203
585,16.481,0.1252,0.5137
586,16.505,0.1247,0.5070
587,16.533,0.1242,0.5003
588,16.557,0.1237,0.4937
589,16.594,0.1277,0.5925
590,16.625,0.1272,0.5858
591,16.651,0.1266,0.5787
592,16.677,0.1260,0.5718
593,16.702,0.1254,0.5649
594,16.737,0.1218,0.5979
595,16.764,0.1212,0.5917
596,16.786,0.1206,0.5855
597,16.821,0.1201,0.5793
598,16.847,0.1195,0.5732
599,16.884,0.1222,0.6684
600,16.913,0.1215,0.6618
601,16.942,0.1209,0.6549
602,16.972,0.1202,0.6481
603,17.000,0.1195,0.6413
604,17.033,0.1169,0.5867
605,17.068,0.1163,0.5806
606,17.097,0.1157,0.5748
607,17.131,0.1151,0.5690
608,17.168,0.1145,0.5632
609,17.234,0.1114,0.5287
610,17.280,0.1109,0.5236
611,17.324,0.1104,0.5187
612,17.368,0.1098,0.5138
613,17.399,0.1093,0.5089
614,17.432,0.1045,0.6015
615,17.465,0.1040,0.5966
616,17.494,0.1034,0.5914
617,17.528,0.1028,0.5863
618,17.555,0.1023,0.5812
619,17.591,0.1016,0.4823
620,17.624,0.1011,0.4776
621,17.651,0.1006,0.4732
622,17.682,0.1001,0.4688
623,17.715,0.0997,0.4644
624,17.741,0.1042,0.5289
625,17.775,0.1038,0.5250
626,17.800,0.1032,0.5208
627,17.831,0.1027,0.5167
628,17.859,0.1021,0.5127
629,17.895,0.1006,0.4208
630,17.929,0.1001,0.4169
631,17.955,0.0997,0.4132
632,17.982,0.0992,0.4096
633,18.012,0.0988,0.4059
634,18.035,0.0995,0.4552
635,18.062,0.0991,0.4516
636,18.091,0.0986,0.4480
637,18.117,0.0981,0.4443
638,18.146,0.0976,0.4407
639,18.169,0.1013,0.3624
640,18.193,0.1010,0.3592
641,18.221,0.1006,0.3563
642,18.249,0.1002,0.3534
643,18.279,0.0998,0.3505
644,18.306,0.0963,0.3152
645,18.333,0.0959,0.3127
646,18.361,0.0955,0.3103
647,18.389,0.0952,0.3079
648,18.412,0.0948,0.3055
649,18.437,0.0928,0.2889
650,18.461,0.0924,0.2865
651,18.486,0.0921,0.2843
652,18.512,0.0917,0.2820
653,18.538,0.0914,0.2797
654,18.562,0.0860,-0.1053
655,18.586,0.0849,-0.1543
656,18.612,0.0849,-0.1538
657,18.635,0.0850,-0.1533
658,18.662,0.0851,-0.1528
659,18.686,0.0855,-0.1008
660,18.712,0.0855,-0.1006
661,18.735,0.0855,-0.1005
662,18.761,0.0855,-0.1003
663,18.788,0.0856,-0.1002
664,18.811,0.0782,-0.2378
665,18.838,0.0783,-0.2371
666,18.862,0.0784,-0.2360
667,18.886,0.0786,-0.2350
668,18.914,0.0787,-0.2339
669,18.938,0.0723,-0.2233
670,18.963,0.0724,-0.2223
671,18.988,0.0726,-0.2214
672,19.013,0.0727,-0.2204
673,19.041,0.0728,-0.2195
674,19.067,0.0721,-0.2989
675,19.093,0.0722,-0.2976
676,19.119,0.0724,-0.2960
677,19.142,0.0726,-0.2945
678,19.168,0.0727,-0.2930
679,19.191,0.0776,-0.3380
680,19.216,0.0778,-0.3362
681,19.242,0.0780,-0.3344
682,19.265,0.0782,-0.3325
683,19.292,0.0784,-0.3307
684,19.315,0.0721,-0.3851
685,19.339,0.0723,-0.3833
686,19.367,0.0725,-0.3813
687,19.389,0.0727,-0.3794
688,19.417,0.0729,-0.3775
689,19.446,0.0665,-0.3963
690,19.468,0.0667,-0.3941
691,19.499,0.0669,-0.3919
692,19.526,0.0671,-0.3897
693,19.556,0.0673,-0.3875
694,19.584,0.0729,-0.4443
695,19.609,0.0732,-0.4417
696,19.639,0.0735,-0.4389
697,19.666,0.0737,-0.4362
698,19.696,0.0740,-0.4335
699,19.726,0.0649,-0.5251
700,19.751,0.0651,-0.5219
701,19.782,0.0654,-0.5186
702,19.809,0.0657,-0.5152
703,19.841,0.0660,-0.5118
704,19.872,0.0612,-0.3703
705,19.898,0.0614,-0.3681
706,19.926,0.0616,-0.3661
707,19.950,0.0618,-0.3641
708,19.978,0.0619,-0.3622
709,20.003,0.0600,-0.5850
710,20.026,0.0600,-0.5819
711,20.052,0.0600,-0.5780
712,20.079,0.0600,-0.5742
713,20.101,0.0600,-0.5705
714,20.129,0.0600,-0.6106
715,20.152,0.0600,-0.6066
716,20.177,0.0600,-0.6026
717,20.202,0.0600,-0.5985
718,20.229,0.0600,-0.5946
719,20.257,0.0600,-0.6408
720,20.279,0.0600,-0.6366
721,20.305,0.0600,-0.6322
722,20.331,0.0600,-0.6279
723,20.356,0.0600,-0.6236
724,20.384,0.0600,-0.5397
725,20.414,0.0600,-0.5365
726,20.444,0.0600,-0.5334
727,20.472,0.0600,-0.5303
728,20.496,0.0600,-0.5273
729,20.528,0.0600,-0.6440
730,20.552,0.0600,-0.6403
731,20.580,0.0600,-0.6365
732,20.610,0.0600,-0.6327
733,20.632,0.0600,-0.6288
734,20.661,0.0600,-0.5266
735,20.685,0.0600,-0.5239
736,20.713,0.0600,-0.5214
737,20.741,0.0600,-0.5188
738,20.763,0.0600,-0.5162
739,20.797,0.0600,-0.5208
740,20.821,0.0600,-0.5214
741,20.847,0.0600,-0.5190
742,20.874,0.0600,-0.5166
743,20.897,0.0600,-0.5141
744,20.922,0.0596,-0.5921
745,20.944,0.0600,-0.7455
746,20.970,0.0600,-0.7421
747,21.001,0.0600,-0.7388
748,21.027,0.0600,-0.7354
749,21.078,0.0600,-0.5891
750,21.115,0.0600,-0.5861
751,21.146,0.0600,-0.5834
752,21.184,0.0600,-0.5807
753,21.218,0.0600,-0.5780
754,21.264,0.0600,-0.4771
755,21.297,0.0600,-0.4751
756,21.321,0.0600,-0.4732
757,21.348,0.0600,-0.4714
758,21.374,0.0600,-0.4696
759,21.412,0.0600,-0.4587
760,21.442,0.0600,-0.4571
761,21.465,0.0600,-0.4554
762,21.494,0.0600,-0.4538
763,21.521,0.0600,-0.4522
764,21.558,0.0600,-0.4884
765,21.588,0.0600,-0.4865
766,21.612,0.0600,-0.4846
767,21.636,0.0600,-0.4828
768,21.661,0.0600,-0.4809
769,21.694,0.0600,-0.5776
770,21.717,0.0600,-0.5755
771,21.743,0.0600,-0.5734
772,21.770,0.0600,-0.5712
773,21.793,0.0600,-0.5691
774,21.826,0.0600,-0.6080
775,21.857,0.0600,-0.6064
776,21.881,0.0600,-0.6048
777,21.909,0.0600,-0.6031
778,21.936,0.0600,-0.6015
779,21.968,0.0600,-0.6658
780,21.998,0.0600,-0.6644
781,22.022,0.0600,-0.6629
782,22.050,0.0600,-0.6614
783,22.076,0.0600,-0.6599
784,22.105,0.0600,-0.8040
785,22.135,0.0600,-0.8025
786,22.157,0.0600,-0.8010
787,22.184,0.0600,-0.7994
788,22.207,0.0600,-0.7979
789,22.234,0.0600,-0.9853
790,22.259,0.0600,-0.9845
791,22.282,0.0600,-0.9837
792,22.306,0.0600,-0.9830
793,22.331,0.0600,-0.9822
794,22.361,0.0600,-1.0495
795,22.388,0.0600,-1.0487
796,22.412,0.0600,-1.0478
797,22.440,0.0600,-1.0469
798,22.464,0.0600,-1.0461
799,22.492,0.0600,-1.1274
800,22.520,0.0600,-1.1268
801,22.546,0.0600,-1.1261
802,22.570,0.0600,-1.1254
803,22.596,0.0600,-1.1248
804,22.618,0.0600,-1.3333
805,22.646,0.0600,-1.3333
806,22.672,0.0600,-1.3333
807,22.698,0.0600,-1.3333
808,22.727,0.0600,-1.3333
809,22.751,0.0619,-0.9426
810,22.782,0.0600,-0.8218
811,22.810,0.0600,-0.8218
812,22.835,0.0600,-0.8218
813,22.863,0.0600,-0.8218
814,22.889,0.0600,-1.0222
815,22.914,0.0600,-1.0222
816,22.940,0.0600,-1.0222
817,22.964,0.0600,-1.0222
818,22.992,0.0600,-1.0222
819,23.017,0.0600,-1.3030
820,23.045,0.0600,-1.3030
821,23.070,0.0600,-1.3030
822,23.096,0.0600,-1.3030
823,23.126,0.0600,-1.3030
824,23.150,0.0597,-1.6246
825,23.180,0.0600,-1.6289
826,23.207,0.0600,-1.6289
827,23.235,0.0600,-1.6289
828,23.265,0.0600,-1.6289
829,23.292,0.0600,-1.8200
830,23.318,0.0600,-1.8200
831,23.349,0.0600,-1.8200
832,23.375,0.0600,-1.8200
833,23.405,0.0600,-1.8200
834,23.430,0.0600,-1.8200
835,23.457,0.0600,-1.8200
836,23.486,0.0600,-1.8200
837,23.513,0.0600,-1.8200
838,23.545,0.0600,-1.8200
839,23.573,0.0600,-1.8200
840,23.602,0.0600,-1.8200
841,23.632,0.0600,-1.8200
842,23.658,0.0600,-1.8200
843,23.684,0.0600,-1.8200
844,23.708,0.0600,-1.8200
845,23.735,0.0600,-1.8200
846,23.761,0.0600,-1.8200
847,23.785,0.0600,-1.8200
848,23.811,0.0600,-1.8200
849,23.837,0.0600,-1.8200
850,23.861,0.0600,-1.8200
851,23.887,0.0600,-1.8200
852,23.911,0.0600,-1.8200
853,23.937,0.0600,-1.8200
854,23.966,0.0600,-1.8200
855,23.992,0.0600,-1.8200
856,24.024,0.0600,-1.8200
857,24.050,0.0600,-1.8200
858,24.078,0.0600,-1.8200
859,24.108,0.0705,-1.8200
860,24.135,0.0828,-1.8200
861,24.162,0.0797,-1.8200
862,24.189,0.0765,-1.8200
863,24.219,0.0734,-1.8200
864,24.254,0.0703,-1.8200
865,24.284,0.0671,-1.8200
866,24.312,0.0640,-1.8200
867,24.339,0.0609,-1.8200
868,24.369,0.0600,-1.8200
869,24.397,0.0600,-1.8200
870,24.420,0.0600,-1.8200
871,24.446,0.0600,-1.8200
872,24.469,0.0600,-1.8200
873,24.495,0.0600,-1.8200
874,24.522,0.0600,-1.8200
875,24.545,0.0600,-1.8200
876,24.573,0.0600,-1.8200
877,24.598,0.0600,-1.8200
878,24.629,0.0600,-1.8200
879,24.658,0.0605,-1.2817
880,24.686,0.0600,-0.6917
881,24.720,0.0600,-0.6917
882,24.755,0.0600,-0.6917
883,24.779,0.0600,-0.6917
884,24.810,0.0618,-0.0975
885,24.834,0.0607,0.8433
886,24.860,0.0600,0.8527
887,24.886,0.0600,0.8527
888,24.914,0.0600,0.8527
889,24.949,0.0579,0.2590
890,24.975,0.0600,-0.1100
891,25.003,0.0600,-0.1100
892,25.031,0.0600,-0.1100
893,25.055,0.0600,-0.1100
894,25.090,0.0621,0.5402
895,25.119,0.0600,0.8266
896,25.146,0.0600,0.8266
897,25.174,0.0600,0.8266
898,25.200,0.0600,0.8266
899,25.238,0.0590,0.1168
900,25.261,0.0600,-0.5629
901,25.288,0.0600,-0.5629
902,25.314,0.0600,-0.5629
903,25.336,0.0600,-0.5629
904,25.366,0.0606,-0.4778
905,25.393,0.0600,-0.1275
906,25.424,0.0600,-0.1275
907,25.457,0.0600,-0.1275
908,25.486,0.0600,-0.1275
909,25.523,0.0614,0.0762
910,25.551,0.0600,0.7949
911,25.578,0.0600,0.7949
912,25.606,0.0600,0.7949
913,25.631,0.0600,0.7949
914,25.673,0.0557,0.2022
915,25.702,0.0600,-0.4108
916,25.735,0.0600,-0.4108
917,25.769,0.0600,-0.4108
918,25.797,0.0600,-0.4108
919,25.840,0.0641,0.1820
920,25.869,0.0600,0.7567
921,25.897,0.0600,0.7567
922,25.928,0.0600,0.7567
923,25.956,0.0600,0.7567
924,25.998,0.0564,0.2766
925,26.031,0.0600,-0.5575
926,26.061,0.0600,-0.5575
927,26.098,0.0600,-0.5575
928,26.126,0.0600,-0.5575
929,26.165,0.0634,-0.0774
930,26.197,0.0600,0.7447
931,26.223,0.0600,0.7447
932,26.253,0.0600,0.7447
933,26.282,0.0600,0.7447
934,26.318,0.0564,0.2647
935,26.350,0.0600,-0.4975
936,26.382,0.0600,-0.4975
937,26.418,0.0600,-0.4975
938,26.451,0.0600,-0.4975
939,26.485,0.0638,0.0389
940,26.516,0.0600,0.5614
941,26.542,0.0600,0.5614
942,26.575,0.0600,0.5614
943,26.601,0.0600,0.5614
944,26.631,0.0560,0.0250
945,26.657,0.0600,-0.4979
946,26.680,0.0600,-0.4979
947,26.706,0.0600,-0.4979
948,26.730,0.0600,-0.4979
949,26.760,0.0639,0.0385
950,26.787,0.0600,0.5636
951,26.812,0.0600,0.5636
952,26.837,0.0600,0.5635
953,26.863,0.0600,0.5635
954,26.890,0.0564,0.0835
955,26.915,0.0600,-0.4501
956,26.941,0.0600,-0.4500
957,26.972,0.0600,-0.4500
958,27.005,0.0600,-0.4499
959,27.032,0.0635,0.0302
960,27.067,0.0600,0.6838
961,27.093,0.0600,0.6837
962,27.123,0.0600,0.6835
963,27.155,0.0600,0.6834
964,27.182,0.0559,0.1468
965,27.212,0.0600,-0.4418
966,27.242,0.0600,-0.4418
967,27.275,0.0600,-0.4416
968,27.306,0.0600,-0.4415
969,27.335,0.0640,0.0950
970,27.367,0.0600,0.7908
971,27.391,0.0600,0.7897
972,27.420,0.0600,0.7884
973,27.447,0.0600,0.7872
974,27.471,0.0566,0.3623
975,27.498,0.0600,-0.4896
976,27.525,0.0600,-0.4889
977,27.554,0.0600,-0.4880
978,27.583,0.0600,-0.4871
979,27.610,0.0636,-0.0062
980,27.639,0.0600,0.7331
981,27.667,0.0600,0.7319
982,27.693,0.0600,0.7304
983,27.721,0.0600,0.7290
984,27.748,0.0561,0.2476
985,27.777,0.0558,-0.7931
986,27.804,0.0600,-0.8480
987,27.830,0.0600,-0.8467
988,27.860,0.0600,-0.8455
989,27.887,0.0639,-0.3079
990,27.916,0.0617,0.6522
991,27.945,0.0600,0.6660
992,27.971,0.0600,0.6646
993,28.003,0.0600,0.6631
994,28.030,0.0600,0.5916
995,28.058,0.0600,0.5902
996,28.088,0.0600,0.5888
997,28.117,0.0600,0.5874
998,28.151,0.0600,0.5860
999,28.175,0.0555,0.0483
1000,28.205,0.0599,-0.8304
1001,28.238,0.0600,-0.8295
1002,28.262,0.0600,-0.8273
1003,28.291,0.0600,-0.8251
1004,28.319,0.0641,-0.2865
1005,28.346,0.0600,0.4953
1006,28.380,0.0600,0.4944
1007,28.409,0.0600,0.4933
1008,28.441,0.0600,0.4922
1009,28.468,0.0600,0.5227
1010,28.496,0.0600,0.5213
1011,28.527,0.0600,0.5199
1012,28.553,0.0600,0.5185
1013,28.581,0.0600,0.5171
1014,28.609,0.0560,0.0357
1015,28.638,0.0600,-0.7060
1016,28.666,0.0600,-0.7041
1017,28.689,0.0600,-0.7018
1018,28.722,0.0600,-0.6996
1019,28.752,0.0633,-0.2737
1020,28.777,0.0610,0.6530
1021,28.806,0.0600,0.6580
1022,28.833,0.0600,0.6555
1023,28.862,0.0600,0.6530
1024,28.889,0.0600,0.5569
1025,28.916,0.0600,0.5545
1026,28.944,0.0600,0.5523
1027,28.969,0.0600,0.5501
1028,28.998,0.0600,0.5479
1029,29.026,0.0558,0.0657
1030,29.051,0.0600,-0.6508
1031,29.080,0.0600,-0.6480
1032,29.107,0.0600,-0.6448
1033,29.137,0.0600,-0.6416
1034,29.167,0.0644,-0.1021
1035,29.193,0.0600,0.6055
1036,29.222,0.0600,0.6032
1037,29.248,0.0600,0.6006
1038,29.275,0.0600,0.5980
1039,29.308,0.0600,0.5851
1040,29.335,0.0600,0.5826
1041,29.369,0.0600,0.5801
1042,29.401,0.0600,0.5776
1043,29.427,0.0600,0.5752
1044,29.459,0.0545,-0.0198
1045,29.485,0.0600,-0.5935
1046,29.517,0.0600,-0.5910
1047,29.549,0.0600,-0.5883
1048,29.578,0.0600,-0.5856
1049,29.613,0.0651,0.0097
1050,29.641,0.0600,0.6201
1051,29.674,0.0600,0.6175
1052,29.707,0.0600,0.6147
1053,29.735,0.0600,0.6119
1054,29.770,0.0545,0.0166
1055,29.800,0.0600,-0.5745
1056,29.831,0.0600,-0.5717
1057,29.863,0.0600,-0.5687
1058,29.887,0.0600,-0.5658
1059,29.918,0.0657,0.0862
1060,29.943,0.0600,0.7564
1061,29.970,0.0600,0.7526
1062,30.000,0.0600,0.7484
1063,30.021,0.0600,0.7442
1064,30.055,0.0600,0.6737
1065,30.082,0.0600,0.6703
1066,30.110,0.0600,0.6669
1067,30.139,0.0600,0.6636
1068,30.162,0.0600,0.6603
1069,30.192,0.0597,0.6228
1070,30.221,0.0509,-0.3858
1071,30.245,0.0600,-0.6489
1072,30.273,0.0600,-0.6447
1073,30.297,0.0600,-0.6406
1074,30.327,0.0602,-0.5946
1075,30.354,0.0600,-0.5093
1076,30.382,0.0600,-0.5065
1077,30.411,0.0600,-0.5036
1078,30.438,0.0600,-0.5008
1079,30.481,0.0654,0.0947
1080,30.511,0.0600,0.7857
1081,30.536,0.0600,0.7815
1082,30.566,0.0600,0.7770
1083,30.591,0.0600,0.7724
1084,30.635,0.0600,0.7927
1085,30.669,0.0600,0.7880
1086,30.699,0.0600,0.7833
1087,30.734,0.0600,0.7786
1088,30.765,0.0600,0.7739
1089,30.804,0.0539,0.1767
1090,30.832,0.0600,-0.5786
1091,30.858,0.0600,-0.5753
1092,30.888,0.0600,-0.5713
1093,30.913,0.0600,-0.5674
1094,30.948,0.0602,-0.3099
1095,30.977,0.0600,-0.3037
1096,31.003,0.0600,-0.3014
1097,31.038,0.0600,-0.2991
1098,31.064,0.0600,-0.2969
1099,31.102,0.0653,0.2416
1100,31.131,0.0600,0.7907
1101,31.156,0.0600,0.7862
1102,31.186,0.0600,0.7815
1103,31.213,0.0600,0.7768
1104,31.245,0.0539,0.1796
1105,31.278,0.0600,-0.4570
1106,31.303,0.0600,-0.4540
1107,31.335,0.0600,-0.4507
1108,31.360,0.0600,-0.4474
1109,31.393,0.0654,0.0921
1110,31.423,0.0600,0.8575
1111,31.446,0.0600,0.8526
1112,31.478,0.0600,0.8470
1113,31.504,0.0600,0.8414
1114,31.535,0.0550,0.3560
1115,31.562,0.0600,-0.3992
1116,31.589,0.0600,-0.3966
1117,31.620,0.0600,-0.3934
1118,31.653,0.0600,-0.3901
1119,31.681,0.0648,0.0930
1120,31.709,0.0600,0.8881
1121,31.734,0.0600,0.8828
1122,31.761,0.0600,0.8766
1123,31.792,0.0603,0.8706
1124,31.816,0.0566,0.3846
1125,31.846,0.0626,-0.4761
1126,31.874,0.0620,-0.4733
1127,31.904,0.0612,-0.4692
1128,31.938,0.0603,-0.4653
1129,31.965,0.0600,-0.5306
1130,31.997,0.0600,-0.5272
1131,32.026,0.0600,-0.5237
1132,32.056,0.0600,-0.5202
1133,32.085,0.0600,-0.5167
1134,32.110,0.0643,-0.0897
1135,32.139,0.0631,0.9027
1136,32.164,0.0600,0.9252
1137,32.191,0.0600,0.9185
1138,32.217,0.0600,0.9119
1139,32.240,0.0600,1.0362
1140,32.270,0.0614,1.0280
1141,32.297,0.0631,1.0195
1142,32.324,0.0647,1.0111
1143,32.353,0.0663,1.0028
1144,32.382,0.0627,0.5147
1145,32.408,0.0662,-0.4634
1146,32.435,0.0686,-0.4825
1147,32.459,0.0677,-0.4779
1148,32.490,0.0668,-0.4734
1149,32.518,0.0660,-0.3904
1150,32.548,0.0652,-0.3862
1151,32.580,0.0645,-0.3824
1152,32.605,0.0638,-0.3786
1153,32.634,0.0631,-0.3749
1154,32.661,0.0668,0.0524
1155,32.688,0.0636,0.9955
1156,32.714,0.0634,0.9998
1157,32.740,0.0649,0.9917
1158,32.768,0.0665,0.9837
1159,32.795,0.0610,0.3269
1160,32.825,0.0690,-0.4767
1161,32.854,0.0683,-0.4732
1162,32.877,0.0675,-0.4687
1163,32.907,0.0666,-0.4642
1164,32.932,0.0658,-0.4552
1165,32.960,0.0650,-0.4509
1166,32.991,0.0642,-0.4467
1167,33.014,0.0634,-0.4425
1168,33.042,0.0626,-0.4384
1169,33.069,0.0667,0.0457
1170,33.095,0.0630,0.9891
1171,33.124,0.0627,0.9937
1172,33.153,0.0642,0.9858
1173,33.183,0.0658,0.9779
1174,33.214,0.0621,0.4902
1175,33.242,0.0663,-0.4456
1176,33.274,0.0671,-0.4523
1177,33.298,0.0663,-0.4482
1178,33.328,0.0655,-0.4442
1179,33.357,0.0697,0.0398
1180,33.382,0.0686,1.0529
1181,33.410,0.0658,1.0833
1182,33.435,0.0676,1.0737
1183,33.462,0.0692,1.0641
1184,33.493,0.0656,0.5748
1185,33.519,0.0693,-0.2994
1186,33.548,0.0691,-0.2981
1187,33.574,0.0685,-0.2948
1188,33.602,0.0680,-0.2915
1189,33.630,0.0665,-0.3434
1190,33.655,0.0660,-0.3398
1191,33.684,0.0654,-0.3361
1192,33.711,0.0648,-0.3325
1193,33.739,0.0642,-0.3288
1194,33.769,0.0693,0.2110
1195,33.793,0.0613,0.9938
1196,33.824,0.0625,0.9866
1197,33.848,0.0639,0.9785
1198,33.875,0.0653,0.9705
1199,33.903,0.0601,0.3701
1200,33.927,0.0670,-0.4434
1201,33.954,0.0665,-0.4399
1202,33.977,0.0657,-0.4351
1203,34.005,0.0650,-0.4304
1204,34.037,0.0700,0.1105
1205,34.062,0.0669,1.0927
1206,34.094,0.0652,1.1078
1207,34.118,0.0667,1.0973
1208,34.146,0.0683,1.0870
1209,34.174,0.0637,0.5407
1210,34.199,0.0641,-0.4832
1211,34.230,0.0683,-0.5253
1212,34.254,0.0675,-0.5196
1213,34.281,0.0667,-0.5140
1214,34.311,0.0649,-0.3459
1215,34.335,0.0643,-0.3412
1216,34.367,0.0638,-0.3372
1217,34.402,0.0632,-0.3332
1218,34.430,0.0627,-0.3292
1219,34.468,0.0685,0.2672
1220,34.497,0.0627,1.0308
1221,34.531,0.0640,1.0228
1222,34.562,0.0654,1.0138
1223,34.588,0.0668,1.0050
1224,34.624,0.0596,0.2913
1225,34.653,0.0662,-0.3698
1226,34.684,0.0657,-0.3663
1227,34.716,0.0651,-0.3622
1228,34.746,0.0646,-0.3581
1229,34.780,0.0718,0.3511
1230,34.806,0.0608,1.1076
1231,34.832,0.0621,1.0980
1232,34.861,0.0634,1.0874
1233,34.882,0.0648,1.0769
1234,34.911,0.0651,0.9815
1235,34.935,0.0531,-0.0893
1236,34.961,0.0702,-0.5018
1237,34.990,0.0694,-0.4964
1238,35.017,0.0687,-0.4910
1239,35.047,0.0676,-0.5521
1240,35.073,0.0668,-0.5810
1241,35.100,0.0659,-0.5746
1242,35.127,0.0651,-0.5683
1243,35.154,0.0643,-0.5621
1244,35.193,0.0701,0.0366
1245,35.220,0.0622,0.9974
1246,35.247,0.0609,1.0059
1247,35.276,0.0621,0.9970
1248,35.300,0.0633,0.9882
1249,35.338,0.0590,0.4996
1250,35.364,0.0614,-0.5090
1251,35.390,0.0652,-0.5408
1252,35.420,0.0645,-0.5348
1253,35.445,0.0637,-0.5289
1254,35.485,0.0684,-0.0432
1255,35.514,0.0624,0.9221
1256,35.540,0.0600,0.9328
1257,35.572,0.0603,0.9250
1258,35.596,0.0614,0.9174
1259,35.632,0.0558,0.3171
1260,35.657,0.0623,-0.5860
1261,35.678,0.0623,-0.5852
1262,35.702,0.0615,-0.5790
1263,35.727,0.0608,-0.5730
1264,35.760,0.0653,-0.0870
1265,35.788,0.0689,1.0055
1266,35.813,0.0608,1.1178
1267,35.841,0.0621,1.1065
1268,35.865,0.0633,1.0953
1269,35.896,0.0599,0.6604
1270,35.923,0.0622,-0.0783
1271,35.945,0.0622,-0.0780
1272,35.973,0.0621,-0.0768
1273,35.995,0.0619,-0.0756
1274,36.025,0.0621,-0.0483
1275,36.051,0.0620,-0.0473
1276,36.074,0.0619,-0.0465
1277,36.099,0.0618,-0.0456
1278,36.124,0.0617,-0.0447
1279,36.150,0.0600,0.1360
1280,36.180,0.0600,0.1357
1281,36.208,0.0600,0.1347
1282,36.237,0.0600,0.1338
1283,36.264,0.0600,0.1329
1284,36.294,0.0606,0.0743
1285,36.329,0.0607,0.0738
1286,36.354,0.0607,0.0735
1287,36.384,0.0607,0.0732
1288,36.410,0.0608,0.0729
1289,36.440,0.0600,0.2377
1290,36.469,0.0600,0.2362
1291,36.495,0.0600,0.2342
1292,36.525,0.0600,0.2322
1293,36.549,0.0600,0.2303
1294,36.576,0.0600,0.2154
1295,36.603,0.0600,0.2136
1296,36.628,0.0600,0.2120
1297,36.652,0.0600,0.2103
1298,36.679,0.0600,0.2087
1299,36.704,0.0600,0.1025
1300,36.732,0.0600,0.1016
1301,36.755,0.0600,0.1010
1302,36.783,0.0600,0.1004
1303,36.811,0.0600,0.0998
1304,36.836,0.0600,0.2895
1305,36.864,0.0600,0.2878
1306,36.892,0.0600,0.2853
1307,36.915,0.0600,0.2829
1308,36.942,0.0600,0.2805
1309,36.968,0.0600,0.3323
1310,36.995,0.0600,0.3296
1311,37.021,0.0600,0.3267
1312,37.046,0.0600,0.3238
1313,37.076,0.0600,0.3210
1314,37.102,0.0624,0.1537
1315,37.131,0.0625,0.1522
1316,37.155,0.0627,0.1512
1317,37.180,0.0628,0.1502
1318,37.208,0.0629,0.1493
1319,37.233,0.0619,0.1932
1320,37.261,0.0621,0.1919
1321,37.285,0.0622,0.1905
1322,37.311,0.0624,0.1892
1323,37.338,0.0625,0.1878
1324,37.362,0.0606,0.1057
1325,37.391,0.0607,0.1050
1326,37.419,0.0607,0.1044
1327,37.442,0.0608,0.1038
1328,37.469,0.0609,0.1033
1329,37.495,0.0600,0.2214
1330,37.522,0.0600,0.2202
1331,37.552,0.0600,0.2185
1332,37.581,0.0600,0.2169
1333,37.611,0.0600,0.2153
1334,37.638,0.0648,0.1616
1335,37.667,0.0653,0.1604
1336,37.695,0.0654,0.1593
1337,37.720,0.0655,0.1583
1338,37.748,0.0657,0.1573
1339,37.776,0.0674,0.1064
1340,37.801,0.0675,0.1058
1341,37.826,0.0676,0.1052
1342,37.847,0.0676,0.1047
1343,37.878,0.0677,0.1042
1344,37.911,0.0676,0.1747
1345,37.936,0.0677,0.1738
1346,37.966,0.0678,0.1726
1347,37.991,0.0680,0.1715
1348,38.025,0.0681,0.1703
1349,38.054,0.0777,0.3797
1350,38.077,0.0977,0.3775
1351,38.108,0.1051,0.3748
1352,38.135,0.1056,0.3722
1353,38.164,0.1061,0.3697
1354,38.194,0.1065,0.2441
1355,38.216,0.1069,0.2423
1356,38.245,0.1071,0.2409
1357,38.270,0.1074,0.2395
1358,38.298,0.1077,0.2381
1359,38.330,0.1079,0.3904
1360,38.356,0.1083,0.3883
1361,38.386,0.1088,0.3858
1362,38.409,0.1093,0.3832
1363,38.436,0.1098,0.3807
1364,38.461,0.1103,0.4489
1365,38.482,0.1109,0.4459
1366,38.506,0.1115,0.4427
1367,38.529,0.1121,0.4395
1368,38.555,0.1127,0.4364
1369,38.584,0.1132,0.4655
1370,38.609,0.1139,0.4622
1371,38.636,0.1145,0.4590
1372,38.667,0.1151,0.4557
1373,38.687,0.1157,0.4525
1374,38.714,0.1163,0.4674
1375,38.738,0.1169,0.4642
1376,38.762,0.1175,0.4610
1377,38.786,0.1181,0.4579
1378,38.808,0.1188,0.4547
1379,38.840,0.1194,0.4492
1380,38.862,0.1199,0.4461
1381,38.887,0.1205,0.4431
1382,38.913,0.1211,0.4402
1383,38.937,0.1217,0.4372
1384,38.967,0.1223,0.6129
1385,38.992,0.1230,0.6089
1386,39.016,0.1239,0.6044
1387,39.042,0.1247,0.6000
1388,39.070,0.1255,0.5956
1389,39.101,0.1264,0.6545
1390,39.124,0.1273,0.6498
1391,39.152,0.1282,0.6451
1392,39.180,0.1291,0.6404
1393,39.204,0.1300,0.6358
1394,39.233,0.1309,0.4163
1395,39.255,0.1315,0.4136
1396,39.278,0.1320,0.4114
1397,39.303,0.1325,0.4091
1398,39.327,0.1330,0.4069
1399,39.359,0.1334,0.3356
1400,39.385,0.1339,0.2974
1401,39.409,0.1343,0.2961
1402,39.437,0.1346,0.2949
1403,39.461,0.1349,0.2937
1404,39.491,0.1352,0.3405
1405,39.515,0.1355,0.3756
1406,39.543,0.1360,0.3737
1407,39.572,0.1364,0.3718
1408,39.596,0.1369,0.3700
1409,39.633,0.1373,0.2654
1410,39.658,0.1376,0.2641
1411,39.684,0.1379,0.2630
1412,39.709,0.1381,0.2620
1413,39.733,0.1384,0.2609
1414,39.768,0.1387,0.2213
1415,39.797,0.1389,0.2205
1416,39.820,0.1390,0.2198
1417,39.848,0.1392,0.2191
1418,39.872,0.1394,0.2184
1419,39.908,0.1390,-0.1982
1420,39.937,0.1394,-0.2095
1421,39.959,0.1388,-0.2077
1422,39.988,0.1383,-0.2059
1423,40.011,0.1378,-0.2041
1424,40.044,0.1373,-0.2628
1425,40.070,0.1367,-0.2608
1426,40.095,0.1361,-0.2588
1427,40.119,0.1355,-0.2567
1428,40.144,0.1349,-0.2547
1429,40.176,0.1298,-0.7891
1430,40.200,0.1302,-1.7895
1431,40.225,0.1304,-1.8200
1432,40.254,0.1272,-1.8200
1433,40.278,0.1241,-1.8200
1434,40.311,0.1240,-1.2837
1435,40.340,0.1316,-0.1567
1436,40.364,0.1397,0.9704
1437,40.390,0.1183,1.8200
1438,40.413,0.1209,1.8200
1439,40.442,0.1237,1.8200
1440,40.467,0.1266,1.8200
1441,40.490,0.1294,1.8200
1442,40.515,0.1323,1.8200
1443,40.540,0.1351,1.8200
1444,40.566,0.1331,1.3401
1445,40.592,0.1292,0.2294
1446,40.615,0.1410,0.0629
1447,40.640,0.1410,0.0630
1448,40.667,0.1409,0.0632
1449,40.691,0.1408,0.1625
1450,40.715,0.1408,0.1624
1451,40.739,0.1409,0.1623
1452,40.762,0.1410,0.1621
1453,40.786,0.1411,0.1619
1454,40.811,0.1412,0.2085
1455,40.838,0.1413,0.2082
1456,40.862,0.1415,0.2079
1457,40.887,0.1416,0.2075
1458,40.916,0.1418,0.2072
1459,40.940,0.1420,0.3411
1460,40.966,0.1423,0.3402
1461,40.991,0.1426,0.3391
1462,41.020,0.1430,0.3380
1463,41.045,0.1434,0.3369
1464,41.071,0.1438,0.2204
1465,41.100,0.1440,0.2198
1466,41.124,0.1442,0.2194
1467,41.150,0.1444,0.2190
1468,41.180,0.1446,0.2186
1469,41.202,0.1447,0.1123
1470,41.228,0.1448,0.1122
1471,41.253,0.1448,0.1122
1472,41.277,0.1448,0.1122
1473,41.304,0.1448,0.1122
1474,41.329,0.1448,0.0542
1475,41.356,0.1447,0.0543
1476,41.381,0.1446,0.0544
1477,41.406,0.1445,0.0546
1478,41.433,0.1444,0.0547
1479,41.456,0.1443,0.1178
1480,41.485,0.1443,0.1179
1481,41.510,0.1443,0.1179
1482,41.537,0.1443,0.1179
1483,41.568,0.1443,0.1178
1484,41.594,0.1443,-0.0050
1485,41.624,0.1442,-0.0048
1486,41.651,0.1440,-0.0046
1487,41.677,0.1438,-0.0044
1488,41.706,0.1436,-0.0042
1489,41.733,0.1434,0.1184
1490,41.762,0.1433,0.1185
1491,41.788,0.1434,0.1185
1492,41.814,0.1434,0.1185
1493,41.843,0.1434,0.1185
1494,41.872,0.1434,0.0391
1495,41.899,0.1433,0.0392
1496,41.929,0.1432,0.0393
1497,41.952,0.1431,0.0395
1498,41.980,0.1429,0.0397
1499,42.003,0.1428,0.0423
1500,42.030,0.1427,0.0425
1501,42.060,0.1426,0.0426
1502,42.083,0.1425,0.0428
1503,42.112,0.1424,0.0429
1504,42.138,0.1422,0.0947
1505,42.163,0.1422,0.0948
1506,42.195,0.1421,0.0948
1507,42.218,0.1421,0.0949
1508,42.241,0.1421,0.0949
1509,42.269,0.1421,0.2035
1510,42.296,0.1421,0.2033
1511,42.328,0.1423,0.2030
1512,42.353,0.1424,0.2026
1513,42.382,0.1426,0.2023
1514,42.410,0.1427,0.2020
1515,42.434,0.1429,0.2017
1516,42.464,0.1430,0.2014
1517,42.490,0.1432,0.2011
1518,42.518,0.1433,0.2008
1519,42.550,0.1435,0.1682
1520,42.573,0.1436,0.1680
1521,42.602,0.1436,0.1678
1522,42.628,0.1437,0.1677
1523,42.657,0.1438,0.1675
1524,42.683,0.1439,0.3139
1525,42.704,0.1442,0.3132
1526,42.730,0.1445,0.3123
1527,42.751,0.1448,0.3114
1528,42.777,0.1451,0.3105
1529,42.802,0.1455,0.3159
1530,42.826,0.1458,0.3150
1531,42.852,0.1461,0.3141
1532,42.875,0.1464,0.3131
1533,42.897,0.1468,0.3123
1534,42.923,0.1471,0.1045
1535,42.943,0.1472,0.1043
1536,42.966,0.1472,0.1043
1537,42.990,0.1472,0.1044
1538,43.015,0.1472,0.1044
1539,43.042,0.1471,0.3233
1540,43.067,0.1473,0.3228
1541,43.096,0.1477,0.3218
1542,43.121,0.1480,0.3208
1543,43.148,0.1483,0.3199
1544,43.178,0.1487,0.4123
1545,43.202,0.1491,0.4107
1546,43.230,0.1496,0.4089
1547,43.254,0.1501,0.4071
1548,43.281,0.1506,0.4053
1549,43.312,0.1510,0.4379
1550,43.338,0.1515,0.4358
1551,43.365,0.1521,0.4337
1552,43.390,0.1526,0.4316
1553,43.417,0.1531,0.4296
1554,43.451,0.1536,0.3857
1555,43.478,0.1541,0.3840
1556,43.505,0.1545,0.3825
1557,43.532,0.1549,0.3809
1558,43.555,0.1554,0.3793
1559,43.586,0.1558,0.3754
1560,43.608,0.1562,0.3739
1561,43.632,0.1566,0.3724
1562,43.659,0.1570,0.3709
1563,43.678,0.1574,0.3694
1564,43.707,0.1580,0.4458
1565,43.731,0.1583,0.4871
1566,43.759,0.1589,0.4842
1567,43.783,0.1595,0.4813
1568,43.806,0.1601,0.4785
1569,43.834,0.1609,0.5594
1570,43.858,0.1614,0.6391
1571,43.885,0.1622,0.6350
1572,43.910,0.1630,0.6310
1573,43.933,0.1639,0.6271
1574,43.970,0.1647,0.6384
1575,43.998,0.1656,0.6339
1576,44.020,0.1664,0.6295
1577,44.046,0.1672,0.6251
1578,44.068,0.1681,0.6207
1579,44.108,0.1689,0.6438
1580,44.133,0.1697,0.6397
1581,44.158,0.1706,0.6355
1582,44.187,0.1714,0.6314
1583,44.212,0.1723,0.6274
1584,44.250,0.1731,0.7840
1585,44.281,0.1741,0.7786
1586,44.307,0.1751,0.7726
1587,44.332,0.1762,0.7667
1588,44.354,0.1773,0.7609
1589,44.386,0.1783,0.9136
1590,44.413,0.1796,0.9052
1591,44.436,0.1808,0.8964
1592,44.464,0.1821,0.8876
1593,44.492,0.1834,0.8790
1594,44.525,0.1846,0.7101
1595,44.553,0.1857,0.7028
1596,44.576,0.1866,0.6960
1597,44.601,0.1876,0.6892
1598,44.624,0.1885,0.6825
1599,44.659,0.1894,0.5244
1600,44.685,0.1902,0.5189
1601,44.708,0.1908,0.5140
1602,44.732,0.1915,0.5092
1603,44.755,0.1921,0.5045
1604,44.788,0.1927,0.5470
1605,44.814,0.1934,0.5414
1606,44.837,0.1941,0.5358
1607,44.864,0.1948,0.5302
1608,44.888,0.1955,0.5247
1609,44.917,0.1962,0.5071
1610,44.943,0.1968,0.5020
1611,44.967,0.1974,0.4970
1612,44.993,0.1981,0.4920
1613,45.023,0.1987,0.4872
1614,45.044,0.1993,0.4674
1615,45.072,0.1999,0.4629
1616,45.099,0.2004,0.4585
1617,45.126,0.2010,0.4542
1618,45.152,0.2016,0.4499
1619,45.180,0.2021,0.4890
1620,45.207,0.2027,0.4841
1621,45.233,0.2033,0.4789
1622,45.265,0.2039,0.4739
1623,45.294,0.2045,0.4689
1624,45.321,0.2051,0.4549
1625,45.354,0.2056,0.4502
1626,45.379,0.2062,0.4456
1627,45.408,0.2067,0.4411
1628,45.437,0.2073,0.4366
1629,45.463,0.2078,0.4502
1630,45.495,0.2084,0.4455
1631,45.524,0.2089,0.4408
1632,45.556,0.2094,0.4361
1633,45.585,0.2100,0.4315
1634,45.609,0.2105,0.4512
1635,45.634,0.2110,0.4462
1636,45.659,0.2116,0.4412
1637,45.686,0.2121,0.4362
1638,45.717,0.2127,0.4313
1639,45.746,0.2132,0.4378
1640,45.772,0.2138,0.4328
1641,45.796,0.2143,0.4278
1642,45.821,0.2148,0.4229
1643,45.849,0.2153,0.4180
1644,45.874,0.2158,0.4031
1645,45.903,0.2163,0.3986
1646,45.927,0.2168,0.3942
1647,45.954,0.2173,0.3899
1648,45.984,0.2178,0.3856
1649,46.014,0.2182,0.3937
1650,46.043,0.2187,0.3893
1651,46.072,0.2192,0.3849
1652,46.096,0.2196,0.3805
1653,46.125,0.2201,0.3762
1654,46.150,0.2205,0.3874
1655,46.177,0.2210,0.3829
1656,46.206,0.2215,0.3783
1657,46.229,0.2219,0.3738
1658,46.256,0.2224,0.3694
1659,46.282,0.2228,0.3714
1660,46.309,0.2233,0.3670
1661,46.337,0.2237,0.3626
1662,46.362,0.2241,0.3582
1663,46.389,0.2246,0.3540
1664,46.416,0.2250,0.3474
1665,46.438,0.2254,0.3433
1666,46.464,0.2258,0.3393
1667,46.488,0.2262,0.3353
1668,46.515,0.2266,0.3314
1669,46.543,0.2270,0.3485
1670,46.567,0.2274,0.3442
1671,46.593,0.2278,0.3398
1672,46.616,0.2282,0.3356
1673,46.641,0.2286,0.3313
1674,46.673,0.2290,0.3256
1675,46.698,0.2294,0.3216
1676,46.725,0.2298,0.3176
1677,46.749,0.2301,0.3137
1678,46.778,0.2305,0.3099
1679,46.806,0.2309,0.3138
1680,46.828,0.2312,0.3098
1681,46.855,0.2316,0.3059
1682,46.880,0.2319,0.3021
1683,46.908,0.2323,0.2983
1684,46.936,0.2326,0.3104
1685,46.961,0.2330,0.3063
1686,46.989,0.2334,0.3022
1687,47.012,0.2337,0.2982
1688,47.036,0.2341,0.2942
1689,47.060,0.2344,0.2504
1690,47.082,0.2347,0.2470
1691,47.106,0.2350,0.2440
1692,47.131,0.2352,0.2410
1693,47.155,0.2355,0.2381
1694,47.179,0.2358,0.2412
1695,47.202,0.2360,0.2381
1696,47.226,0.2363,0.2351
1697,47.249,0.2365,0.2321
1698,47.273,0.2368,0.2291
1699,47.296,0.2370,0.2128
1700,47.320,0.2372,0.2101
1701,47.350,0.2374,0.2077
1702,47.375,0.2376,0.2053
1703,47.398,0.2378,0.2029
1704,47.423,0.2380,0.2077
1705,47.446,0.2382,0.2052
1706,47.475,0.2384,0.2026
1707,47.501,0.2386,0.2001
1708,47.528,0.2388,0.1977
1709,47.557,0.2390,0.1710
1710,47.581,0.2392,0.1690
1711,47.607,0.2393,0.1671
1712,47.633,0.2395,0.1653
1713,47.657,0.2396,0.1635
1714,47.695,0.2398,-0.0177
1715,47.722,0.2397,-0.0167
1716,47.754,0.2395,-0.0145
1717,47.780,0.2393,-0.0124
1718,47.805,0.2392,-0.0103
1719,47.838,0.2390,-0.0129
1720,47.862,0.2389,-0.0107
1721,47.889,0.2387,-0.0085
1722,47.912,0.2385,-0.0063
1723,47.938,0.2384,-0.0041
1724,47.970,0.2382,-0.0179
1725,47.994,0.2380,-0.0155
1726,48.018,0.2378,-0.0131
1727,48.042,0.2377,-0.0107
1728,48.066,0.2375,-0.0083
1729,48.096,0.2373,-0.0177
1730,48.120,0.2371,-0.0229
1731,48.145,0.2369,-0.0200
1732,48.174,0.2367,-0.0171
1733,48.197,0.2365,-0.0143
1734,48.222,0.2357,-0.0683
1735,48.245,0.2360,-0.2725
1736,48.272,0.2354,-0.2639
1737,48.299,0.2348,-0.2554
1738,48.324,0.2342,-0.2470
1739,48.363,0.2335,-0.3330
1740,48.388,0.2328,-0.3230
1741,48.415,0.2321,-0.3124
1742,48.442,0.2313,-0.3020
1743,48.466,0.2306,-0.2918
1744,48.501,0.2299,-0.2674
1745,48.528,0.2292,-0.2579
1746,48.551,0.2285,-0.2486
1747,48.574,0.2279,-0.2394
1748,48.598,0.2272,-0.2303
1749,48.639,0.2277,0.1540
1750,48.669,0.2263,0.2012
1751,48.694,0.2263,0.2004
1752,48.725,0.2264,0.1995
1753,48.750,0.2264,0.1988
1754,48.788,0.2265,0.4215
1755,48.820,0.2268,0.4173
1756,48.846,0.2272,0.4116
1757,48.876,0.2276,0.4060
1758,48.903,0.2280,0.4005
1759,48.950,0.2284,0.4606
1760,48.990,0.2288,0.4544
1761,49.023,0.2293,0.4479
1762,49.052,0.2298,0.4415
1763,49.075,0.2302,0.4353
1764,49.105,0.2307,0.4899
1765,49.129,0.2312,0.4834
1766,49.153,0.2317,0.4766
1767,49.179,0.2323,0.4699
1768,49.204,0.2328,0.4633
1769,49.239,0.2333,0.4907
1770,49.266,0.2338,0.4837
1771,49.290,0.2344,0.4765
1772,49.317,0.2349,0.4695
1773,49.343,0.2354,0.4627
1774,49.374,0.2359,0.5720
1775,49.403,0.2366,0.5639
1776,49.427,0.2372,0.5550
1777,49.457,0.2379,0.5463
1778,49.482,0.2386,0.5378
1779,49.514,0.2392,0.6369
1780,49.545,0.2400,0.6260
1781,49.568,0.2408,0.6147
1782,49.593,0.2416,0.6036
1783,49.618,0.2424,0.5926
1784,49.648,0.2432,0.7103
1785,49.676,0.2441,0.6982
1786,49.700,0.2451,0.6849
1787,49.729,0.2460,0.6718
1788,49.754,0.2470,0.6589
1789,49.785,0.2479,0.8632
1790,49.814,0.2490,0.8473
1791,49.837,0.2503,0.8294
1792,49.863,0.2515,0.8117
1793,49.891,0.2528,0.7942
1794,49.915,0.2540,0.7887
1795,49.941,0.2552,0.7721
1796,49.965,0.2564,0.7556
1797,49.992,0.2576,0.7392
1798,50.017,0.2588,0.7230
1799,50.041,0.2600,0.7853
1800,50.066,0.2587,0.7686
1801,50.089,0.2574,0.7513
1802,50.112,0.2561,0.7342
1803,50.137,0.2548,0.7171
1804,50.162,0.2535,0.7475
1805,50.191,0.2535,0.7475
1806,50.215,0.2451,-0.0156
1807,50.239,0.1590,-1.1301
1808,50.265,0.0600,-1.8200
1809,50.288,0.0600,-1.8200
1810,50.318,0.0600,-1.8200
1811,50.341,0.0600,-1.8200
1812,50.367,0.0600,-1.8200
1813,50.392,0.0600,-1.7999
1814,50.419,0.0600,-1.7886
1815,50.443,0.0600,-1.7525
1816,50.474,0.0600,-1.7171
1817,50.497,0.0600,-1.6823
1818,50.525,0.0600,-1.6483
1819,50.550,0.0600,-1.7166
1820,50.571,0.0600,-1.6819
1821,50.595,0.0623,-1.6473
1822,50.619,0.0648,-1.6134
1823,50.643,0.0673,-1.5804
1824,50.668,0.0600,-1.7018
1825,50.692,0.0603,-1.6670
1826,50.720,0.0625,-1.6316
1827,50.740,0.0646,-1.5970
1828,50.767,0.0666,-1.5633
1829,50.792,0.0646,-1.5344
1830,50.817,0.0665,-1.5021
1831,50.844,0.0683,-1.4706
1832,50.866,0.0700,-1.4399
1833,50.892,0.0718,-1.4099
1834,50.919,0.0672,-1.2890
1835,50.946,0.0686,-1.2622
1836,50.975,0.0700,-1.2368
1837,50.998,0.0713,-1.2120
1838,51.026,0.0726,-1.1877
1839,51.051,0.0711,-1.1846
1840,51.074,0.0723,-1.1612
1841,51.101,0.0735,-1.1381
1842,51.125,0.0747,-1.1156
1843,51.150,0.0758,-1.0936
1844,51.181,0.0754,-1.0247
1845,51.204,0.0764,-1.0048
1846,51.235,0.0774,-0.9856
1847,51.259,0.0784,-0.9669
1848,51.284,0.0793,-0.9486
1849,51.314,0.0803,-1.0892
1850,51.334,0.0813,-1.0697
1851,51.361,0.0823,-1.0492
1852,51.386,0.0834,-1.0293
1853,51.411,0.0844,-1.0099
1854,51.439,0.0760,-1.0326
1855,51.462,0.0769,-1.0154
1856,51.487,0.0778,-0.9982
1857,51.513,0.0787,-0.9813
1858,51.542,0.0795,-0.9647
1859,51.571,0.0800,-1.3239
1860,51.595,0.0839,-1.3993
1861,51.620,0.0852,-1.3743
1862,51.644,0.0865,-1.3498
1863,51.668,0.0877,-1.3257
1864,51.692,0.0844,-1.5075
1865,51.716,0.0856,-1.4832
1866,51.741,0.0870,-1.4578
1867,51.764,0.0882,-1.4330
1868,51.788,0.0895,-1.4087
1869,51.816,0.0873,-1.7703
1870,51.841,0.0890,-1.8200
1871,51.869,0.0905,-1.8200
1872,51.894,0.0921,-1.8200
1873,51.922,0.0937,-1.8200
1874,51.953,0.0901,-1.8200
1875,51.978,0.0916,-1.8200
1876,52.007,0.0931,-1.8200
1877,52.032,0.0945,-1.8200
1878,52.058,0.0960,-1.8200
1879,52.086,0.1011,-1.8200
1880,52.111,0.1026,-1.8200
1881,52.136,0.1042,-1.8200
1882,52.165,0.1057,-1.8200
1883,52.186,0.1073,-1.8200
1884,52.217,0.1148,-1.8200
1885,52.243,0.1165,-1.8200
1886,52.267,0.1181,-1.8200
1887,52.293,0.1197,-1.8200
1888,52.319,0.1214,-1.8200
1889,52.355,0.1349,-1.8200
1890,52.383,0.1535,-1.8200
1891,52.414,0.1566,-1.8200
1892,52.441,0.1586,-1.8200
1893,52.471,0.1606,-1.8200
1894,52.502,0.1655,-1.7992
1895,52.531,0.1852,-1.7802
1896,52.558,0.2027,-1.7613
1897,52.583,0.2055,-1.7426
1898,52.610,0.2079,-1.7241
1899,52.641,0.2109,-1.7141
1900,52.668,0.2288,-1.7167
1901,52.696,0.2473,-1.6995
1902,52.720,0.2511,-1.6823
1903,52.743,0.2538,-1.6653
1904,52.781,0.2565,-1.5669
1905,52.809,0.2591,-1.5522
1906,52.832,0.2583,-1.5378
1907,52.859,0.2557,-1.5234
1908,52.883,0.2531,-1.5090
1909,52.918,0.2506,-1.4532
1910,52.943,0.2481,-1.4391
1911,52.970,0.2456,-1.4250
1912,52.997,0.2431,-1.4110
1913,53.022,0.2406,-1.3970
1914,53.063,0.2385,-1.0446
1915,53.089,0.2360,-1.0272
1916,53.113,0.2341,-1.0181
1917,53.143,0.2323,-1.0089
1918,53.167,0.2304,-0.9997
1919,53.206,0.2288,-0.6731
1920,53.231,0.2269,-0.6610
1921,53.257,0.2256,-0.6539
1922,53.283,0.2242,-0.6469
1923,53.308,0.2229,-0.6399
1924,53.346,0.2217,-0.2874
1925,53.373,0.2206,-0.2809
1926,53.397,0.2198,-0.2766
1927,53.425,0.2191,-0.2722
1928,53.451,0.2183,-0.2678
1929,53.482,0.2176,0.0134
1930,53.511,0.2171,0.0163
1931,53.534,0.2169,0.0182
1932,53.564,0.2166,0.0200
1933,53.592,0.2163,0.0219
1934,53.626,0.2160,0.0502
1935,53.657,0.2157,0.0520
1936,53.680,0.2155,0.0537
1937,53.708,0.2152,0.0554
1938,53.734,0.2150,0.0571
1939,53.763,0.2147,0.1830
1940,53.793,0.2146,0.1838
1941,53.817,0.2146,0.1841
1942,53.842,0.2145,0.1845
1943,53.867,0.2145,0.1848
1944,53.896,0.2144,0.2483
1945,53.919,0.2144,0.2483
1946,53.942,0.2145,0.2479
1947,53.966,0.2145,0.2476
1948,53.994,0.2145,0.2472
1949,54.015,0.2146,0.1549
1950,54.042,0.2145,0.1553
1951,54.065,0.2144,0.1563
1952,54.087,0.2143,0.1573
1953,54.115,0.2142,0.1582
1954,54.140,0.2140,0.3013
1955,54.166,0.2140,0.3013
1956,54.189,0.2141,0.3004
1957,54.216,0.2143,0.2996
1958,54.244,0.2143,0.2988
1959,54.268,0.2144,0.1618
1960,54.296,0.2144,0.1624
1961,54.320,0.2142,0.1636
1962,54.346,0.2141,0.1649
1963,54.372,0.2140,0.1662
1964,54.397,0.2138,0.2560
1965,54.422,0.2138,0.2566
1966,54.450,0.2137,0.2566
1967,54.474,0.2137,0.2567
1968,54.501,0.2137,0.2568
1969,54.523,0.2137,0.3893
1970,54.550,0.2138,0.3883
1971,54.576,0.2140,0.3863
1972,54.600,0.2142,0.3845
1973,54.626,0.2144,0.3827
1974,54.651,0.2146,0.1852
1975,54.678,0.2145,0.1857
1976,54.702,0.2144,0.1872
1977,54.727,0.2142,0.1888
1978,54.754,0.2141,0.1903
1979,54.778,0.2139,0.3503
1980,54.805,0.2139,0.3503
1981,54.833,0.2140,0.3493
1982,54.859,0.2141,0.3484
1983,54.886,0.2142,0.3475
1984,54.911,0.2142,0.1937
1985,54.938,0.2142,0.1945
1986,54.962,0.2140,0.1965
1987,54.987,0.2138,0.1986
1988,55.015,0.2136,0.2007
1989,55.043,0.2134,0.2125
1990,55.073,0.2132,0.2146
1991,55.098,0.2130,0.2166
1992,55.120,0.2128,0.2187
1993,55.146,0.2126,0.2208
1994,55.171,0.2124,0.3576
1995,55.198,0.2123,0.3583
1996,55.224,0.2124,0.3581
1997,55.249,0.2124,0.3581
1998,55.276,0.2124,0.3581
1999,55.302,0.2124,0.2530
2000,55.329,0.2122,0.2546
2001,55.358,0.2120,0.2568
2002,55.381,0.2118,0.2591
2003,55.412,0.2118,0.2591
2004,55.439,0.2253,-0.1002
2005,55.466,0.2377,-0.0990
2006,55.494,0.2375,-0.0962
2007,55.516,0.2372,-0.0933
2008,55.545,0.2370,-0.0905
2009,55.574,0.2368,0.0095
2010,55.595,0.2366,0.0110
2011,55.622,0.2366,0.0118
2012,55.645,0.2365,0.0127
2013,55.671,0.2364,0.0135
2014,55.697,0.2364,0.0009
2015,55.721,0.2363,0.0019
2016,55.750,0.2362,0.0029
2017,55.773,0.2361,0.0039
2018,55.799,0.2360,0.0050
2019,55.824,0.2359,-0.0785
2020,55.847,0.2358,-0.0763
2021,55.871,0.2355,-0.0736
2022,55.895,0.2353,-0.0709
2023,55.921,0.2351,-0.0682
2024,55.950,0.2350,0.0899
2025,55.973,0.2348,0.0953
2026,55.999,0.2349,0.0946
2027,56.022,0.2349,0.0939
2028,56.048,0.2350,0.0932
2029,56.074,0.2351,0.1036
2030,56.099,0.2351,0.1028
2031,56.129,0.2352,0.1019
2032,56.156,0.2353,0.1010
2033,56.187,0.2353,0.1001
2034,56.217,0.2354,0.1433
2035,56.243,0.2355,0.1419
2036,56.273,0.2356,0.1401
2037,56.300,0.2358,0.1384
2038,56.329,0.2359,0.1367
2039,56.361,0.2360,0.1349
2040,56.385,0.2362,0.1333
2041,56.418,0.2363,0.1318
2042,56.448,0.2364,0.1303
2043,56.476,0.2365,0.1288
2044,56.507,0.2366,0.0447
2045,56.531,0.2366,0.0447
2046,56.557,0.2366,0.0450
2047,56.582,0.2366,0.0454
2048,56.604,0.2366,0.0457
2049,56.636,0.2365,0.1442
2050,56.661,0.2366,0.1428
2051,56.691,0.2368,0.1410
2052,56.723,0.2369,0.1393
2053,56.746,0.2370,0.1375
2054,56.780,0.2372,0.1027
2055,56.804,0.2372,0.1017
2056,56.831,0.2373,0.1008
2057,56.860,0.2374,0.0999
2058,56.883,0.2374,0.0990
2059,56.912,0.2375,0.1201
2060,56.937,0.2376,0.1336
2061,56.963,0.2377,0.1321
2062,56.992,0.2378,0.1305
2063,57.016,0.2379,0.1290
2064,57.046,0.2380,0.1307
2065,57.074,0.2381,0.1313
2066,57.100,0.2382,0.1297
2067,57.127,0.2384,0.1282
2068,57.152,0.2385,0.1267
2069,57.192,0.2386,0.0480
2070,57.219,0.2386,0.0478
2071,57.243,0.2386,0.0481
2072,57.269,0.2385,0.0485
2073,57.292,0.2385,0.0488
2074,57.326,0.2385,0.1003
2075,57.352,0.2385,0.0998
2076,57.379,0.2386,0.0990
2077,57.407,0.2387,0.0982
2078,57.430,0.2387,0.0974
2079,57.472,0.2388,0.0950
2080,57.498,0.2388,0.0942
2081,57.519,0.2389,0.0935
2082,57.544,0.2389,0.0928
2083,57.568,0.2390,0.0922
2084,57.598,0.2390,0.1503
2085,57.626,0.2391,0.1488
2086,57.649,0.2392,0.1469
2087,57.676,0.2394,0.1449
2088,57.700,0.2395,0.1431
2089,57.733,0.2396,0.2315
2090,57.764,0.2399,0.2284
2091,57.791,0.2401,0.2246
2092,57.817,0.2404,0.2210
2093,57.841,0.2407,0.2174
2094,57.876,0.2409,0.2763
2095,57.902,0.2412,0.2715
2096,57.925,0.2416,0.2664
2097,57.954,0.2419,0.2614
2098,57.978,0.2423,0.2565
2099,58.011,0.2426,0.2861
2100,58.038,0.2430,0.2809
2101,58.061,0.2433,0.2755
2102,58.087,0.2437,0.2701
2103,58.113,0.2440,0.2650
2104,58.138,0.2444,0.2746
2105,58.166,0.2447,0.2695
2106,58.188,0.2451,0.2644
2107,58.216,0.2454,0.2594
2108,58.241,0.2458,0.2545
2109,58.267,0.2461,0.3293
2110,58.293,0.2465,0.3230
2111,58.317,0.2470,0.3164
2112,58.343,0.2474,0.3098
2113,58.367,0.2479,0.3034
2114,58.394,0.2483,0.3904
2115,58.421,0.2488,0.3831
2116,58.444,0.2494,0.3750
2117,58.470,0.2499,0.3671
2118,58.499,0.2505,0.3593
2119,58.522,0.2507,0.0996
2120,58.549,0.2513,0.0820
2121,58.574,0.2514,0.0808
2122,58.600,0.2515,0.0797
2123,58.628,0.2515,0.0787
2124,58.654,0.2516,0.1178
2125,58.679,0.2517,0.1162
2126,58.702,0.2519,0.1143
2127,58.729,0.2520,0.1124
2128,58.758,0.2521,0.1106
2129,58.781,0.2523,-0.0875
2130,58.807,0.2522,-0.0866
2131,58.831,0.2520,-0.0838
2132,58.856,0.2518,-0.0811
2133,58.881,0.2516,-0.0785
2134,58.906,0.2509,-0.3771
2135,58.932,0.2509,-0.4030
2136,58.957,0.2502,-0.3935
2137,58.982,0.2495,-0.3840
2138,59.009,0.2488,-0.3748
2139,59.034,0.2481,-0.3882
2140,59.060,0.2473,-0.3786
2141,59.086,0.2466,-0.3689
2142,59.112,0.2459,-0.3593
2143,59.137,0.2452,-0.3499
2144,59.162,0.2445,-0.3602
2145,59.187,0.2438,-0.3508
2146,59.212,0.2430,-0.3413
2147,59.235,0.2423,-0.3320
2148,59.262,0.2416,-0.3228
2149,59.288,0.2410,-0.2554
2150,59.316,0.2403,-0.2475
2151,59.344,0.2398,-0.2402
2152,59.368,0.2392,-0.2329
2153,59.398,0.2387,-0.2258
2154,59.424,0.2381,-0.1260
2155,59.447,0.2377,-0.1204
2156,59.475,0.2373,-0.1153
2157,59.494,0.2369,-0.1104
2158,59.522,0.2365,-0.1054
2159,59.547,0.2362,-0.0361
2160,59.571,0.2359,-0.0324
2161,59.596,0.2356,-0.0292
2162,59.619,0.2353,-0.0259
2163,59.647,0.2351,-0.0228
2164,59.671,0.2346,-0.2083
2165,59.699,0.2344,-0.2145
2166,59.727,0.2338,-0.2071
2167,59.753,0.2332,-0.1998
2168,59.780,0.2327,-0.1925
2169,59.814,0.2321,0.0104
2170,59.839,0.2317,0.0151
2171,59.870,0.2315,0.0180
2172,59.894,0.2313,0.0209
2173,59.924,0.2310,0.0239
2174,59.958,0.2308,-0.0212
2175,59.981,0.2305,-0.0177
2176,60.008,0.2302,-0.0138
2177,60.035,0.2299,-0.0099
2178,60.064,0.2296,-0.0060
2179,60.090,0.2293,-0.0078
2180,60.118,0.2290,-0.0039
2181,60.149,0.2287,-0.0000
2182,60.174,0.2284,0.0038
2183,60.198,0.2281,0.0077
2184,60.225,0.2278,-0.0491
2185,60.249,0.2274,-0.0446
2186,60.274,0.2270,-0.0396
2187,60.299,0.2266,-0.0346
2188,60.324,0.2262,-0.0297
2189,60.352,0.2258,0.0181
2190,60.376,0.2254,0.0225
2191,60.405,0.2251,0.0266
2192,60.430,0.2248,0.0307
2193,60.457,0.2245,0.0348
2194,60.486,0.2185,0.0340
2195,60.513,0.2182,0.0380
2196,60.540,0.2178,0.0420
2197,60.565,0.2175,0.0460
2198,60.591,0.2172,0.0500
2199,60.618,0.2053,0.2302
2200,60.643,0.2052,0.2316
2201,60.671,0.2052,0.2318
2202,60.696,0.2052,0.2319
2203,60.721,0.2051,0.2322
2204,60.751,0.1961,0.3523
2205,60.774,0.1962,0.3508
2206,60.803,0.1964,0.3485
2207,60.828,0.1966,0.3462
2208,60.856,0.1967,0.3440
2209,60.886,0.1934,0.4220
2210,60.909,0.1936,0.4188
2211,60.934,0.1939,0.4152
2212,60.959,0.1942,0.4117
2213,60.987,0.1944,0.4083
2214,61.018,0.1853,0.3553
2215,61.042,0.1855,0.3525
2216,61.066,0.1857,0.3500
2217,61.096,0.1857,0.3500
2218,61.121,0.1992,0.1443
2219,61.151,0.2070,0.2980
2220,61.175,0.2074,0.2923
2221,61.200,0.2078,0.2860
2222,61.223,0.2082,0.2799
2223,61.247,0.2083,0.2739
2224,61.275,0.2003,0.2911
2225,61.299,0.1883,0.3212
2226,61.325,0.1879,0.3140
2227,61.352,0.1875,0.3069
2228,61.376,0.1872,0.3000
2229,61.403,0.1882,0.2969
2230,61.428,0.1909,0.2941
2231,61.452,0.1905,0.2876
2232,61.480,0.1902,0.2813
2233,61.505,0.1898,0.2750
2234,61.542,0.1879,0.4656
2235,61.572,0.1874,0.4573
2236,61.594,0.1868,0.4479
2237,61.623,0.1863,0.4386
2238,61.647,0.1857,0.4295
2239,61.684,0.1718,0.5134
2240,61.708,0.1712,0.5042
2241,61.734,0.1706,0.4944
2242,61.762,0.1700,0.4848
2243,61.787,0.1694,0.4753
2244,61.824,0.1694,0.4901
2245,61.854,0.1688,0.4808
2246,61.874,0.1682,0.4716
2247,61.901,0.1677,0.4625
2248,61.925,0.1671,0.4535
2249,61.962,0.1672,0.4064
2250,61.991,0.1666,0.3988
2251,62.014,0.1662,0.3915
2252,62.040,0.1657,0.3843
2253,62.064,0.1652,0.3771
2254,62.097,0.1629,0.4902
2255,62.124,0.1623,0.4828
2256,62.147,0.1617,0.4746
2257,62.172,0.1611,0.4665
2258,62.199,0.1606,0.4585
2259,62.228,0.1635,0.4059
2260,62.257,0.1630,0.3987
2261,62.279,0.1624,0.3919
2262,62.305,0.1619,0.3852
2263,62.330,0.1614,0.3785
2264,62.360,0.1568,0.5359
2265,62.386,0.1562,0.5283
2266,62.409,0.1556,0.5202
2267,62.437,0.1549,0.5121
2268,62.463,0.1543,0.5041
2269,62.492,0.1572,0.5015
2270,62.519,0.1566,0.4941
2271,62.544,0.1560,0.4867
2272,62.572,0.1554,0.4794
2273,62.596,0.1547,0.4721
2274,62.632,0.1414,0.3997
2275,62.662,0.1409,0.3933
2276,62.687,0.1404,0.3873
2277,62.713,0.1399,0.3815
2278,62.739,0.1394,0.3757
2279,62.765,0.1360,0.2927
2280,62.790,0.1356,0.2879
2281,62.813,0.1353,0.2835
2282,62.837,0.1349,0.2792
2283,62.863,0.1346,0.2749
2284,62.890,0.1320,0.2965
2285,62.920,0.1316,0.2924
2286,62.944,0.1312,0.2883
2287,62.971,0.1309,0.2842
2288,62.998,0.1305,0.2801
2289,63.021,0.1267,0.3308
2290,63.048,0.1263,0.3266
2291,63.071,0.1259,0.3223
2292,63.097,0.1255,0.3179
2293,63.124,0.1252,0.3136
2294,63.148,0.1211,0.2925
2295,63.174,0.1207,0.2886
2296,63.204,0.1204,0.2849
2297,63.226,0.1200,0.2811
2298,63.253,0.1197,0.2774
2299,63.278,0.1188,0.3086
2300,63.306,0.1184,0.3049
2301,63.329,0.1180,0.3011
2302,63.354,0.1177,0.2973
2303,63.378,0.1173,0.2935
2304,63.404,0.1111,0.2767
2305,63.432,0.1107,0.2733
2306,63.461,0.1104,0.2699
2307,63.485,0.1101,0.2666
2308,63.512,0.1098,0.2633
2309,63.539,0.1084,0.5052
2310,63.566,0.1079,0.5005
2311,63.597,0.1074,0.4949
2312,63.622,0.1069,0.4893
2313,63.654,0.1064,0.4839
2314,63.682,0.1027,0.4340
2315,63.711,0.1023,0.4291
2316,63.744,0.1018,0.4244
2317,63.767,0.1014,0.4197
2318,63.797,0.1010,0.4151
2319,63.824,0.1002,0.5437
2320,63.852,0.0997,0.5392
2321,63.882,0.0992,0.5343
2322,63.910,0.0987,0.5295
2323,63.936,0.0982,0.5247
2324,63.962,0.1029,0.3473
2325,63.987,0.1024,0.3431
2326,64.014,0.1021,0.3393
2327,64.036,0.1017,0.3357
2328,64.061,0.1013,0.3320
2329,64.088,0.0981,0.2407
2330,64.112,0.0978,0.2378
2331,64.137,0.0975,0.2352
2332,64.158,0.0972,0.2327
2333,64.184,0.0970,0.2301
2334,64.209,0.0929,0.2050
2335,64.235,0.0926,0.2026
2336,64.263,0.0924,0.2004
2337,64.287,0.0922,0.1982
2338,64.313,0.0919,0.1960
2339,64.338,0.0878,0.1400
2340,64.365,0.0876,0.1381
2341,64.391,0.0875,0.1364
2342,64.416,0.0873,0.1348
2343,64.442,0.0871,0.1331
2344,64.472,0.0844,0.3758
2345,64.494,0.0838,0.3757
2346,64.522,0.0835,0.3727
2347,64.547,0.0831,0.3698
2348,64.573,0.0828,0.3670
2349,64.601,0.0749,0.2896
2350,64.628,0.0746,0.2868
2351,64.652,0.0744,0.2841
2352,64.677,0.0741,0.2815
2353,64.704,0.0739,0.2788
2354,64.731,0.0712,0.2743
2355,64.754,0.0710,0.2718
2356,64.782,0.0707,0.2693
2357,64.808,0.0705,0.2668
2358,64.837,0.0703,0.2644
2359,64.869,0.0702,0.3177
2360,64.891,0.0699,0.3150
2361,64.916,0.0697,0.3123
2362,64.940,0.0694,0.3095
2363,64.964,0.0691,0.3068
2364,64.992,0.0683,0.3078
2365,65.016,0.0680,0.3053
2366,65.044,0.0678,0.3027
2367,65.069,0.0675,0.3002
2368,65.095,0.0673,0.2977
2369,65.125,0.0606,0.3080
2370,65.148,0.0604,0.3054
2371,65.176,0.0602,0.3028
2372,65.200,0.0600,0.3003
2373,65.225,0.0600,0.2977
2374,65.256,0.0605,0.2688
2375,65.281,0.0603,0.2665
2376,65.311,0.0600,0.2642
2377,65.340,0.0600,0.2619
2378,65.364,0.0600,0.2597
2379,65.396,0.0600,0.3139
2380,65.420,0.0600,0.3115
2381,65.446,0.0600,0.3090
2382,65.471,0.0600,0.3066
2383,65.495,0.0600,0.3042
2384,65.526,0.0600,0.3059
2385,65.549,0.0600,0.3036
2386,65.575,0.0600,0.3012
2387,65.598,0.0600,0.2988
2388,65.625,0.0600,0.2965
2389,65.654,0.0600,0.2978
2390,65.681,0.0600,0.2978
2391,65.705,0.0600,0.2954
2392,65.735,0.0600,0.2931
2393,65.758,0.0600,0.2907
2394,65.787,0.0599,0.2289
2395,65.815,0.0600,0.1968
2396,65.842,0.0600,0.1952
2397,65.871,0.0600,0.1936
2398,65.895,0.0600,0.1920
2399,65.934,0.0600,0.4015
2400,65.965,0.0600,0.3992
2401,65.985,0.0600,0.3964
2402,66.011,0.0600,0.3937
2403,66.034,0.0600,0.3910
2404,66.071,0.0600,0.2634
2405,66.095,0.0600,0.2610
2406,66.118,0.0600,0.2590
2407,66.146,0.0600,0.2569
2408,66.170,0.0600,0.2549
2409,66.205,0.0600,0.2903
2410,66.229,0.0600,0.2883
2411,66.254,0.0600,0.2863
2412,66.279,0.0600,0.2843
2413,66.302,0.0600,0.2823
2414,66.338,0.0600,0.2461
2415,66.363,0.0600,0.2442
2416,66.388,0.0600,0.2423
2417,66.418,0.0600,0.2404
2418,66.442,0.0600,0.2386
2419,66.479,0.0600,0.2323
2420,66.508,0.0600,0.2306
2421,66.526,0.0600,0.2288
2422,66.551,0.0600,0.2271
2423,66.573,0.0600,0.2253
2424,66.604,0.0600,0.2393
2425,66.631,0.0600,0.2377
2426,66.654,0.0600,0.2360
2427,66.685,0.0600,0.2344
2428,66.709,0.0600,0.2328
2429,66.741,0.0600,0.1791
2430,66.766,0.0600,0.1778
2431,66.788,0.0600,0.1767
2432,66.815,0.0600,0.1755
2433,66.841,0.0600,0.1744
2434,66.867,0.0600,0.1040
2435,66.895,0.0600,0.1030
2436,66.919,0.0600,0.1020
2437,66.945,0.0600,0.1011
2438,66.969,0.0600,0.1002
2439,66.997,0.0600,0.1504
2440,67.028,0.0600,0.1494
2441,67.053,0.0600,0.1483
2442,67.082,0.0600,0.1472
2443,67.109,0.0600,0.1461
2444,67.142,0.0600,0.2400
2445,67.173,0.0600,0.2387
2446,67.199,0.0600,0.2372
2447,67.230,0.0600,0.2356
2448,67.259,0.0600,0.2341
2449,67.283,0.0600,0.1312
2450,67.315,0.0600,0.1300
2451,67.341,0.0600,0.1290
2452,67.371,0.0600,0.1281
2453,67.402,0.0600,0.1271
2454,67.431,0.0600,0.0648
2455,67.459,0.0600,0.0641
2456,67.483,0.0600,0.0635
2457,67.509,0.0600,0.0629
2458,67.538,0.0600,0.0623
2459,67.562,0.0600,0.1871
2460,67.589,0.0600,0.1862
2461,67.612,0.0600,0.1851
2462,67.638,0.0600,0.1840
2463,67.664,0.0600,0.1829
2464,67.689,0.0600,0.1927
2465,67.718,0.0600,0.1916
2466,67.751,0.0600,0.1906
2467,67.778,0.0600,0.1895
2468,67.806,0.0600,0.1885
2469,67.830,0.0600,0.3597
2470,67.855,0.0600,0.3585
2471,67.889,0.0600,0.3571
2472,67.912,0.0600,0.3557
2473,67.939,0.0600,0.3543
2474,67.965,0.0600,0.4234
2475,67.993,0.0600,0.4220
2476,68.020,0.0600,0.4205
2477,68.043,0.0600,0.4190
2478,68.071,0.0600,0.4175
2479,68.096,0.0600,0.5614
2480,68.121,0.0600,0.5598
2481,68.147,0.0600,0.5581
2482,68.172,0.0600,0.5564
2483,68.199,0.0600,0.5547
2484,68.223,0.0600,0.6795
2485,68.252,0.0600,0.6780
2486,68.277,0.0600,0.6764
2487,68.300,0.0600,0.6748
2488,68.328,0.0600,0.6731
2489,68.354,0.0600,0.7882
2490,68.380,0.0600,0.7864
2491,68.410,0.0600,0.7845
2492,68.432,0.0600,0.7826
2493,68.460,0.0600,0.7807
2494,68.488,0.0601,0.9767
2495,68.514,0.0600,0.9781
2496,68.540,0.0600,0.9762
2497,68.563,0.0600,0.9743
2498,68.592,0.0600,0.9724
2499,68.618,0.0598,0.6367
2500,68.642,0.0600,0.6303
2501,68.669,0.0600,0.6297
2502,68.692,0.0600,0.6292
2503,68.721,0.0600,0.6286
2504,68.747,0.0600,0.7085
2505,68.770,0.0600,0.7081
2506,68.797,0.0600,0.7077
2507,68.820,0.0600,0.7072
2508,68.846,0.0600,0.7068
2509,68.869,0.0606,1.0099
2510,68.892,0.0600,1.0429
2511,68.920,0.0600,1.0429
2512,68.944,0.0600,1.0429
2513,68.971,0.0600,1.0429
2514,68.999,0.0617,1.4233
2515,69.024,0.0600,1.5274
2516,69.050,0.0600,1.5274
2517,69.074,0.0600,1.5274
2518,69.101,0.0600,1.5274
2519,69.126,0.0600,1.8200
2520,69.149,0.0600,1.8200
2521,69.175,0.0600,1.8200
2522,69.200,0.0600,1.8200
2523,69.225,0.0600,1.8200
2524,69.255,0.0600,1.8200
2525,69.277,0.0600,1.8200
2526,69.302,0.0600,1.8200
2527,69.326,0.0600,1.8200
2528,69.354,0.0600,1.8200
2529,69.382,0.0600,1.8200
2530,69.407,0.0600,1.8200
2531,69.434,0.0600,1.8200
2532,69.459,0.0600,1.8200
2533,69.485,0.0600,1.8200
2534,69.514,0.0600,1.8200
2535,69.538,0.0600,1.8200
2536,69.563,0.0600,1.8200
2537,69.590,0.0600,1.8200
2538,69.614,0.0600,1.8200
2539,69.648,0.0600,1.8200
2540,69.674,0.0600,1.8200
2541,69.702,0.0600,1.8200
2542,69.730,0.0600,1.8200
2543,69.751,0.0600,1.8200
2544,69.784,0.0600,1.8200
2545,69.806,0.0600,1.8200
2546,69.830,0.0690,1.7570
2547,69.855,0.0600,1.8200
2548,69.878,0.0600,1.8200
2549,69.909,0.0600,1.8200
2550,69.933,0.0600,1.8200
2551,69.959,0.0600,1.8200
2552,69.984,0.0600,1.8200
2553,70.010,0.0600,1.8200
2554,70.039,0.0600,1.8200
2555,70.062,0.0611,1.8200
2556,70.088,0.0640,1.8200
2557,70.116,0.0669,1.8200
2558,70.138,0.0699,1.8200
2559,70.169,0.0703,1.8200
2560,70.194,0.0705,1.8200
2561,70.223,0.0733,1.8200
2562,70.249,0.0760,1.8200
2563,70.273,0.0752,1.7960
2564,70.310,0.0686,1.8200
2565,70.334,0.0709,1.8200
2566,70.360,0.0732,1.8200
2567,70.388,0.0754,1.8200
2568,70.410,0.0777,1.8200
2569,70.454,0.0682,1.8200
2570,70.478,0.0701,1.8200
2571,70.503,0.0721,1.8200
2572,70.530,0.0740,1.8200
2573,70.553,0.0760,1.8200
2574,70.589,0.0777,1.8200
2575,70.617,0.0796,1.8200
2576,70.640,0.0816,1.8200
2577,70.670,0.0835,1.8200
2578,70.695,0.0854,1.8200
2579,70.730,0.0821,1.8200
2580,70.758,0.0839,1.8200
2581,70.782,0.0857,1.8200
2582,70.809,0.1330,1.5030
2583,70.835,0.0892,1.8200
2584,70.870,0.0953,1.8200
2585,70.899,0.0972,1.8200
2586,70.923,0.0991,1.8200
2587,70.953,0.1009,1.8200
2588,70.977,0.1028,1.8200
2589,71.016,0.0987,1.8200
2590,71.048,0.1005,1.8200
2591,71.070,0.1023,1.8200
2592,71.095,0.1041,1.8200
2593,71.119,0.1058,1.8200
2594,71.146,0.1058,1.8200
2595,71.173,0.1075,1.8200
2596,71.195,0.1092,1.8200
2597,71.221,0.1109,1.8200
2598,71.245,0.1127,1.8200
2599,71.273,0.1215,1.8200
2600,71.301,0.1245,1.8200
2601,71.325,0.1264,1.8200
2602,71.353,0.1283,1.8200
2603,71.385,0.1301,1.8200
2604,71.405,0.1412,1.8200
2605,71.430,0.1461,1.8200
2606,71.456,0.1482,1.8200
2607,71.485,0.1502,1.8200
2608,71.513,0.1521,1.8200
2609,71.539,0.1627,1.8200
2610,71.565,0.1708,1.8200
2611,71.587,0.1730,1.8200
2612,71.614,0.1753,1.8200
2613,71.637,0.1775,1.8200
2614,71.665,0.1893,1.8200
2615,71.694,0.2087,1.8200
2616,71.718,0.2134,1.8200
2617,71.746,0.2160,1.8200
2618,71.770,0.2186,1.8200
2619,71.793,0.2286,1.8200
2620,71.818,0.2373,1.8200
2621,71.841,0.2401,1.8200
2622,71.867,0.2430,1.8200
2623,71.890,0.2458,1.8200
2624,71.918,0.2576,1.8200
2625,71.947,0.2573,1.8200
2626,71.971,0.2543,1.8200
2627,71.994,0.2512,1.8200
2628,72.020,0.2716,1.6566
2629,72.045,0.2452,1.8200
2630,72.071,0.2421,1.8200
2631,72.094,0.2390,1.8200
2632,72.117,0.2358,1.8200
2633,72.144,0.2327,1.8200
2634,72.167,0.2295,1.8200
2635,72.191,0.2264,1.8200
2636,72.215,0.2232,1.8200
2637,72.239,0.2200,1.8200
2638,72.265,0.1969,1.6818
2639,72.289,0.2137,1.8200
2640,72.312,0.2104,1.8200
2641,72.335,0.2072,1.8200
2642,72.356,0.2039,1.8200
2643,72.383,0.2007,1.8200
2644,72.406,0.1974,1.8200
2645,72.429,0.1941,1.8200
2646,72.454,0.1908,1.8200
2647,72.474,0.1875,1.8200
2648,72.499,0.1843,1.8200
2649,72.524,0.1810,1.8200
2650,72.550,0.1777,1.8200
2651,72.577,0.1744,1.8200
2652,72.599,0.1711,1.8200
2653,72.627,0.1678,1.8200
2654,72.651,0.1645,1.8200
2655,72.677,0.1645,1.7965
2656,72.705,0.1579,1.8200
2657,72.727,0.1546,1.8200
2658,72.755,0.1513,1.8200
2659,72.779,0.1480,1.8200
2660,72.805,0.1447,1.8200
2661,72.830,0.1362,1.7836
2662,72.854,0.1558,1.6969
2663,72.880,0.1349,1.8200
2664,72.905,0.1562,1.5726
2665,72.931,0.1286,1.8200
2666,72.959,0.1428,1.6983
2667,72.982,0.1222,1.8200
2668,73.009,0.1189,1.8200
2669,73.035,0.1286,1.7306
2670,73.061,0.1126,1.8200
2671,73.087,0.1094,1.8200
2672,73.113,0.1076,1.8103
2673,73.138,0.0958,1.7697
2674,73.164,0.0999,1.7660
2675,73.190,0.1152,1.6375
2676,73.218,0.0940,1.7660
2677,73.241,0.0909,1.7660
2678,73.268,0.0879,1.7660
2679,73.297,0.0805,1.2830
2680,73.321,0.0821,0.7337
2681,73.347,0.0807,0.7337
2682,73.370,0.0794,0.7337
2683,73.395,0.0781,0.7337
2684,73.422,0.0752,0.3037
2685,73.442,0.0758,0.2130
2686,73.466,0.0753,0.2129
2687,73.491,0.0748,0.2129
2688,73.514,0.0744,0.2128
2689,73.542,0.0739,0.1573
2690,73.564,0.0735,0.1572
2691,73.590,0.0731,0.1571
2692,73.615,0.0728,0.1570
2693,73.639,0.0724,0.1569
2694,73.667,0.0720,0.1477
2695,73.690,0.0717,0.1476
2696,73.714,0.0713,0.1474
2697,73.737,0.0710,0.1473
2698,73.761,0.0706,0.1472
2699,73.791,0.0698,-0.2264
2700,73.814,0.0703,-0.2415
2701,73.840,0.0706,-0.2410
2702,73.866,0.0709,-0.2405
2703,73.892,0.0712,-0.2400
2704,73.920,0.0715,-0.0941
2705,73.945,0.0716,-0.0940
2706,73.968,0.0716,-0.0939
2707,73.994,0.0717,-0.0939
2708,74.018,0.0706,-0.1046
2709,74.054,0.0718,-0.1693
2710,74.080,0.0720,-0.1690
2711,74.106,0.0721,-0.1688
2712,74.135,0.0723,-0.1685
2713,74.158,0.0725,-0.1683
2714,74.189,0.0727,-0.2122
2715,74.213,0.0729,-0.2119
2716,74.242,0.0731,-0.2115
2717,74.272,0.0734,-0.2111
2718,74.298,0.0736,-0.2107
2719,74.329,0.0738,-0.2305
2720,74.355,0.0741,-0.2820
2721,74.386,0.0745,-0.2814
2722,74.417,0.0748,-0.2807
2723,74.441,0.0752,-0.2800
2724,74.472,0.0755,-0.3177
2725,74.500,0.0759,-0.3599
2726,74.528,0.0764,-0.3589
2727,74.558,0.0769,-0.3578
2728,74.586,0.0774,-0.3568
2729,74.625,0.0778,-0.4230
2730,74.653,0.0784,-0.4217
2731,74.677,0.0790,-0.4203
2732,74.704,0.0795,-0.4188
2733,74.726,0.0801,-0.4175
2734,74.764,0.0807,-0.1879
2735,74.788,0.0810,-0.1874
2736,74.813,0.0812,-0.1871
2737,74.838,0.0814,-0.1868
2738,74.862,0.0815,-0.1865
2739,74.899,0.0838,-0.4561
2740,74.928,0.0822,-0.4692
2741,74.952,0.0828,-0.4675
2742,74.978,0.0835,-0.4658
2743,75.004,0.0841,-0.4641
2744,75.038,0.0848,-0.3948
2745,75.066,0.0853,-0.3933
2746,75.089,0.0858,-0.3920
2747,75.116,0.0864,-0.3907
2748,75.140,0.0869,-0.3894
2749,75.174,0.0874,-0.2814
2750,75.203,0.0877,-0.2803
2751,75.226,0.0881,-0.2793
2752,75.254,0.0884,-0.2783
2753,75.278,0.0887,-0.2773
2754,75.314,0.0890,-0.0437
2755,75.339,0.0891,-0.0435
2756,75.367,0.0890,-0.0437
2757,75.393,0.0890,-0.0439
2758,75.416,0.0889,-0.0440
2759,75.450,0.0888,0.0088
2760,75.478,0.0887,0.0085
2761,75.504,0.0885,0.0081
2762,75.532,0.0884,0.0077
2763,75.556,0.0882,0.0073
2764,75.587,0.0881,-0.2820
2765,75.615,0.0882,-0.2815
2766,75.640,0.0886,-0.2804
2767,75.668,0.0889,-0.2793
2768,75.694,0.0892,-0.2782
2769,75.726,0.0895,-0.2551
2770,75.752,0.0898,-0.2541
2771,75.778,0.0901,-0.2531
2772,75.808,0.0904,-0.2521
2773,75.839,0.0906,-0.2511
2774,75.863,0.0909,-0.3014
2775,75.890,0.0912,-0.3000
2776,75.916,0.0916,-0.2986
2777,75.943,0.0919,-0.2972
2778,75.967,0.0923,-0.2958
2779,75.998,0.0926,-0.0906
2780,76.024,0.0928,-0.0900
2781,76.049,0.0928,-0.0900
2782,76.073,0.0928,-0.0900
2783,76.097,0.0928,-0.0900
2784,76.126,0.0928,-0.2345
2785,76.152,0.0929,-0.2339
2786,76.175,0.0932,-0.2329
2787,76.200,0.0934,-0.2319
2788,76.227,0.0936,-0.2309
2789,76.250,0.0939,-0.1533
2790,76.274,0.0940,-0.1526
2791,76.299,0.0941,-0.1521
2792,76.323,0.0942,-0.1516
2793,76.349,0.0943,-0.1511
2794,76.374,0.0944,-0.2398
2795,76.400,0.0942,-0.2360
2796,76.422,0.0949,-0.2376
2797,76.447,0.0951,-0.2364
2798,76.471,0.0953,-0.2353
2799,76.495,0.0956,-0.2114
2800,76.520,0.0958,-0.2103
2801,76.544,0.0960,-0.2093
2802,76.568,0.0962,-0.2084
2803,76.595,0.0964,-0.2074
2804,76.621,0.0966,-0.2142
2805,76.646,0.0968,-0.2132
2806,76.673,0.0970,-0.2121
2807,76.696,0.0972,-0.2110
2808,76.725,0.0974,-0.2099
2809,76.750,0.0975,-0.3067
2810,76.775,0.0978,-0.3051
2811,76.804,0.0982,-0.3032
2812,76.826,0.0985,-0.3013
2813,76.849,0.0989,-0.2994
2814,76.875,0.0992,-0.0870
2815,76.900,0.0993,-0.0863
2816,76.927,0.0993,-0.0864
2817,76.950,0.0993,-0.0865
2818,76.981,0.0993,-0.0866
2819,77.006,0.0993,-0.1319
2820,77.033,0.0993,-0.1317
2821,77.059,0.0994,-0.1314
2822,77.082,0.0994,-0.1311
2823,77.108,0.0995,-0.1307
2824,77.134,0.0994,-0.3275
2825,77.159,0.0998,-0.3289
2826,77.186,0.1002,-0.3265
2827,77.210,0.1005,-0.3241
2828,77.235,0.1009,-0.3218
2829,77.260,0.1015,-0.0691
2830,77.284,0.1014,-0.0658
2831,77.313,0.1014,-0.0662
2832,77.338,0.1013,-0.0665
2833,77.366,0.1013,-0.0668
2834,77.394,0.1012,-0.2748
2835,77.415,0.0991,-0.2461
2836,77.441,0.1017,-0.2719
2837,77.466,0.1020,-0.2700
2838,77.493,0.1022,-0.2682
2839,77.520,0.1025,-0.2942
2840,77.542,0.1028,-0.2922
2841,77.569,0.1031,-0.2902
2842,77.591,0.1035,-0.2881
2843,77.616,0.1038,-0.2861
2844,77.646,0.1041,-0.2736
2845,77.668,0.1044,-0.2716
2846,77.694,0.1046,-0.2696
2847,77.717,0.1049,-0.2677
2848,77.744,0.1052,-0.2658
2849,77.774,0.1055,-0.1542
2850,77.796,0.1056,-0.1532
2851,77.824,0.1057,-0.1526
2852,77.849,0.1058,-0.1520
2853,77.876,0.1059,-0.1515
2854,77.901,0.1059,-0.0756
2855,77.928,0.1059,-0.0755
2856,77.957,0.1059,-0.0759
2857,77.980,0.1059,-0.0762
2858,78.007,0.1058,-0.0765
2859,78.032,0.1058,-0.2262
2860,78.056,0.1059,-0.2253
2861,78.082,0.1061,-0.2239
2862,78.107,0.1063,-0.2225
2863,78.132,0.1065,-0.2211
2864,78.161,0.1067,-0.1978
2865,78.185,0.1069,-0.1967
2866,78.211,0.1070,-0.1956
2867,78.237,0.1072,-0.1945
2868,78.265,0.1073,-0.1935
2869,78.294,0.1075,-0.2371
2870,78.319,0.1077,-0.2356
2871,78.347,0.1079,-0.2339
2872,78.371,0.1081,-0.2323
2873,78.400,0.1083,-0.2308
2874,78.433,0.1085,-0.2421
2875,78.460,0.1087,-0.2404
2876,78.488,0.1090,-0.2387
2877,78.518,0.1092,-0.2370
2878,78.543,0.1094,-0.2353
2879,78.578,0.1096,-0.2741
2880,78.604,0.1099,-0.2720
2881,78.632,0.1102,-0.2698
2882,78.661,0.1104,-0.2677
2883,78.687,0.1107,-0.2656
2884,78.719,0.1110,-0.2554
2885,78.747,0.1112,-0.2210
2886,78.773,0.1114,-0.2195
2887,78.799,0.1116,-0.2181
2888,78.822,0.1118,-0.2166
2889,78.849,0.1119,-0.2469
2890,78.873,0.1121,-0.2998
2891,78.898,0.1125,-0.2971
2892,78.926,0.1128,-0.2944
2893,78.948,0.1131,-0.2917
2894,78.982,0.1134,-0.2413
2895,79.007,0.1136,-0.2392
2896,79.030,0.1138,-0.2374
2897,79.058,0.1140,-0.2356
2898,79.081,0.1142,-0.2338
2899,79.119,0.1144,-0.1674
2900,79.147,0.1146,-0.1664
2901,79.171,0.1147,-0.1656
2902,79.198,0.1148,-0.1649
2903,79.222,0.1148,-0.1641
2904,79.260,0.1149,-0.1250
2905,79.288,0.1150,-0.1246
2906,79.311,0.1150,-0.1244
2907,79.339,0.1150,-0.1243
2908,79.362,0.1150,-0.1241
2909,79.398,0.1151,-0.0925
2910,79.425,0.1150,-0.0926
2911,79.449,0.1150,-0.0929
2912,79.475,0.1150,-0.0932
2913,79.502,0.1149,-0.0934
2914,79.535,0.1149,-0.1371
2915,79.562,0.1149,-0.1369
2916,79.582,0.1150,-0.1365
2917,79.609,0.1150,-0.1362
2918,79.633,0.1151,-0.1358
2919,79.665,0.1151,-0.1937
2920,79.691,0.1152,-0.1929
2921,79.714,0.1153,-0.1917
2922,79.742,0.1155,-0.1907
2923,79.770,0.1156,-0.1896
2924,79.796,0.1157,-0.2080
2925,79.822,0.1159,-0.2067
2926,79.846,0.1160,-0.2053
2927,79.870,0.1162,-0.2039
2928,79.895,0.1164,-0.2025
2929,79.919,0.1165,-0.2257
2930,79.944,0.1167,-0.2241
2931,79.966,0.1169,-0.2224
2932,79.993,0.1170,-0.2207
2933,80.018,0.1172,-0.2190
2934,80.051,0.1174,-0.0267
2935,80.081,0.1174,-0.0269
2936,80.104,0.1172,-0.0282
2937,80.129,0.1171,-0.0293
2938,80.151,0.1169,-0.0305
2939,80.179,0.1168,-0.0546
2940,80.205,0.1167,-0.0555
2941,80.229,0.1166,-0.0564
2942,80.254,0.1165,-0.0572
2943,80.283,0.1164,-0.0581
2944,80.306,0.1163,-0.2172
2945,80.331,0.1164,-0.2166
2946,80.355,0.1166,-0.2150
2947,80.381,0.1167,-0.2134
2948,80.406,0.1169,-0.2119
2949,80.430,0.1171,-0.2269
2950,80.455,0.1173,-0.2252
2951,80.478,0.1174,-0.2235
2952,80.503,0.1176,-0.2218
2953,80.533,0.1178,-0.2201
2954,80.557,0.1180,-0.0802
2955,80.584,0.1180,-0.0799
2956,80.608,0.1180,-0.0804
2957,80.634,0.1179,-0.0808
2958,80.659,0.1179,-0.0813
2959,80.685,0.1178,-0.0823
2960,80.712,0.1178,-0.0827
2961,80.739,0.1177,-0.0832
2962,80.766,0.1177,-0.0836
2963,80.793,0.1176,-0.0841
2964,80.817,0.1176,-0.1232
2965,80.841,0.1176,-0.1233
2966,80.870,0.1176,-0.1231
2967,80.890,0.1176,-0.1229
2968,80.915,0.1176,-0.1228
2969,80.941,0.1176,-0.1769
2970,80.967,0.1177,-0.1761
2971,80.991,0.1178,-0.1751
2972,81.016,0.1179,-0.1742
2973,81.042,0.1180,-0.1732
2974,81.065,0.1181,-0.0200
2975,81.091,0.1181,-0.0205
2976,81.116,0.1179,-0.0219
2977,81.137,0.1178,-0.0232
2978,81.163,0.1176,-0.0246
2979,81.187,0.1175,0.0253
2980,81.211,0.1173,0.0237
2981,81.235,0.1171,0.0218
2982,81.258,0.1168,0.0199
2983,81.287,0.1166,0.0181
2984,81.311,0.1164,-0.0750
2985,81.337,0.1163,-0.0760
2986,81.363,0.1162,-0.0765
2987,81.385,0.1162,-0.0770
2988,81.415,0.1161,-0.0775
2989,81.438,0.1161,-0.1118
2990,81.464,0.1161,-0.1120
2991,81.492,0.1161,-0.1119
2992,81.514,0.1161,-0.1119
2993,81.542,0.1161,-0.1119
2994,81.566,0.1164,0.1224
2995,81.591,0.1159,0.1292
2996,81.619,0.1155,0.1258
2997,81.641,0.1151,0.1224
2998,81.667,0.1147,0.1191
2999,81.691,0.1143,0.0373
3000,81.717,0.1137,0.0376
3001,81.747,0.1138,0.0328
3002,81.772,0.1136,0.0307
3003,81.797,0.1133,0.0288
3004,81.821,0.1131,-0.0441
3005,81.844,0.1130,-0.0454
3006,81.869,0.1129,-0.0463
3007,81.892,0.1128,-0.0471
3008,81.920,0.1127,-0.0480
3009,81.948,0.1126,-0.0071
3010,81.970,0.1124,-0.0083
3011,81.997,0.1123,-0.0097
3012,82.021,0.1121,-0.0111
3013,82.044,0.1120,-0.0124
3014,82.073,0.1118,0.1176
3015,82.098,0.1115,0.1154
3016,82.128,0.1112,0.1126
3017,82.153,0.1108,0.1098
3018,82.180,0.1105,0.1070
3019,82.208,0.1101,-0.0638
3020,82.233,0.1100,-0.0653
3021,82.261,0.1099,-0.0659
3022,82.288,0.1098,-0.0664
3023,82.316,0.1098,-0.0669
3024,82.346,0.1097,0.1222
3025,82.371,0.1095,0.1202
3026,82.403,0.1091,0.1173
3027,82.429,0.1088,0.1143
3028,82.457,0.1084,0.1115
3029,82.485,0.1081,0.0344
3030,82.508,0.1078,0.0322
3031,82.533,0.1076,0.0304
3032,82.564,0.1074,0.0286
3033,82.583,0.1072,0.0268
3034,82.612,0.1070,0.0248
3035,82.635,0.1068,0.0231
3036,82.659,0.1066,0.0215
3037,82.683,0.1064,0.0199
3038,82.707,0.1062,0.0184
3039,82.740,0.1060,0.1339
3040,82.764,0.1057,0.1312
3041,82.790,0.1053,0.1283
3042,82.817,0.1049,0.1254
3043,82.841,0.1045,0.1225
3044,82.874,0.1042,0.0728
3045,82.899,0.1039,0.0704
3046,82.924,0.1036,0.0682
3047,82.953,0.1034,0.0660
3048,82.975,0.1031,0.0638
3049,83.000,0.1029,0.0722
3050,83.025,0.1026,0.0859
3051,83.049,0.1023,0.0836
3052,83.073,0.1020,0.0812
3053,83.097,0.1017,0.0789
3054,83.125,0.1015,0.0831
3055,83.150,0.1012,0.1066
3056,83.172,0.1008,0.1041
3057,83.199,0.1005,0.1017
3058,83.221,0.1002,0.0993
3059,83.262,0.0999,0.0111
3060,83.286,0.0997,0.0093
3061,83.310,0.0995,0.0080
3062,83.335,0.0994,0.0067
3063,83.356,0.0992,0.0055
3064,83.390,0.0991,0.0552
3065,83.419,0.0989,0.0535
3066,83.438,0.0986,0.0517
3067,83.465,0.0984,0.0499
3068,83.489,0.0982,0.0481
3069,83.523,0.0980,0.0767
3070,83.547,0.0977,0.0748
3071,83.571,0.0975,0.0727
3072,83.599,0.0972,0.0707
3073,83.622,0.0969,0.0687
3074,83.654,0.0967,0.1023
3075,83.682,0.0964,0.1002
3076,83.703,0.0961,0.0978
3077,83.728,0.0958,0.0956
3078,83.751,0.0955,0.0933
3079,83.784,0.0952,0.0090
3080,83.810,0.0950,0.0074
3081,83.834,0.0949,0.0063
3082,83.859,0.0948,0.0052
3083,83.884,0.0946,0.0042
3084,83.916,0.0945,0.0110
3085,83.944,0.0943,0.0099
3086,83.968,0.0942,0.0088
3087,83.995,0.0940,0.0077
3088,84.019,0.0939,0.0066
3089,84.049,0.0938,0.1078
3090,84.072,0.0935,0.1060
3091,84.095,0.0932,0.1037
3092,84.120,0.0929,0.1015
3093,84.143,0.0926,0.0992
3094,84.171,0.0923,-0.0119
3095,84.196,0.0922,-0.0132
3096,84.221,0.0921,-0.0140
3097,84.244,0.0920,-0.0148
3098,84.269,0.0919,-0.0155
3099,84.295,0.0918,0.0206
3100,84.323,0.0916,0.0195
3101,84.347,0.0915,0.0183
3102,84.374,0.0913,0.0172
3103,84.402,0.0912,0.0160
3104,84.425,0.0910,0.0582
3105,84.451,0.0908,0.0567
3106,84.476,0.0906,0.0551
3107,84.501,0.0904,0.0535
3108,84.527,0.0902,0.0519
3109,84.555,0.0900,0.0637
3110,84.583,0.0898,0.0621
3111,84.607,0.0896,0.0604
3112,84.630,0.0893,0.0587
3113,84.655,0.0891,0.0571
3114,84.678,0.0889,-0.0024
3115,84.705,0.0888,-0.0036
3116,84.730,0.0887,-0.0044
3117,84.754,0.0885,-0.0052
3118,84.782,0.0884,-0.0060
3119,84.803,0.0883,0.0596
3120,84.828,0.0882,0.0583
3121,84.850,0.0880,0.0567
3122,84.877,0.0878,0.0551
3123,84.902,0.0876,0.0535
3124,84.931,0.0874,0.0846
3125,84.956,0.0871,0.0828
3126,84.979,0.0869,0.0810
3127,85.004,0.0866,0.0791
3128,85.034,0.0864,0.0773
3129,85.058,0.0861,0.1069
3130,85.086,0.0859,0.1050
3131,85.109,0.0856,0.1029
3132,85.136,0.0853,0.1009
3133,85.163,0.0850,0.0990
3134,85.189,0.0848,0.1464
3135,85.216,0.0845,0.1441
3136,85.244,0.0841,0.1418
3137,85.266,0.0838,0.1394
3138,85.290,0.0834,0.1371
3139,85.314,0.0831,-0.0153
3140,85.339,0.0829,-0.0165
3141,85.366,0.0829,-0.0171
3142,85.391,0.0828,-0.0177
3143,85.418,0.0827,-0.0182
3144,85.441,0.0826,0.0689
3145,85.468,0.0825,0.0677
3146,85.496,0.0823,0.0661
3147,85.520,0.0821,0.0646
3148,85.548,0.0819,0.0631
3149,85.577,0.0817,-0.0614
3150,85.604,0.0816,-0.0619
3151,85.633,0.0816,-0.0618
3152,85.658,0.0816,-0.0618
3153,85.689,0.0816,-0.0618
3154,85.716,0.0816,0.1054
3155,85.745,0.0814,0.1041
3156,85.773,0.0812,0.1021
3157,85.800,0.0809,0.1002
3158,85.830,0.0806,0.0983
3159,85.859,0.0804,-0.0227
3160,85.887,0.0802,-0.0237
3161,85.913,0.0802,-0.0241
3162,85.936,0.0801,-0.0245
3163,85.959,0.0801,-0.0249
3164,85.984,0.0800,0.0173
3165,86.008,0.0799,0.0166
3166,86.034,0.0798,0.0157
3167,86.058,0.0797,0.0148
3168,86.082,0.0796,0.0140
3169,86.106,0.0795,0.0387
3170,86.129,0.0793,0.0377
3171,86.155,0.0792,0.0366
3172,86.179,0.0790,0.0355
3173,86.204,0.0789,0.0344
3174,86.229,0.0787,-0.0298
3175,86.253,0.0786,-0.0304
3176,86.279,0.0786,-0.0307
3177,86.304,0.0786,-0.0310
3178,86.329,0.0785,-0.0313
3179,86.357,0.0785,-0.0996
3180,86.382,0.0785,-0.0993
3181,86.410,0.0786,-0.0987
3182,86.435,0.0787,-0.0982
3183,86.462,0.0787,-0.0976
3184,86.493,0.0788,-0.0065
3185,86.516,0.0788,-0.0068
3186,86.543,0.0787,-0.0074
3187,86.567,0.0786,-0.0080
3188,86.593,0.0785,-0.0085
3189,86.618,0.0785,0.1220
3190,86.641,0.0780,0.1121
3191,86.665,0.0780,0.1185
3192,86.687,0.0777,0.1165
3193,86.711,0.0774,0.1146
3194,86.737,0.0771,-0.0374
3195,86.760,0.0770,-0.0381
3196,86.784,0.0770,-0.0383
3197,86.809,0.0770,-0.0385
3198,86.833,0.0770,-0.0386
3199,86.858,0.0769,-0.0344
3200,86.880,0.0769,-0.0346
3201,86.908,0.0769,-0.0348
3202,86.932,0.0769,-0.0350
3203,86.959,0.0768,-0.0352
3204,86.990,0.0768,-0.1515
3205,87.015,0.0767,-0.1448
3206,87.042,0.0771,-0.1493
3207,87.070,0.0773,-0.1480
3208,87.093,0.0774,-0.1467
3209,87.125,0.0776,-0.0476
3210,87.150,0.0776,-0.0475
3211,87.176,0.0776,-0.0475
3212,87.201,0.0776,-0.0476
3213,87.226,0.0776,-0.0476
3214,87.255,0.0776,-0.0191
3215,87.282,0.0775,-0.0003
3216,87.305,0.0775,-0.0009
3217,87.330,0.0774,-0.0015
3218,87.352,0.0773,-0.0021
3219,87.379,0.0772,-0.0672
3220,87.405,0.0772,-0.1006
3221,87.429,0.0773,-0.1000
3222,87.455,0.0773,-0.0993
3223,87.478,0.0774,-0.0987
3224,87.520,0.0775,0.0263
3225,87.545,0.0775,0.0259
3226,87.568,0.0773,0.0250
3227,87.591,0.0772,0.0241
3228,87.613,0.0771,0.0232
3229,87.647,0.0770,-0.0415
3230,87.672,0.0769,-0.0418
3231,87.696,0.0769,-0.0419
3232,87.722,0.0769,-0.0420
3233,87.745,0.0769,-0.0421
3234,87.781,0.0769,0.0181
3235,87.811,0.0768,0.0175
3236,87.834,0.0767,0.0167
3237,87.864,0.0766,0.0159
3238,87.889,0.0765,0.0151
3239,87.920,0.0763,0.0023
3240,87.945,0.0763,0.0016
3241,87.968,0.0762,0.0010
3242,87.995,0.0761,0.0004
3243,88.018,0.0760,-0.0002
3244,88.048,0.0759,-0.0480
3245,88.075,0.0759,-0.0481
3246,88.096,0.0759,-0.0481
3247,88.122,0.0759,-0.0481
3248,88.146,0.0759,-0.0481
3249,88.175,0.0759,-0.0696
3250,88.204,0.0759,-0.0694
3251,88.229,0.0760,-0.0692
3252,88.255,0.0760,-0.0689
3253,88.281,0.0760,-0.0686
3254,88.308,0.0761,0.0094
3255,88.334,0.0760,0.0090
3256,88.357,0.0759,0.0083
3257,88.385,0.0758,0.0076
3258,88.410,0.0757,0.0069
3259,88.438,0.0756,-0.0067
3260,88.463,0.0756,-0.0072
3261,88.486,0.0755,-0.0077
3262,88.514,0.0754,-0.0082
3263,88.538,0.0754,-0.0087
3264,88.569,0.0753,-0.0593
3265,88.595,0.0753,-0.0593
3266,88.618,0.0753,-0.0592
3267,88.643,0.0753,-0.0590
3268,88.669,0.0754,-0.0589
3269,88.693,0.0754,0.0127
3270,88.718,0.0753,0.0123
3271,88.742,0.0752,0.0115
3272,88.771,0.0751,0.0107
3273,88.794,0.0750,0.0100
3274,88.825,0.0749,-0.0092
3275,88.849,0.0749,-0.0098
3276,88.874,0.0748,-0.0102
3277,88.900,0.0748,-0.0107
3278,88.928,0.0747,-0.0111
3279,88.951,0.0746,-0.0139
3280,88.975,0.0746,-0.0143
3281,89.001,0.0745,-0.0147
3282,89.029,0.0745,-0.0151
3283,89.060,0.0744,-0.0155
3284,89.087,0.0744,0.0141
3285,89.117,0.0743,0.0135
3286,89.142,0.0742,0.0128
3287,89.172,0.0741,0.0121
3288,89.202,0.0740,0.0114
3289,89.231,0.0739,-0.1186
3290,89.260,0.0740,-0.1183
3291,89.286,0.0741,-0.1174
3292,89.314,0.0742,-0.1164
3293,89.346,0.0743,-0.1155
3294,89.370,0.0744,-0.0652
3295,89.399,0.0745,-0.0648
3296,89.422,0.0745,-0.0646
3297,89.448,0.0746,-0.0643
3298,89.474,0.0746,-0.0641
3299,89.500,0.0746,0.0143
3300,89.527,0.0746,0.0139
3301,89.552,0.0745,0.0132
3302,89.580,0.0744,0.0125
3303,89.608,0.0743,0.0118
3304,89.634,0.0742,0.0253
3305,89.663,0.0741,0.0245
3306,89.687,0.0740,0.0237
3307,89.714,0.0739,0.0228
3308,89.739,0.0737,0.0220
3309,89.764,0.0736,-0.0872
3310,89.792,0.0736,-0.0872
3311,89.818,0.0737,-0.0867
3312,89.846,0.0738,-0.0861
3313,89.875,0.0738,-0.0856
3314,89.900,0.0739,-0.0737
3315,89.927,0.0740,-0.0733
3316,89.960,0.0740,-0.0729
3317,89.986,0.0741,-0.0726
3318,90.016,0.0741,-0.0722
3319,90.042,0.0742,0.0170
3320,90.065,0.0741,0.0166
3321,90.089,0.0740,0.0159
3322,90.115,0.0739,0.0152
3323,90.140,0.0738,0.0144
3324,90.172,0.0737,0.0536
3325,90.194,0.0736,0.0526
3326,90.221,0.0734,0.0514
3327,90.246,0.0733,0.0503
3328,90.272,0.0731,0.0492
3329,90.297,0.0729,0.1090
3330,90.320,0.0727,0.1074
3331,90.348,0.0725,0.1057
3332,90.373,0.0722,0.1040
3333,90.399,0.0720,0.1023
3334,90.430,0.0718,-0.0776
3335,90.452,0.0717,-0.0778
3336,90.481,0.0718,-0.0774
3337,90.505,0.0718,-0.0769
3338,90.531,0.0719,-0.0765
3339,90.561,0.0720,-0.0095
3340,90.585,0.0720,-0.0096
3341,90.614,0.0719,-0.0100
3342,90.641,0.0718,-0.0103
3343,90.667,0.0718,-0.0107
3344,90.695,0.0717,0.0506
3345,90.718,0.0716,0.0497
3346,90.744,0.0715,0.0486
3347,90.766,0.0713,0.0476
3348,90.792,0.0712,0.0465
3349,90.817,0.0710,-0.0637
3350,90.842,0.0710,-0.0640
3351,90.869,0.0710,-0.0637
3352,90.893,0.0711,-0.0634
3353,90.921,0.0711,-0.0631
3354,90.951,0.0712,0.0266
3355,90.975,0.0711,0.0261
3356,91.005,0.0710,0.0253
3357,91.029,0.0709,0.0245
3358,91.056,0.0708,0.0237
3359,91.086,0.0707,-0.0381
3360,91.110,0.0706,-0.0384
3361,91.139,0.0706,-0.0384
3362,91.166,0.0706,-0.0384
3363,91.191,0.0706,-0.0384
3364,91.223,0.0706,0.0306
3365,91.248,0.0705,0.0300
3366,91.273,0.0704,0.0291
3367,91.297,0.0703,0.0283
3368,91.324,0.0702,0.0275
3369,91.356,0.0701,0.2356
3370,91.381,0.0697,0.2332
3371,91.408,0.0693,0.2301
3372,91.433,0.0688,0.2272
3373,91.459,0.0684,0.2242
3374,91.493,0.0680,0.0031
3375,91.518,0.0678,0.0022
3376,91.547,0.0678,0.0018
3377,91.571,0.0677,0.0013
3378,91.597,0.0677,0.0009
3379,91.626,0.0676,-0.0103
3380,91.651,0.0675,-0.0538
3381,91.679,0.0676,-0.0536
3382,91.704,0.0676,-0.0533
3383,91.731,0.0676,-0.0531
3384,91.758,0.0678,0.0597
3385,91.782,0.0676,0.1055
3386,91.806,0.0674,0.1040
3387,91.833,0.0671,0.1024
3388,91.857,0.0669,0.1009
3389,91.895,0.0667,0.0511
3390,91.918,0.0665,0.0499
3391,91.940,0.0664,0.0489
3392,91.969,0.0662,0.0480
3393,91.992,0.0661,0.0470
3394,92.031,0.0660,0.0206
3395,92.055,0.0658,0.0199
3396,92.077,0.0658,0.0193
3397,92.103,0.0657,0.0187
3398,92.128,0.0656,0.0180
3399,92.160,0.0655,-0.0178
3400,92.186,0.0655,-0.0181
3401,92.211,0.0654,-0.0182
3402,92.238,0.0654,-0.0184
3403,92.262,0.0654,-0.0186
3404,92.300,0.0654,0.0914
3405,92.327,0.0652,0.0904
3406,92.348,0.0650,0.0890
3407,92.372,0.0648,0.0876
3408,92.396,0.0646,0.0863
3409,92.431,0.0644,0.0191
3410,92.459,0.0643,0.0183
3411,92.484,0.0642,0.0177
3412,92.511,0.0641,0.0171
3413,92.536,0.0640,0.0165
3414,92.571,0.0640,-0.0304
3415,92.598,0.0639,-0.0306
3416,92.620,0.0639,-0.0307
3417,92.650,0.0639,-0.0307
3418,92.674,0.0639,-0.0307
3419,92.711,0.0639,-0.0218
3420,92.741,0.0639,-0.0219
3421,92.768,0.0639,-0.0220
3422,92.798,0.0639,-0.0221
3423,92.825,0.0639,-0.0223
3424,92.856,0.0638,0.0194
3425,92.886,0.0638,0.0189
3426,92.913,0.0637,0.0183
3427,92.941,0.0636,0.0178
3428,92.971,0.0635,0.0172
3429,93.001,0.0635,-0.0128
3430,93.032,0.0634,-0.0131
3431,93.058,0.0634,-0.0133
3432,93.090,0.0634,-0.0135
3433,93.118,0.0633,-0.0137
3434,93.141,0.0633,-0.0065
3435,93.169,0.0633,-0.0068
3436,93.192,0.0632,-0.0070
3437,93.219,0.0632,-0.0073
3438,93.248,0.0631,-0.0076
3439,93.272,0.0631,0.0292
3440,93.297,0.0630,0.0287
3441,93.321,0.0629,0.0280
3442,93.348,0.0628,0.0273
3443,93.375,0.0627,0.0266
3444,93.399,0.0626,0.0173
3445,93.428,0.0626,0.0167
3446,93.453,0.0625,0.0162
3447,93.479,0.0624,0.0156
3448,93.509,0.0623,0.0151
3449,93.532,0.0623,0.0535
3450,93.558,0.0621,0.0527
3451,93.586,0.0620,0.0518
3452,93.611,0.0619,0.0508
3453,93.639,0.0617,0.0499
3454,93.665,0.0616,0.0170
3455,93.694,0.0615,0.0163
3456,93.719,0.0614,0.0158
3457,93.746,0.0614,0.0152
3458,93.774,0.0613,0.0147
3459,93.799,0.0612,-0.0330
3460,93.826,0.0612,-0.0331
3461,93.849,0.0612,-0.0331
3462,93.873,0.0612,-0.0330
3463,93.898,0.0612,-0.0330
3464,93.923,0.0612,-0.0352
3465,93.953,0.0612,-0.0352
3466,93.980,0.0612,-0.0351
3467,94.002,0.0613,-0.0350
3468,94.029,0.0613,-0.0349
3469,94.054,0.0613,-0.0544
3470,94.080,0.0613,-0.0541
3471,94.105,0.0614,-0.0538
3472,94.129,0.0614,-0.0535
3473,94.156,0.0614,-0.0532
3474,94.184,0.0615,0.0861
3475,94.209,0.0614,0.0853
3476,94.238,0.0612,0.0840
3477,94.258,0.0610,0.0827
3478,94.285,0.0608,0.0815
3479,94.310,0.0606,-0.0305
3480,94.336,0.0606,-0.0310
3481,94.360,0.0606,-0.0309
3482,94.384,0.0606,-0.0309
3483,94.409,0.0606,-0.0309
3484,94.437,0.0606,-0.0874
3485,94.460,0.0607,-0.0870
3486,94.486,0.0608,-0.0862
3487,94.509,0.0608,-0.0855
3488,94.535,0.0609,-0.0848
3489,94.561,0.0610,0.1244
3490,94.587,0.0609,0.1236
3491,94.615,0.0607,0.1220
3492,94.642,0.0604,0.1204
3493,94.671,0.0602,0.1188
3494,94.696,0.0600,-0.0243
3495,94.720,0.0600,-0.0250
3496,94.747,0.0600,-0.0250
3497,94.774,0.0600,-0.0250
3498,94.799,0.0600,-0.0251
3499,94.824,0.0600,-0.0076
3500,94.851,0.0600,-0.0078
3501,94.876,0.0600,-0.0080
3502,94.900,0.0600,-0.0083
3503,94.927,0.0600,-0.0085
3504,94.959,0.0600,0.0666
3505,94.980,0.0600,0.0658
3506,95.007,0.0600,0.0647
3507,95.032,0.0600,0.0636
3508,95.061,0.0600,0.0625
3509,95.085,0.0600,-0.0482
3510,95.111,0.0600,-0.0484
3511,95.140,0.0600,-0.0482
3512,95.164,0.0600,-0.0479
3513,95.188,0.0600,-0.0477
3514,95.218,0.0600,0.0403
3515,95.241,0.0600,0.0400
3516,95.269,0.0600,0.0392
3517,95.292,0.0600,0.0385
3518,95.319,0.0600,0.0378
3519,95.349,0.0600,-0.0159
3520,95.372,0.0600,-0.0162
3521,95.400,0.0600,-0.0163
3522,95.424,0.0600,-0.0164
3523,95.448,0.0600,-0.0165
3524,95.480,0.0600,-0.0328
3525,95.503,0.0600,-0.0327
3526,95.526,0.0600,-0.0327
3527,95.553,0.0600,-0.0326
3528,95.575,0.0600,-0.0325
3529,95.607,0.0600,-0.0771
3530,95.632,0.0600,-0.0767
3531,95.659,0.0600,-0.0761
3532,95.686,0.0600,-0.0755
3533,95.711,0.0600,-0.0749
3534,95.742,0.0600,-0.0304
3535,95.767,0.0600,-0.0303
3536,95.794,0.0600,-0.0302
3537,95.819,0.0600,-0.0302
3538,95.844,0.0600,-0.0301
3539,95.879,0.0600,-0.0127
3540,95.903,0.0600,-0.0128
3541,95.932,0.0600,-0.0129
3542,95.958,0.0600,-0.0131
3543,95.982,0.0600,-0.0133
3544,96.012,0.0600,0.0062
3545,96.037,0.0600,0.0191
3546,96.063,0.0600,0.0186
3547,96.091,0.0600,0.0180
3548,96.115,0.0600,0.0175
3549,96.143,0.0600,-0.0035
3550,96.167,0.0600,-0.0570
3551,96.193,0.0600,-0.0566
3552,96.221,0.0600,-0.0562
3553,96.245,0.0600,-0.0559
3554,96.283,0.0600,0.0756
3555,96.311,0.0600,0.0748
3556,96.337,0.0600,0.0737
3557,96.366,0.0600,0.0726
3558,96.391,0.0600,0.0715
3559,96.428,0.0600,-0.0483
3560,96.452,0.0600,-0.0486
3561,96.483,0.0600,-0.0483
3562,96.514,0.0600,-0.0480
3563,96.541,0.0600,-0.0478
3564,96.579,0.0600,0.0428
3565,96.607,0.0600,0.0425
3566,96.634,0.0600,0.0417
3567,96.665,0.0600,0.0409
3568,96.692,0.0600,0.0402
3569,96.725,0.0600,-0.0192
3570,96.749,0.0600,-0.0195
3571,96.773,0.0600,-0.0195
3572,96.798,0.0600,-0.0196
3573,96.823,0.0600,-0.0197
3574,96.853,0.0600,0.0267
3575,96.879,0.0600,0.0263
3576,96.902,0.0600,0.0258
3577,96.929,0.0600,0.0252
3578,96.953,0.0600,0.0246
3579,96.987,0.0600,-0.0504
3580,97.015,0.0600,-0.0504
3581,97.038,0.0600,-0.0501
3582,97.067,0.0600,-0.0498
3583,97.091,0.0600,-0.0495
3584,97.120,0.0600,0.0363
3585,97.145,0.0600,0.0360
3586,97.168,0.0600,0.0353
3587,97.194,0.0600,0.0346
3588,97.219,0.0600,0.0339
3589,97.245,0.0600,-0.0983
3590,97.270,0.0600,-0.0978
3591,97.293,0.0600,-0.0969
3592,97.320,0.0600,-0.0961
3593,97.348,0.0600,-0.0952
3594,97.373,0.0600,0.0062
3595,97.400,0.0600,0.0061
3596,97.424,0.0600,0.0058
3597,97.452,0.0600,0.0054
3598,97.479,0.0600,0.0051
3599,97.504,0.0600,0.0976
3600,97.529,0.0600,0.0965
3601,97.551,0.0600,0.0951
3602,97.576,0.0600,0.0938
3603,97.602,0.0600,0.0924
3604,97.631,0.0600,0.1719
3605,97.656,0.0600,0.1701
3606,97.682,0.0600,0.1681
3607,97.710,0.0600,0.1661
3608,97.734,0.0600,0.1641
3609,97.763,0.0600,-0.0654
3610,97.790,0.0600,-0.0659
3611,97.813,0.0600,-0.0654
3612,97.840,0.0600,-0.0650
3613,97.869,0.0600,-0.0645
3614,97.893,0.0600,0.0878
3615,97.920,0.0600,0.0871
3616,97.945,0.0600,0.0859
3617,97.968,0.0600,0.0847
3618,97.991,0.0600,0.0835
3619,98.020,0.0600,0.0934
3620,98.048,0.0600,0.0922
3621,98.073,0.0600,0.0910
3622,98.099,0.0600,0.0898
3623,98.125,0.0600,0.0886
3624,98.149,0.0600,-0.0031
3625,98.176,0.0600,-0.0038
3626,98.202,0.0600,-0.0040
3627,98.225,0.0600,-0.0042
3628,98.252,0.0600,-0.0045
3629,98.277,0.0600,-0.0519
3630,98.301,0.0600,-0.0517
3631,98.324,0.0600,-0.0514
3632,98.349,0.0600,-0.0510
3633,98.379,0.0600,-0.0507
3634,98.406,0.0600,0.0935
3635,98.430,0.0600,0.0927
3636,98.459,0.0600,0.0914
3637,98.483,0.0600,0.0901
3638,98.510,0.0600,0.0889
3639,98.535,0.0600,0.0411
3640,98.559,0.0600,0.0402
3641,98.581,0.0600,0.0396
3642,98.603,0.0600,0.0389
3643,98.630,0.0600,0.0382
3644,98.655,0.0600,0.0372
3645,98.681,0.0600,0.0365
3646,98.708,0.0600,0.0359
3647,98.730,0.0600,0.0353
3648,98.754,0.0600,0.0347
3649,98.783,0.0600,-0.0265
3650,98.807,0.0600,-0.0267
3651,98.833,0.0600,-0.0266
3652,98.856,0.0600,-0.0265
3653,98.883,0.0600,-0.0265
3654,98.909,0.0600,-0.0783
3655,98.935,0.0600,-0.0778
3656,98.962,0.0600,-0.0772
3657,98.987,0.0600,-0.0765
3658,99.012,0.0600,-0.0759
3659,99.042,0.0600,0.0504
3660,99.063,0.0600,0.0501
3661,99.088,0.0600,0.0493
3662,99.112,0.0600,0.0485
3663,99.140,0.0600,0.0477
3664,99.166,0.0600,-0.1849
3665,99.189,0.0600,-0.1838
3666,99.215,0.0600,-0.1819
3667,99.237,0.0600,-0.1800
3668,99.262,0.0600,-0.1781
3669,99.288,0.0600,-0.0773
3670,99.312,0.0600,-0.0763
3671,99.339,0.0600,-0.0756
3672,99.362,0.0600,-0.0750
3673,99.391,0.0600,-0.0744
3674,99.420,0.0600,-0.0842
3675,99.444,0.0600,-0.0835
3676,99.473,0.0600,-0.0828
3677,99.500,0.0600,-0.0821
3678,99.529,0.0600,-0.0815
3679,99.556,0.0600,-0.0880
3680,99.581,0.0600,-0.0872
3681,99.607,0.0600,-0.0865
3682,99.630,0.0600,-0.0857
3683,99.657,0.0600,-0.0849
3684,99.684,0.0600,-0.2050
3685,99.707,0.0600,-0.2032
3686,99.732,0.0600,-0.2012
3687,99.757,0.0600,-0.1991
3688,99.781,0.0600,-0.1971
3689,99.810,0.0600,-0.0901
3690,99.833,0.0600,-0.0891
3691,99.858,0.0600,-0.0884
3692,99.886,0.0600,-0.0877
3693,99.913,0.0600,-0.0870
3694,99.948,0.0600,-0.2147
3695,99.975,0.0600,-0.2129
3696,100.003,0.0600,-0.2107
3697,100.034,0.0600,-0.2085
3698,100.059,0.0600,-0.2064
3699,100.087,0.0600,-0.2261
3700,100.113,0.0600,-0.2238
3701,100.139,0.0600,-0.2215
3702,100.171,0.0600,-0.2192
3703,100.194,0.0600,-0.2169
3704,100.229,0.0600,-0.3349
3705,100.254,0.0600,-0.3314
3706,100.281,0.0600,-0.3277
3707,100.309,0.0600,-0.3240
3708,100.331,0.0600,-0.3204
3709,100.359,0.0600,-0.3187
3710,100.383,0.0600,-0.3171
3711,100.407,0.0600,-0.3136
3712,100.435,0.0600,-0.3102
3713,100.455,0.0600,-0.3068
3714,100.480,0.0599,-0.3287
3715,100.505,0.0600,-0.3972
3716,100.530,0.0600,-0.3927
3717,100.557,0.0600,-0.3883
3718,100.580,0.0600,-0.3840
3719,100.618,0.0600,-0.4643
3720,100.646,0.0600,-0.4593
3721,100.670,0.0600,-0.4541
3722,100.696,0.0600,-0.4490
3723,100.721,0.0600,-0.4439
3724,100.756,0.0600,-0.5283
3725,100.781,0.0600,-0.5225
3726,100.808,0.0600,-0.5164
3727,100.836,0.0600,-0.5104
3728,100.862,0.0600,-0.5045
3729,100.899,0.0600,-0.4561
3730,100.929,0.0600,-0.4506
3731,100.952,0.0600,-0.4454
3732,100.979,0.0600,-0.4403
3733,101.005,0.0600,-0.4353
3734,101.045,0.0600,-0.5791
3735,101.071,0.0600,-0.5730
3736,101.099,0.0600,-0.5666
3737,101.126,0.0600,-0.5602
3738,101.150,0.0600,-0.5539
3739,101.183,0.0600,-0.4629
3740,101.206,0.0600,-0.4577
3741,101.234,0.0600,-0.4528
3742,101.262,0.0600,-0.4480
3743,101.287,0.0600,-0.4432
3744,101.316,0.0600,-0.6243
3745,101.343,0.0600,-0.6178
3746,101.365,0.0600,-0.6105
3747,101.391,0.0600,-0.6033
3748,101.417,0.0600,-0.5963
3749,101.447,0.0600,-0.5918
3750,101.473,0.0600,-0.5849
3751,101.497,0.0600,-0.5781
3752,101.522,0.0606,-0.5713
3753,101.546,0.0612,-0.5646
3754,101.573,0.0620,-0.4666
3755,101.601,0.0625,-0.4608
3756,101.625,0.0630,-0.4554
3757,101.653,0.0634,-0.4500
3758,101.678,0.0639,-0.4447
3759,101.704,0.0600,-0.4019
3760,101.732,0.0600,-0.3971
3761,101.758,0.0600,-0.3924
3762,101.782,0.0603,-0.3879
3763,101.808,0.0606,-0.3833
3764,101.835,0.0600,-0.3478
3765,101.859,0.0600,-0.3439
3766,101.882,0.0600,-0.3400
3767,101.911,0.0600,-0.3363
3768,101.938,0.0600,-0.3326
3769,101.965,0.0600,-0.1276
3770,101.990,0.0600,-0.1258
3771,102.014,0.0600,-0.1248
3772,102.040,0.0600,-0.1238
3773,102.067,0.0600,-0.1228
3774,102.092,0.0600,-0.2412
3775,102.121,0.0600,-0.2392
3776,102.144,0.0600,-0.2368
3777,102.171,0.0600,-0.2344
3778,102.200,0.0600,-0.2320
3779,102.224,0.0600,-0.4288
3780,102.252,0.0600,-0.4250
3781,102.277,0.0600,-0.4202
3782,102.301,0.0600,-0.4155
3783,102.329,0.0600,-0.4108
3784,102.351,0.0600,-0.2404
3785,102.377,0.0600,-0.2372
3786,102.405,0.0600,-0.2349
3787,102.434,0.0600,-0.2326
3788,102.462,0.0600,-0.2303
3789,102.489,0.0600,-0.3231
3790,102.518,0.0600,-0.3201
3791,102.545,0.0600,-0.3168
3792,102.566,0.0600,-0.3136
3793,102.590,0.0600,-0.3104
3794,102.615,0.0600,-0.1690
3795,102.640,0.0600,-0.1670
3796,102.664,0.0600,-0.1656
3797,102.691,0.0600,-0.1642
3798,102.716,0.0600,-0.1628
3799,102.741,0.0600,0.0013
3800,102.768,0.0600,0.0015
3801,102.793,0.0600,0.0011
3802,102.819,0.0600,0.0008
3803,102.846,0.0600,0.0004
3804,102.872,0.0600,-0.1226
3805,102.900,0.0600,-0.1220
3806,102.925,0.0600,-0.1211
3807,102.951,0.0600,-0.1202
3808,102.980,0.0600,-0.1193
3809,103.006,0.0600,-0.0141
3810,103.031,0.0600,-0.0139
3811,103.057,0.0600,-0.0141
3812,103.080,0.0600,-0.0143
3813,103.110,0.0600,-0.0145
3814,103.137,0.0600,-0.0311
3815,103.161,0.0600,-0.0312
3816,103.189,0.0600,-0.0312
3817,103.214,0.0600,-0.0312
3818,103.238,0.0600,-0.0312
3819,103.266,0.0600,0.0099
3820,103.290,0.0600,0.0096
3821,103.320,0.0600,0.0092
3822,103.341,0.0600,0.0087
3823,103.367,0.0600,0.0083
3824,103.396,0.0600,0.1182
3825,103.421,0.0600,0.1172
3826,103.449,0.0600,0.1159
3827,103.472,0.0600,0.1146
3828,103.498,0.0600,0.1133
3829,103.528,0.0600,0.1579
3830,103.552,0.0600,0.1565
3831,103.582,0.0600,0.1549
3832,103.607,0.0600,0.1533
3833,103.637,0.0600,0.1518
3834,103.667,0.0600,0.1869
3835,103.693,0.0600,0.1853
3836,103.722,0.0600,0.1836
3837,103.749,0.0600,0.1818
3838,103.778,0.0600,0.1801
3839,103.809,0.0600,0.2139
3840,103.833,0.0600,0.2121
3841,103.865,0.0600,0.2102
3842,103.893,0.0600,0.2083
3843,103.923,0.0600,0.2064
3844,103.956,0.0600,0.2528
3845,103.982,0.0600,0.2509
3846,104.012,0.0600,0.2489
3847,104.040,0.0600,0.2469
3848,104.065,0.0600,0.2449
3849,104.091,0.0600,0.2984
3850,104.115,0.0600,0.2962
3851,104.141,0.0600,0.2939
3852,104.165,0.0600,0.2917
3853,104.193,0.0600,0.2895
3854,104.218,0.0600,0.3120
3855,104.242,0.0600,0.3098
3856,104.265,0.0600,0.3076
3857,104.291,0.0600,0.3054
3858,104.319,0.0600,0.3031
3859,104.353,0.0600,0.3218
3860,104.379,0.0600,0.3195
3861,104.407,0.0600,0.3173
3862,104.438,0.0600,0.3150
3863,104.459,0.0600,0.3128
3864,104.489,0.0600,0.2858
3865,104.513,0.0600,0.2838
3866,104.537,0.0600,0.2818
3867,104.567,0.0600,0.2798
3868,104.590,0.0600,0.2778
3869,104.620,0.0600,0.5039
3870,104.645,0.0600,0.5014
3871,104.672,0.0600,0.4986
3872,104.700,0.0600,0.4958
3873,104.723,0.0600,0.4930
3874,104.751,0.0600,0.4863
3875,104.776,0.0600,0.4745
3876,104.803,0.0600,0.4720
3877,104.830,0.0600,0.4695
3878,104.853,0.0600,0.4670
3879,104.882,0.0599,0.4588
3880,104.908,0.0600,0.1508
3881,104.937,0.0600,0.1498
3882,104.963,0.0600,0.1490
3883,104.989,0.0600,0.1482
3884,105.031,0.0600,0.1750
3885,105.055,0.0600,0.1742
3886,105.081,0.0600,0.1734
3887,105.109,0.0600,0.1726
3888,105.135,0.0600,0.1717
3889,105.173,0.0600,0.2145
3890,105.201,0.0600,0.2136
3891,105.221,0.0600,0.2127
3892,105.246,0.0600,0.2117
3893,105.268,0.0600,0.2108
3894,105.302,0.0603,0.5334
3895,105.330,0.0600,0.5362
3896,105.353,0.0600,0.5340
3897,105.379,0.0600,0.5318
3898,105.403,0.0600,0.5296
3899,105.433,0.0600,0.6804
3900,105.460,0.0600,0.6783
3901,105.483,0.0600,0.6759
3902,105.513,0.0600,0.6736
3903,105.537,0.0600,0.6713
3904,105.572,0.0600,0.7004
3905,105.600,0.0600,0.6980
3906,105.623,0.0600,0.6955
3907,105.651,0.0600,0.6931
3908,105.676,0.0600,0.6907
3909,105.707,0.0594,0.3691
3910,105.732,0.0600,0.3515
3911,105.756,0.0600,0.3505
3912,105.783,0.0600,0.3494
3913,105.809,0.0600,0.3484
3914,105.839,0.0615,0.7893
3915,105.869,0.0600,0.8373
3916,105.890,0.0600,0.8351
3917,105.914,0.0600,0.8329
3918,105.939,0.0600,0.8307
3919,105.970,0.0600,0.8041
3920,105.997,0.0600,0.8023
3921,106.020,0.0600,0.8006
3922,106.046,0.0600,0.7988
3923,106.071,0.0600,0.7970
3924,106.099,0.0600,0.8987
3925,106.125,0.0600,0.8972
3926,106.153,0.0600,0.8957
3927,106.177,0.0600,0.8942
3928,106.201,0.0600,0.8927
3929,106.231,0.0600,1.1609
3930,106.257,0.0600,1.1601
3931,106.281,0.0600,1.1593
3932,106.305,0.0600,1.1584
3933,106.336,0.0600,1.1575
3934,106.362,0.0598,0.9042
3935,106.386,0.0600,0.9006
3936,106.409,0.0600,0.9000
3937,106.433,0.0600,0.8993
3938,106.456,0.0600,0.8986
3939,106.480,0.0603,1.1655
3940,106.507,0.0600,1.1829
3941,106.530,0.0600,1.1829
3942,106.557,0.0600,1.1829
3943,106.581,0.0600,1.1829
3944,106.609,0.0600,1.2161
3945,106.634,0.0600,1.2161
3946,106.657,0.0600,1.2161
3947,106.682,0.0600,1.2161
3948,106.709,0.0600,1.2161
3949,106.736,0.0600,1.2513
3950,106.762,0.0600,1.2513
3951,106.787,0.0600,1.2513
3952,106.811,0.0600,1.2513
3953,106.837,0.0600,1.2513
3954,106.862,0.0605,1.5426
3955,106.887,0.0600,1.5703
3956,106.910,0.0600,1.5703
3957,106.933,0.0600,1.5703
3958,106.960,0.0600,1.5703
3959,106.984,0.0603,1.8097
3960,107.010,0.0600,1.8200
3961,107.038,0.0600,1.8200
3962,107.062,0.0600,1.8200
3963,107.087,0.0600,1.8200
3964,107.113,0.0600,1.8200
3965,107.137,0.0600,1.8200
3966,107.164,0.0600,1.8200
3967,107.188,0.0600,1.8200
3968,107.214,0.0600,1.8200
3969,107.238,0.0600,1.8200
3970,107.264,0.0600,1.8200
3971,107.289,0.0600,1.8200
3972,107.312,0.0600,1.8200
3973,107.338,0.0600,1.8200
3974,107.363,0.0600,1.8200
3975,107.388,0.0600,1.8200
3976,107.414,0.0600,1.8200
3977,107.437,0.0600,1.8200
3978,107.465,0.0600,1.8200
3979,107.494,0.0600,1.8200
3980,107.523,0.0600,1.8200
3981,107.552,0.0600,1.8200
3982,107.577,0.0600,1.8200
3983,107.610,0.0600,1.8200
3984,107.640,0.0693,1.8200
3985,107.671,0.0893,1.8200
3986,107.703,0.0997,1.8200
3987,107.729,0.1026,1.8200
3988,107.760,0.1055,1.8200
3989,107.792,0.1085,1.8200
3990,107.817,0.1114,1.8200
3991,107.843,0.1143,1.8200
3992,107.870,0.1172,1.8200
3993,107.898,0.1201,1.8200
3994,107.927,0.1230,1.8200
3995,107.948,0.1259,1.8200
3996,107.976,0.1288,1.8200
3997,107.999,0.1317,1.8200
3998,108.024,0.1346,1.8200
3999,108.050,0.1375,1.7069
4000,108.071,0.1403,1.7069
4001,108.096,0.1430,1.7069
4002,108.119,0.1457,1.7069
4003,108.143,0.1484,1.7069
4004,108.172,0.1462,1.2833
4005,108.196,0.1534,0.7921
4006,108.224,0.1546,0.7908
4007,108.249,0.1558,0.7895
4008,108.276,0.1570,0.7883
4009,108.306,0.1564,0.3266
4010,108.329,0.1589,0.2603
4011,108.356,0.1592,0.2598
4012,108.383,0.1595,0.2593
4013,108.409,0.1598,0.2588
4014,108.438,0.1601,0.2688
4015,108.465,0.1604,0.2680
4016,108.493,0.1607,0.2672
4017,108.521,0.1610,0.2664
4018,108.546,0.1613,0.2656
4019,108.578,0.1616,0.2518
4020,108.602,0.1619,0.2510
4021,108.627,0.1622,0.2502
4022,108.652,0.1625,0.2495
4023,108.675,0.1627,0.2487
4024,108.706,0.1630,0.2645
4025,108.732,0.1633,0.2633
4026,108.761,0.1636,0.2622
4027,108.785,0.1639,0.2611
4028,108.812,0.1642,0.2600
4029,108.840,0.1645,0.3126
4030,108.865,0.1649,0.3108
4031,108.892,0.1652,0.3090
4032,108.917,0.1656,0.3073
4033,108.943,0.1660,0.3055
4034,108.981,0.1664,0.1958
4035,109.006,0.1666,0.1947
4036,109.032,0.1668,0.1938
4037,109.057,0.1669,0.1930
4038,109.082,0.1671,0.1921
4039,109.109,0.1674,0.1970
4040,109.134,0.1675,0.3418
4041,109.164,0.1679,0.3395
4042,109.190,0.1683,0.3372
4043,109.214,0.1688,0.3348
4044,109.242,0.1692,0.3349
4045,109.268,0.1696,0.3536
4046,109.295,0.1700,0.3509
4047,109.324,0.1705,0.3482
4048,109.347,0.1709,0.3455
4049,109.383,0.1713,0.3052
4050,109.408,0.1717,0.3027
4051,109.437,0.1721,0.3004
4052,109.465,0.1725,0.2981
4053,109.490,0.1728,0.2958
4054,109.526,0.1732,0.2798
4055,109.549,0.1735,0.2776
4056,109.574,0.1738,0.2755
4057,109.600,0.1741,0.2734
4058,109.625,0.1744,0.2714
4059,109.666,0.1747,0.1360
4060,109.689,0.1749,0.1351
4061,109.714,0.1750,0.1345
4062,109.741,0.1751,0.1340
4063,109.765,0.1751,0.1335
4064,109.801,0.1752,0.3325
4065,109.830,0.1755,0.3303
4066,109.854,0.1759,0.3273
4067,109.882,0.1763,0.3242
4068,109.906,0.1767,0.3212
4069,109.945,0.1771,0.2213
4070,109.974,0.1774,0.2192
4071,110.002,0.1776,0.2176
4072,110.028,0.1778,0.2160
4073,110.052,0.1781,0.2143
4074,110.081,0.1783,0.2883
4075,110.107,0.1786,0.2857
4076,110.129,0.1789,0.2829
4077,110.155,0.1792,0.2801
4078,110.179,0.1796,0.2774
4079,110.212,0.1799,0.2050
4080,110.241,0.1801,0.2031
4081,110.267,0.1803,0.2014
4082,110.296,0.1805,0.1998
4083,110.322,0.1807,0.1983
4084,110.348,0.1809,0.2924
4085,110.374,0.1812,0.2899
4086,110.399,0.1815,0.2870
4087,110.421,0.1818,0.2841
4088,110.450,0.1822,0.2812
4089,110.471,0.1825,0.1943
4090,110.499,0.1827,0.1923
4091,110.523,0.1829,0.1907
4092,110.551,0.1831,0.1892
4093,110.575,0.1832,0.1877
4094,110.603,0.1834,0.1437
4095,110.629,0.1835,0.1427
4096,110.654,0.1836,0.1418
4097,110.680,0.1837,0.1410
4098,110.708,0.1838,0.1402
4099,110.731,0.1839,0.2946
4100,110.759,0.1841,0.2925
4101,110.785,0.1845,0.2893
4102,110.811,0.1848,0.2862
4103,110.837,0.1851,0.2832
4104,110.863,0.1854,0.2491
4105,110.890,0.1857,0.2464
4106,110.915,0.1860,0.2438
4107,110.941,0.1863,0.2413
4108,110.970,0.1865,0.2388
4109,110.994,0.1868,0.2468
4110,111.020,0.1870,0.2443
4111,111.043,0.1873,0.2417
4112,111.071,0.1875,0.2391
4113,111.100,0.1878,0.2366
4114,111.125,0.1880,0.2236
4115,111.150,0.1883,0.2212
4116,111.176,0.1885,0.2189
4117,111.201,0.1887,0.2166
4118,111.228,0.1889,0.2144
4119,111.256,0.1891,0.2155
4120,111.285,0.1894,0.2134
4121,111.310,0.1896,0.2112
4122,111.340,0.1898,0.2092
4123,111.371,0.1900,0.2071
4124,111.400,0.1902,0.0719
4125,111.431,0.1902,0.0713
4126,111.463,0.1902,0.0715
4127,111.493,0.1902,0.0718
4128,111.524,0.1901,0.0721
4129,111.550,0.1901,0.1488
4130,111.580,0.1902,0.1482
4131,111.608,0.1903,0.1471
4132,111.637,0.1904,0.1461
4133,111.668,0.1905,0.1451
4134,111.692,0.1906,0.1396
4135,111.720,0.1907,0.1386
4136,111.748,0.1907,0.1377
4137,111.774,0.1908,0.1368
4138,111.800,0.1909,0.1359
4139,111.825,0.1910,0.1122
4140,111.851,0.1910,0.1117
4141,111.877,0.1911,0.1112
4142,111.902,0.1911,0.1108
4143,111.926,0.1911,0.1104
4144,111.952,0.1912,0.0910
4145,111.979,0.1912,0.0908
4146,112.006,0.1912,0.0908
4147,112.030,0.1912,0.0907
4148,112.057,0.1912,0.0907
4149,112.082,0.1912,0.0898
4150,112.106,0.1912,0.0898
4151,112.136,0.1912,0.0898
4152,112.160,0.1912,0.0898
4153,112.188,0.1912,0.0898
4154,112.220,0.1912,0.1993
4155,112.242,0.1913,0.1981
4156,112.271,0.1915,0.1960
4157,112.296,0.1917,0.1941
4158,112.325,0.1918,0.1921
4159,112.353,0.1920,0.0478
4160,112.380,0.1920,0.0476
4161,112.405,0.1919,0.0484
4162,112.431,0.1919,0.0492
4163,112.459,0.1918,0.0500
4164,112.487,0.1917,0.2425
4165,112.510,0.1919,0.2409
4166,112.537,0.1921,0.2381
4167,112.563,0.1923,0.2353
4168,112.589,0.1926,0.2325
4169,112.615,0.1928,0.1327
4170,112.638,0.1929,0.1313
4171,112.666,0.1930,0.1306
4172,112.692,0.1931,0.1299
4173,112.716,0.1931,0.1292
4174,112.745,0.1932,0.1125
4175,112.770,0.1932,0.1120
4176,112.798,0.1933,0.1116
4177,112.823,0.1933,0.1113
4178,112.849,0.1933,0.1109
4179,112.875,0.1934,0.1395
4180,112.897,0.1934,0.1388
4181,112.925,0.1935,0.1380
4182,112.952,0.1936,0.1371
4183,112.980,0.1936,0.1363
4184,113.009,0.1937,0.0939
4185,113.032,0.1937,0.0936
4186,113.060,0.1937,0.0937
4187,113.089,0.1937,0.0937
4188,113.109,0.1937,0.0937
4189,113.136,0.1937,-0.0010
4190,113.160,0.1936,0.0004
4191,113.188,0.1934,0.0022
4192,113.213,0.1933,0.0041
4193,113.235,0.1931,0.0059
4194,113.261,0.1930,0.0502
4195,113.284,0.1929,0.0513
4196,113.308,0.1928,0.0522
4197,113.330,0.1927,0.0530
4198,113.354,0.1927,0.0539
4199,113.379,0.1926,0.0523
4200,113.404,0.1925,0.0532
4201,113.431,0.1924,0.0541
4202,113.457,0.1924,0.0549
4203,113.483,0.1923,0.0558
4204,113.512,0.1922,0.0649
4205,113.536,0.1922,0.0712
4206,113.562,0.1921,0.0717
4207,113.590,0.1921,0.0723
4208,113.612,0.1920,0.0728
4209,113.641,0.1918,-0.0030
4210,113.666,0.1919,-0.0730
4211,113.692,0.1916,-0.0698
4212,113.718,0.1913,-0.0667
4213,113.744,0.1910,-0.0636
4214,113.787,0.1908,0.0157
4215,113.812,0.1906,0.0176
4216,113.840,0.1904,0.0191
4217,113.870,0.1903,0.0206
4218,113.893,0.1902,0.0221
4219,113.927,0.1900,0.0834
4220,113.952,0.1900,0.0842
4221,113.979,0.1899,0.0846
4222,114.007,0.1899,0.0850
4223,114.032,0.1899,0.0853
4224,114.072,0.1898,0.0551
4225,114.096,0.1898,0.0559
4226,114.123,0.1897,0.0568
4227,114.150,0.1896,0.0577
4228,114.174,0.1895,0.0586
4229,114.211,0.1895,0.0647
4230,114.243,0.1894,0.0655
4231,114.264,0.1893,0.0662
4232,114.291,0.1892,0.0670
4233,114.317,0.1892,0.0677
4234,114.350,0.1891,0.0502
4235,114.376,0.1890,0.0511
4236,114.399,0.1889,0.0522
4237,114.427,0.1889,0.0533
4238,114.450,0.1888,0.0543
4239,114.484,0.1887,-0.0128
4240,114.512,0.1885,-0.0111
4241,114.536,0.1883,-0.0089
4242,114.562,0.1881,-0.0067
4243,114.589,0.1879,-0.0046
4244,114.615,0.1877,0.0454
4245,114.643,0.1876,0.0469
4246,114.667,0.1875,0.0481
4247,114.695,0.1874,0.0493
4248,114.719,0.1873,0.0504
4249,114.748,0.1872,-0.0205
4250,114.777,0.1870,-0.0185
4251,114.799,0.1868,-0.0162
4252,114.826,0.1866,-0.0139
4253,114.852,0.1864,-0.0116
4254,114.877,0.1862,0.0070
4255,114.902,0.1860,0.0090
4256,114.926,0.1858,0.0109
4257,114.954,0.1857,0.0128
4258,114.980,0.1855,0.0147
4259,115.009,0.1853,-0.0152
4260,115.039,0.1851,-0.0131
4261,115.064,0.1849,-0.0107
4262,115.093,0.1847,-0.0084
4263,115.121,0.1845,-0.0061
4264,115.146,0.1843,0.0717
4265,115.189,0.1842,0.0732
4266,115.215,0.1841,0.0740
4267,115.245,0.1841,0.0748
4268,115.276,0.1840,0.0756
4269,115.302,0.1839,0.0518
4270,115.334,0.1838,0.0529
4271,115.364,0.1837,0.0540
4272,115.390,0.1836,0.0552
4273,115.414,0.1835,0.0563
4274,115.442,0.1834,0.0450
4275,115.467,0.1833,0.0462
4276,115.493,0.1832,0.0475
4277,115.517,0.1831,0.0488
4278,115.545,0.1830,0.0500
4279,115.570,0.1828,-0.0122
4280,115.597,0.1827,-0.0101
4281,115.625,0.1824,-0.0077
4282,115.651,0.1822,-0.0053
4283,115.680,0.1820,-0.0029
4284,115.705,0.1818,-0.0231
4285,115.734,0.1816,-0.0207
4286,115.760,0.1814,-0.0181
4287,115.787,0.1811,-0.0156
4288,115.816,0.1809,-0.0131
4289,115.844,0.1807,-0.0995
4290,115.871,0.1804,-0.0960
4291,115.897,0.1800,-0.0920
4292,115.924,0.1797,-0.0880
4293,115.954,0.1793,-0.0841
4294,115.980,0.1790,-0.0307
4295,116.010,0.1787,-0.0277
4296,116.036,0.1784,-0.0251
4297,116.062,0.1782,-0.0225
4298,116.089,0.1779,-0.0199
4299,116.114,0.1777,-0.0230
4300,116.135,0.1775,-0.0204
4301,116.165,0.1772,-0.0177
4302,116.186,0.1770,-0.0151
4303,116.217,0.1768,-0.0125
4304,116.245,0.1765,-0.0286
4305,116.273,0.1763,-0.0259
4306,116.302,0.1760,-0.0232
4307,116.325,0.1758,-0.0205
4308,116.352,0.1755,-0.0178
4309,116.378,0.1753,-0.0001
4310,116.405,0.1751,0.0023
4311,116.434,0.1749,0.0045
4312,116.454,0.1747,0.0067
4313,116.480,0.1745,0.0089
4314,116.507,0.1743,0.0549
4315,116.529,0.1741,0.0565
4316,116.556,0.1740,0.0578
4317,116.579,0.1739,0.0591
4318,116.605,0.1738,0.0603
4319,116.636,0.1737,-0.0174
4320,116.659,0.1735,-0.0155
4321,116.687,0.1732,-0.0129
4322,116.710,0.1730,-0.0104
4323,116.738,0.1728,-0.0079
4324,116.765,0.1725,0.0630
4325,116.790,0.1724,0.0646
4326,116.819,0.1723,0.0657
4327,116.842,0.1722,0.0668
4328,116.870,0.1721,0.0679
4329,116.896,0.1720,-0.0186
4330,116.922,0.1717,-0.0164
4331,116.950,0.1715,-0.0139
4332,116.976,0.1713,-0.0114
4333,117.002,0.1710,-0.0089
4334,117.028,0.1708,0.0363
4335,117.052,0.1706,0.0383
4336,117.080,0.1704,0.0400
4337,117.106,0.1703,0.0416
4338,117.130,0.1701,0.0432
4339,117.159,0.1700,0.0441
4340,117.183,0.1698,0.0457
4341,117.208,0.1697,0.0472
4342,117.235,0.1695,0.0486
4343,117.262,0.1694,0.0501
4344,117.291,0.1693,-0.0582
4345,117.315,0.1690,-0.0554
4346,117.343,0.1687,-0.0521
4347,117.366,0.1684,-0.0488
4348,117.392,0.1681,-0.0456
4349,117.422,0.1678,0.0110
4350,117.446,0.1675,0.0134
4351,117.475,0.1673,0.0154
4352,117.498,0.1671,0.0175
4353,117.525,0.1669,0.0195
4354,117.552,0.1668,0.0019
4355,117.577,0.1665,0.0042
4356,117.606,0.1663,0.0066
4357,117.633,0.1661,0.0089
4358,117.663,0.1659,0.0112
4359,117.694,0.1657,-0.0531
4360,117.719,0.1654,-0.0503
4361,117.744,0.1651,-0.0473
4362,117.771,0.1648,-0.0444
4363,117.794,0.1645,-0.0415
4364,117.827,0.1642,-0.0758
4365,117.851,0.1638,-0.0722
4366,117.878,0.1635,-0.0686
4367,117.903,0.1631,-0.0650
4368,117.928,0.1628,-0.0616
4369,117.957,0.1625,-0.0479
4370,117.981,0.1621,-0.0344
4371,118.008,0.1619,-0.0315
4372,118.032,0.1616,-0.0286
4373,118.057,0.1613,-0.0258
4374,118.084,0.1610,-0.0103
4375,118.107,0.1608,0.0114
4376,118.134,0.1606,0.0134
4377,118.161,0.1603,0.0155
4378,118.186,0.1601,0.0175
4379,118.225,0.1599,-0.0060
4380,118.249,0.1597,-0.0037
4381,118.276,0.1595,-0.0013
4382,118.304,0.1592,0.0010
4383,118.327,0.1590,0.0033
4384,118.367,0.1588,0.0355
4385,118.391,0.1586,0.0374
4386,118.416,0.1584,0.0391
4387,118.442,0.1583,0.0407
4388,118.467,0.1581,0.0423
4389,118.507,0.1579,0.0492
4390,118.535,0.1578,0.0508
4391,118.561,0.1576,0.0522
4392,118.592,0.1575,0.0537
4393,118.618,0.1573,0.0551
4394,118.656,0.1572,-0.0167
4395,118.680,0.1570,-0.0146
4396,118.705,0.1567,-0.0121
4397,118.732,0.1565,-0.0097
4398,118.760,0.1562,-0.0072
4399,118.796,0.1560,-0.0016
4400,118.824,0.1557,0.0008
4401,118.849,0.1555,0.0031
4402,118.880,0.1553,0.0053
4403,118.907,0.1550,0.0076
4404,118.943,0.1548,0.0122
4405,118.976,0.1546,0.0142
4406,119.002,0.1544,0.0162
4407,119.032,0.1542,0.0182
4408,119.060,0.1540,0.0201
4409,119.090,0.1538,0.0135
4410,119.118,0.1536,0.0155
4411,119.142,0.1534,0.0176
4412,119.169,0.1532,0.0196
4413,119.195,0.1530,0.0215
4414,119.223,0.1528,-0.0981
4415,119.248,0.1524,-0.0949
4416,119.271,0.1520,-0.0911
4417,119.298,0.1517,-0.0874
4418,119.327,0.1513,-0.0837
4419,119.353,0.1509,-0.0287
4420,119.378,0.1506,-0.0258
4421,119.404,0.1503,-0.0231
4422,119.429,0.1501,-0.0205
4423,119.452,0.1498,-0.0180
4424,119.480,0.1495,0.0034
4425,119.506,0.1493,0.0058
4426,119.532,0.1491,0.0079
4427,119.557,0.1488,0.0101
4428,119.586,0.1486,0.0122
4429,119.609,0.1484,0.1179
4430,119.635,0.1483,0.1189
4431,119.661,0.1483,0.1193
4432,119.685,0.1482,0.1196
4433,119.714,0.1482,0.1200
4434,119.740,0.1482,-0.0493
4435,119.770,0.1479,-0.0472
4436,119.794,0.1476,-0.0443
4437,119.819,0.1473,-0.0414
4438,119.843,0.1470,-0.0386
4439,119.872,0.1467,0.0054
4440,119.899,0.1465,0.0077
4441,119.923,0.1463,0.0098
4442,119.951,0.1461,0.0119
4443,119.980,0.1458,0.0139
4444,120.004,0.1456,0.0116
4445,120.031,0.1454,0.0136
4446,120.056,0.1452,0.0156
4447,120.082,0.1450,0.0175
4448,120.108,0.1448,0.0194
4449,120.132,0.1446,-0.0218
4450,120.158,0.1443,-0.0195
4451,120.182,0.1441,-0.0171
4452,120.209,0.1438,-0.0147
4453,120.236,0.1436,-0.0123
4454,120.262,0.1433,-0.1065
4455,120.289,0.1430,-0.1033
4456,120.312,0.1426,-0.0997
4457,120.339,0.1422,-0.0961
4458,120.366,0.1418,-0.0927
4459,120.392,0.1414,-0.0115
4460,120.420,0.1411,-0.0087
4461,120.445,0.1408,-0.0065
4462,120.476,0.1406,-0.0043
4463,120.508,0.1404,-0.0022
4464,120.534,0.1401,-0.0472
4465,120.561,0.1399,-0.0447
4466,120.587,0.1395,-0.0420
4467,120.613,0.1393,-0.0393
4468,120.642,0.1390,-0.0367
4469,120.667,0.1387,-0.0256
4470,120.694,0.1384,-0.0232
4471,120.723,0.1381,-0.0210
4472,120.745,0.1379,-0.0187
4473,120.776,0.1376,-0.0165
4474,120.802,0.1374,-0.1069
4475,120.828,0.1370,-0.1039
4476,120.854,0.1366,-0.1004
4477,120.877,0.1362,-0.0969
4478,120.906,0.1358,-0.0935
4479,120.930,0.1356,0.0498
4480,120.959,0.1352,0.0654
4481,120.987,0.1351,0.0665
4482,121.013,0.1350,0.0675
4483,121.039,0.1349,0.0685
4484,121.067,0.1348,0.0054
4485,121.092,0.1346,0.0070
4486,121.119,0.1344,0.0089
4487,121.143,0.1342,0.0108
4488,121.170,0.1340,0.0126
4489,121.197,0.1338,0.0258
4490,121.222,0.1336,0.0275
4491,121.249,0.1334,0.0290
4492,121.274,0.1332,0.0306
4493,121.302,0.1331,0.0321
4494,121.329,0.1329,0.0527
4495,121.353,0.1328,0.0541
4496,121.380,0.1326,0.0553
4497,121.404,0.1325,0.0565
4498,121.428,0.1324,0.0576
4499,121.456,0.1323,-0.0320
4500,121.482,0.1320,-0.0300
4501,121.509,0.1318,-0.0276
4502,121.533,0.1315,-0.0253
4503,121.560,0.1312,-0.0229
4504,121.589,0.1310,-0.1387
4505,121.612,0.1306,-0.1355
4506,121.638,0.1302,-0.1318
4507,121.662,0.1297,-0.1281
4508,121.688,0.1293,-0.1244
4509,121.717,0.1289,-0.0195
4510,121.742,0.1286,-0.0167
4511,121.770,0.1284,-0.0146
4512,121.795,0.1281,-0.0125
4513,121.821,0.1279,-0.0104
4514,121.848,0.1277,0.0078
4515,121.872,0.1275,0.0096
4516,121.898,0.1273,0.0113
4517,121.922,0.1271,0.0129
4518,121.947,0.1269,0.0146
4519,121.979,0.1267,0.0101
4520,122.001,0.1265,0.0117
4521,122.026,0.1263,0.0133
4522,122.052,0.1261,0.0149
4523,122.075,0.1259,0.0165
4524,122.106,0.1258,0.0850
4525,122.130,0.1257,0.0858
4526,122.157,0.1256,0.0864
4527,122.182,0.1256,0.0870
4528,122.205,0.1255,0.0875
4529,122.237,0.1254,-0.0286
4530,122.263,0.1252,-0.0268
4531,122.292,0.1250,-0.0246
4532,122.317,0.1247,-0.0225
4533,122.344,0.1245,-0.0204
4534,122.376,0.1243,0.0515
4535,122.404,0.1241,0.0747
4536,122.433,0.1240,0.0754
4537,122.464,0.1239,0.0761
4538,122.489,0.1238,0.0768
4539,122.522,0.1237,0.0561
4540,122.549,0.1237,0.0248
4541,122.576,0.1235,0.0262
4542,122.606,0.1233,0.0276
4543,122.632,0.1232,0.0290
4544,122.676,0.1230,-0.0787
4545,122.709,0.1228,-0.0765
4546,122.734,0.1224,-0.0738
4547,122.765,0.1221,-0.0711
4548,122.790,0.1218,-0.0685
4549,122.830,0.1215,-0.1069
4550,122.856,0.1211,-0.1040
4551,122.882,0.1208,-0.1010
4552,122.909,0.1204,-0.0979
4553,122.934,0.1200,-0.0950
4554,122.970,0.1197,-0.0451
4555,122.999,0.1194,-0.0427
4556,123.023,0.1191,-0.0405
4557,123.050,0.1189,-0.0383
4558,123.073,0.1186,-0.0362
4559,123.107,0.1184,0.0164
4560,123.132,0.1181,0.0181
4561,123.158,0.1180,0.0194
4562,123.189,0.1178,0.0207
4563,123.216,0.1177,0.0220
4564,123.246,0.1175,-0.0664
4565,123.276,0.1173,-0.0643
4566,123.301,0.1170,-0.0619
4567,123.328,0.1167,-0.0595
4568,123.354,0.1164,-0.0572
4569,123.390,0.1161,0.1978
4570,123.420,0.1161,0.1980
4571,123.445,0.1162,0.1968
4572,123.472,0.1164,0.1956
4573,123.499,0.1165,0.1944
4574,123.527,0.1153,0.1898
4575,123.553,0.1154,0.1887
4576,123.579,0.1155,0.1877
4577,123.606,0.1157,0.1866
4578,123.630,0.1158,0.1856
4579,123.669,0.1155,0.1958
4580,123.697,0.1157,0.1946
4581,123.721,0.1158,0.1934
4582,123.747,0.1159,0.1923
4583,123.774,0.1161,0.1911
4584,123.800,0.1152,0.1951
4585,123.825,0.1153,0.1939
4586,123.850,0.1155,0.1928
4587,123.876,0.1156,0.1916
4588,123.901,0.1157,0.1905
4589,123.931,0.1163,0.2992
4590,123.960,0.1166,0.2972
4591,123.985,0.1169,0.2946
4592,124.010,0.1172,0.2920
4593,124.039,0.1175,0.2895
4594,124.065,0.1137,0.3344
4595,124.091,0.1141,0.3313
4596,124.116,0.1144,0.3281
4597,124.141,0.1148,0.3250
4598,124.170,0.1151,0.3218
4599,124.194,0.1134,0.2748
4600,124.219,0.1137,0.2723
4601,124.243,0.1139,0.2700
4602,124.270,0.1142,0.2677
4603,124.296,0.1144,0.2655
4604,124.322,0.1114,0.3057
4605,124.347,0.1117,0.3030
4606,124.369,0.1120,0.3002
4607,124.397,0.1123,0.2974
4608,124.424,0.1125,0.2947
4609,124.448,0.1124,0.3314
4610,124.477,0.1127,0.3285
4611,124.503,0.1131,0.3253
4612,124.529,0.1134,0.3223
4613,124.557,0.1137,0.3193
4614,124.581,0.1101,0.2823
4615,124.607,0.1104,0.2798
4616,124.632,0.1106,0.2774
4617,124.655,0.1109,0.2751
4618,124.680,0.1111,0.2728
4619,124.706,0.1146,0.4456
4620,124.729,0.1150,0.4420
4621,124.753,0.1154,0.4375
4622,124.776,0.1159,0.4332
4623,124.802,0.1164,0.4288
4624,124.825,0.1121,0.3577
4625,124.849,0.1125,0.3541
4626,124.874,0.1128,0.3509
4627,124.896,0.1132,0.3477
4628,124.923,0.1135,0.3445
4629,124.948,0.1137,0.4327
4630,124.972,0.1141,0.4287
4631,124.997,0.1145,0.4243
4632,125.023,0.1150,0.4199
4633,125.050,0.1154,0.4156
4634,125.076,0.1124,0.4428
4635,125.104,0.1129,0.4383
4636,125.130,0.1133,0.4337
4637,125.154,0.1138,0.4292
4638,125.181,0.1142,0.4247
4639,125.209,0.1088,0.3326
4640,125.237,0.1091,0.3291
4641,125.264,0.1094,0.3261
4642,125.287,0.1097,0.3231
4643,125.315,0.1100,0.3202
4644,125.340,0.1043,0.3135
4645,125.369,0.1046,0.3108
4646,125.397,0.1048,0.3081
4647,125.421,0.1051,0.3054
4648,125.450,0.1053,0.3028
4649,125.477,0.1013,0.5264
4650,125.505,0.1017,0.5223
4651,125.531,0.1022,0.5168
4652,125.557,0.1027,0.5115
4653,125.584,0.1032,0.5062
4654,125.613,0.0972,0.6225
4655,125.637,0.0977,0.6163
4656,125.665,0.0983,0.6095
4657,125.690,0.0989,0.6029
4658,125.717,0.0995,0.5964
4659,125.744,0.0896,0.6155
4660,125.770,0.0901,0.6089
4661,125.796,0.0906,0.6021
4662,125.821,0.0911,0.5955
4663,125.848,0.0916,0.5889
4664,125.876,0.0875,0.6017
4665,125.901,0.0879,0.5951
4666,125.927,0.0884,0.5884
4667,125.950,0.0889,0.5819
4668,125.975,0.0894,0.5754
4669,126.005,0.0841,0.5786
4670,126.029,0.0845,0.5724
4671,126.060,0.0849,0.5662
4672,126.088,0.0854,0.5601
4673,126.117,0.0858,0.5541
4674,126.149,0.0792,0.6153
4675,126.174,0.0796,0.6087
4676,126.204,0.0800,0.6019
4677,126.229,0.0805,0.5952
4678,126.258,0.0809,0.5885
4679,126.289,0.0787,0.3486
4680,126.314,0.0789,0.3449
4681,126.341,0.0791,0.3420
4682,126.375,0.0794,0.3391
4683,126.398,0.0796,0.3363
4684,126.428,0.0717,0.0088
4685,126.452,0.0718,0.0082
4686,126.480,0.0717,0.0089
4687,126.506,0.0717,0.0095
4688,126.530,0.0716,0.0101
4689,126.561,0.0668,0.0024
4690,126.585,0.0667,0.0030
4691,126.609,0.0667,0.0036
4692,126.635,0.0667,0.0043
4693,126.655,0.0666,0.0049
4694,126.685,0.0653,0.4349
4695,126.708,0.0655,0.4324
4696,126.734,0.0657,0.4284
4697,126.765,0.0660,0.4245
4698,126.786,0.0662,0.4207
4699,126.817,0.0673,0.4038
4700,126.845,0.0682,0.3912
4701,126.872,0.0684,0.3876
4702,126.903,0.0686,0.3841
4703,126.926,0.0688,0.3806
4704,126.955,0.0675,0.3784
4705,126.982,0.0615,0.3805
4706,127.011,0.0616,0.3771
4707,127.038,0.0618,0.3737
4708,127.062,0.0620,0.3703
4709,127.102,0.0592,-0.0881
4710,127.129,0.0600,-0.1484
4711,127.155,0.0600,-0.1466
4712,127.182,0.0600,-0.1448
4713,127.207,0.0600,-0.1430
4714,127.244,0.0622,0.2919
4715,127.270,0.0600,0.3904
4716,127.294,0.0600,0.3870
4717,127.320,0.0600,0.3836
4718,127.344,0.0600,0.3802
4719,127.383,0.0600,0.3181
4720,127.413,0.0600,0.3155
4721,127.436,0.0600,0.3131
4722,127.464,0.0600,0.3107
4723,127.490,0.0600,0.3083
4724,127.522,0.0582,-0.1134
4725,127.549,0.0600,-0.1940
4726,127.576,0.0600,-0.1919
4727,127.603,0.0600,-0.1898
4728,127.628,0.0600,-0.1877
4729,127.663,0.0612,0.3189
4730,127.687,0.0600,0.3410
4731,127.715,0.0600,0.3383
4732,127.745,0.0600,0.3357
4733,127.771,0.0600,0.3330
4734,127.803,0.0576,-0.1156
4735,127.828,0.0600,-0.2348
4736,127.851,0.0600,-0.2325
4737,127.875,0.0600,-0.2302
4738,127.900,0.0600,-0.2279
4739,127.929,0.0600,-0.3024
4740,127.955,0.0600,-0.3000
4741,127.979,0.0600,-0.2974
4742,128.006,0.0600,-0.2948
4743,128.033,0.0600,-0.2923
4744,128.061,0.0600,-0.2935
4745,128.086,0.0600,-0.2909
4746,128.111,0.0600,-0.2884
4747,128.139,0.0600,-0.2858
4748,128.164,0.0600,-0.2833
4749,128.189,0.0600,-0.3356
4750,128.215,0.0600,-0.3331
4751,128.238,0.0600,-0.3305
4752,128.262,0.0600,-0.3279
4753,128.286,0.0600,-0.3253
4754,128.313,0.0600,-0.5200
4755,128.339,0.0600,-0.5174
4756,128.364,0.0600,-0.5145
4757,128.389,0.0600,-0.5115
4758,128.413,0.0600,-0.5085
4759,128.443,0.0600,-0.4852
4760,128.469,0.0600,-0.4823
4761,128.491,0.0600,-0.4796
4762,128.516,0.0600,-0.4768
4763,128.540,0.0600,-0.4741
4764,128.565,0.0600,-0.5354
4765,128.592,0.0600,-0.5325
4766,128.616,0.0600,-0.5295
4767,128.638,0.0600,-0.5265
4768,128.663,0.0600,-0.5234
4769,128.685,0.0600,-0.6583
4770,128.713,0.0600,-0.6557
4771,128.741,0.0600,-0.6528
4772,128.769,0.0600,-0.6500
4773,128.795,0.0600,-0.6472
4774,128.819,0.0600,-0.5041
4775,128.845,0.0600,-0.5011
4776,128.870,0.0600,-0.4985
4777,128.897,0.0600,-0.4959
4778,128.925,0.0600,-0.4932
4779,128.949,0.0600,-0.7155
4780,128.976,0.0600,-0.7132
4781,129.002,0.0600,-0.7106
4782,129.028,0.0600,-0.7080
4783,129.053,0.0600,-0.7053
4784,129.077,0.0600,-0.6147
4785,129.103,0.0600,-0.6123
4786,129.130,0.0600,-0.6099
4787,129.152,0.0600,-0.6076
4788,129.179,0.0600,-0.6052
4789,129.203,0.0597,-0.9229
4790,129.227,0.0600,-0.9253
4791,129.253,0.0600,-0.9232
4792,129.276,0.0600,-0.9211
4793,129.304,0.0600,-0.9191
4794,129.329,0.0600,-0.9782
4795,129.356,0.0600,-0.9765
4796,129.384,0.0600,-0.9748
4797,129.406,0.0600,-0.9731
4798,129.429,0.0600,-0.9713
4799,129.454,0.0600,-1.2009
4800,129.477,0.0600,-1.2002
4801,129.507,0.0600,-1.1995
4802,129.532,0.0600,-1.1988
4803,129.561,0.0600,-1.1981
4804,129.590,0.0600,-1.1419
4805,129.617,0.0600,-1.1408
4806,129.644,0.0600,-1.1397
4807,129.669,0.0600,-1.1386
4808,129.702,0.0600,-1.1375
4809,129.733,0.0600,-1.2952
4810,129.758,0.0600,-1.2952
4811,129.790,0.0600,-1.2952
4812,129.815,0.0600,-1.2952
4813,129.844,0.0600,-1.2952
4814,129.878,0.0600,-1.4974
4815,129.903,0.0600,-1.4974
4816,129.934,0.0600,-1.4974
4817,129.960,0.0600,-1.4974
4818,129.989,0.0600,-1.4974
4819,130.014,0.0600,-1.5914
4820,130.042,0.0600,-1.5914
4821,130.069,0.0600,-1.5914
4822,130.093,0.0600,-1.5914
4823,130.119,0.0600,-1.5914
4824,130.147,0.0600,-1.5218
4825,130.171,0.0600,-1.5218
4826,130.199,0.0600,-1.5218
4827,130.222,0.0600,-1.5218
4828,130.249,0.0600,-1.5218
4829,130.279,0.0600,-1.3485
4830,130.303,0.0600,-1.3485
4831,130.334,0.0600,-1.3485
4832,130.360,0.0600,-1.3485
4833,130.388,0.0600,-1.3485
4834,130.417,0.0600,-1.3587
4835,130.441,0.0600,-1.3587
4836,130.471,0.0600,-1.3587
4837,130.496,0.0600,-1.3587
4838,130.525,0.0600,-1.3587
4839,130.554,0.0600,-1.5009
4840,130.578,0.0600,-1.5009
4841,130.605,0.0600,-1.5009
4842,130.633,0.0600,-1.5009
4843,130.662,0.0600,-1.5009
4844,130.693,0.0600,-1.7928
4845,130.717,0.0600,-1.7928
4846,130.745,0.0600,-1.7928
4847,130.772,0.0600,-1.7928
4848,130.799,0.0600,-1.7928
4849,130.835,0.0600,-1.8200
4850,130.859,0.0600,-1.8200
4851,130.887,0.0600,-1.8200
4852,130.912,0.0600,-1.8200
4853,130.942,0.0600,-1.8200
4854,130.977,0.0600,-1.8200
4855,131.002,0.0600,-1.8200
4856,131.030,0.0600,-1.8200
4857,131.056,0.0600,-1.8200
4858,131.083,0.0600,-1.8200
4859,131.114,0.0600,-1.8200
4860,131.138,0.0600,-1.8200
4861,131.163,0.0600,-1.8200
4862,131.193,0.0600,-1.8200
4863,131.217,0.0600,-1.8200
4864,131.245,0.0600,-1.8200
4865,131.269,0.0600,-1.8200
4866,131.296,0.0600,-1.8200
4867,131.323,0.0600,-1.8200
4868,131.346,0.0600,-1.8200
4869,131.374,0.0600,-1.8200
4870,131.399,0.0600,-1.8200
4871,131.426,0.0600,-1.8200
4872,131.452,0.0600,-1.8200
4873,131.477,0.0600,-1.8200
4874,131.517,0.0706,-1.8200
4875,131.545,0.0818,-1.8200
4876,131.569,0.0847,-1.8200
4877,131.596,0.0876,-1.8200
4878,131.619,0.0905,-1.8200
4879,131.652,0.0934,-1.8200
4880,131.677,0.0962,-1.8200
4881,131.704,0.0991,-1.8200
4882,131.731,0.1020,-1.8200
4883,131.754,0.1048,-1.8200
4884,131.789,0.1077,-1.8200
4885,131.812,0.1105,-1.8200
4886,131.838,0.1134,-1.8200
4887,131.867,0.1162,-1.8200
4888,131.889,0.1190,-1.8187
4889,131.927,0.1257,-1.3317
4890,131.956,0.1242,-0.9050
4891,131.979,0.1255,-0.9018
4892,132.003,0.1268,-0.8988
4893,132.026,0.1281,-0.8957
4894,132.066,0.1339,-0.3564
4895,132.092,0.1302,-0.0475
4896,132.119,0.1300,-0.0478
4897,132.147,0.1299,-0.0481
4898,132.171,0.1298,-0.0484
4899,132.203,0.1296,-0.1036
4900,132.233,0.1296,-0.1038
4901,132.258,0.1295,-0.1039
4902,132.288,0.1295,-0.1040
4903,132.312,0.1295,-0.1041
4904,132.343,0.1311,0.4572
4905,132.366,0.1288,0.5097
4906,132.389,0.1278,0.5065
4907,132.414,0.1267,0.5033
4908,132.438,0.1257,0.5001
4909,132.469,0.1204,0.0170
4910,132.496,0.1241,-0.6867
4911,132.520,0.1249,-0.6836
4912,132.545,0.1258,-0.6800
4913,132.572,0.1267,-0.6765
4914,132.598,0.1316,-0.1930
4915,132.625,0.1281,0.3766
4916,132.652,0.1274,0.3739
4917,132.682,0.1266,0.3709
4918,132.712,0.1257,0.3680
4919,132.738,0.1239,-0.0862
4920,132.764,0.1246,-0.1118
4921,132.788,0.1245,-0.1118
4922,132.815,0.1245,-0.1119
4923,132.841,0.1245,-0.1120
4924,132.870,0.1245,0.0034
4925,132.896,0.1244,0.0028
4926,132.921,0.1242,0.0018
4927,132.949,0.1240,0.0009
4928,132.975,0.1238,-0.0000
4929,133.000,0.1236,-0.2055
4930,133.025,0.1236,-0.2055
4931,133.051,0.1237,-0.2048
4932,133.078,0.1239,-0.2041
4933,133.102,0.1240,-0.2034
4934,133.133,0.1241,-0.1796
4935,133.162,0.1242,-0.1791
4936,133.187,0.1243,-0.1787
4937,133.218,0.1244,-0.1782
4938,133.251,0.1245,-0.1778
4939,133.279,0.1246,-0.3010
4940,133.308,0.1249,-0.2996
4941,133.336,0.1252,-0.2979
4942,133.365,0.1255,-0.2962
4943,133.398,0.1257,-0.2945
4944,133.424,0.1260,-0.2658
4945,133.455,0.1263,-0.2643
4946,133.484,0.1265,-0.2629
4947,133.511,0.1268,-0.2615
4948,133.541,0.1270,-0.2602
4949,133.568,0.1273,-0.1753
4950,133.596,0.1274,-0.1715
4951,133.622,0.1275,-0.1710
4952,133.655,0.1275,-0.1705
4953,133.695,0.1276,-0.1700
4954,133.726,0.1277,-0.1559
4955,133.756,0.1278,-0.1555
4956,133.785,0.1278,-0.1552
4957,133.809,0.1279,-0.1549
4958,133.836,0.1279,-0.1546
4959,133.860,0.1280,-0.1441
4960,133.884,0.1280,-0.1438
4961,133.909,0.1280,-0.1436
4962,133.933,0.1281,-0.1434
4963,133.959,0.1281,-0.1432
4964,133.986,0.1281,-0.3805
4965,134.012,0.1284,-0.3786
4966,134.040,0.1288,-0.3757
4967,134.065,0.1293,-0.3727
4968,134.095,0.1297,-0.3699
4969,134.124,0.1301,-0.1613
4970,134.150,0.1303,-0.1601
4971,134.180,0.1303,-0.1597
4972,134.204,0.1304,-0.1593
4973,134.231,0.1304,-0.1590
4974,134.255,0.1305,-0.3287
4975,134.280,0.1307,-0.3273
4976,134.306,0.1310,-0.3250
4977,134.329,0.1314,-0.3227
4978,134.357,0.1317,-0.3204
4979,134.384,0.1320,-0.3162
4980,134.409,0.1323,-0.3138
4981,134.436,0.1326,-0.3115
4982,134.462,0.1329,-0.3093
4983,134.489,0.1332,-0.3070
4984,134.517,0.1335,-0.3130
4985,134.541,0.1338,-0.3106
4986,134.571,0.1341,-0.3082
4987,134.594,0.1344,-0.3059
4988,134.621,0.1347,-0.3035
4989,134.651,0.1350,-0.2359
4990,134.676,0.1352,-0.2341
4991,134.704,0.1354,-0.2327
4992,134.727,0.1356,-0.2313
4993,134.754,0.1357,-0.2299
4994,134.780,0.1359,-0.2751
4995,134.804,0.1361,-0.2733
4996,134.830,0.1363,-0.2714
4997,134.853,0.1366,-0.2695
4998,134.879,0.1368,-0.2676
4999,134.907,0.1370,-0.2690
5000,134.931,0.1373,-0.2670
5001,134.958,0.1375,-0.2651
5002,134.983,0.1377,-0.2632
5003,135.009,0.1379,-0.2614
5004,135.037,0.1381,-0.2302
5005,135.061,0.1383,-0.2287
5006,135.088,0.1385,-0.2273
5007,135.112,0.1386,-0.2259
5008,135.136,0.1388,-0.2246
5009,135.167,0.1389,-0.1065
5010,135.190,0.1389,-0.1063
5011,135.217,0.1389,-0.1067
5012,135.244,0.1389,-0.1071
5013,135.267,0.1388,-0.1075
5014,135.298,0.1388,-0.2141
5015,135.322,0.1389,-0.2132
5016,135.349,0.1390,-0.2121
5017,135.375,0.1391,-0.2109
5018,135.400,0.1392,-0.2098
5019,135.432,0.1394,-0.0712
5020,135.455,0.1393,-0.0717
5021,135.479,0.1392,-0.0726
5022,135.503,0.1391,-0.0735
5023,135.527,0.1390,-0.0744
5024,135.557,0.1389,-0.3542
5025,135.582,0.1392,-0.3520
5026,135.607,0.1395,-0.3489
5027,135.633,0.1399,-0.3458
5028,135.658,0.1402,-0.3427
5029,135.685,0.1406,-0.3353
5030,135.710,0.1409,-0.2926
5031,135.734,0.1412,-0.2903
5032,135.761,0.1414,-0.2880
5033,135.783,0.1417,-0.2858
5034,135.812,0.1419,-0.3324
5035,135.836,0.1422,-0.3884
5036,135.862,0.1426,-0.3844
5037,135.891,0.1430,-0.3804
5038,135.917,0.1434,-0.3766
5039,135.954,0.1438,-0.2869
5040,135.980,0.1441,-0.2842
5041,136.006,0.1443,-0.2819
5042,136.033,0.1446,-0.2797
5043,136.056,0.1448,-0.2775
5044,136.089,0.1450,-0.0534
5045,136.114,0.1450,-0.0535
5046,136.137,0.1449,-0.0549
5047,136.164,0.1447,-0.0563
5048,136.187,0.1446,-0.0577
5049,136.228,0.1445,-0.0790
5050,136.256,0.1444,-0.0801
5051,136.282,0.1443,-0.0810
5052,136.307,0.1442,-0.0819
5053,136.331,0.1441,-0.0829
5054,136.367,0.1440,-0.1055
5055,136.394,0.1439,-0.1061
5056,136.415,0.1438,-0.1067
5057,136.441,0.1438,-0.1072
5058,136.466,0.1437,-0.1077
5059,136.500,0.1437,-0.0603
5060,136.525,0.1436,-0.0612
5061,136.548,0.1435,-0.0625
5062,136.576,0.1433,-0.0637
5063,136.600,0.1432,-0.0650
5064,136.634,0.1431,-0.0629
5065,136.666,0.1429,-0.0641
5066,136.693,0.1428,-0.0654
5067,136.724,0.1427,-0.0666
5068,136.752,0.1426,-0.0678
5069,136.782,0.1425,-0.1375
5070,136.810,0.1424,-0.1380
5071,136.836,0.1424,-0.1380
5072,136.866,0.1424,-0.1380
5073,136.892,0.1424,-0.1381
5074,136.926,0.1424,-0.1791
5075,136.953,0.1424,-0.1787
5076,136.979,0.1425,-0.1780
5077,137.007,0.1426,-0.1774
5078,137.035,0.1426,-0.1768
5079,137.066,0.1427,-0.0601
5080,137.089,0.1426,-0.0607
5081,137.113,0.1425,-0.0620
5082,137.138,0.1424,-0.0633
5083,137.165,0.1422,-0.0645
5084,137.192,0.1421,-0.1012
5085,137.218,0.1420,-0.1021
5086,137.242,0.1420,-0.1027
5087,137.269,0.1419,-0.1033
5088,137.293,0.1418,-0.1040
5089,137.324,0.1418,-0.0812
5090,137.350,0.1417,-0.0820
5091,137.377,0.1416,-0.0829
5092,137.405,0.1415,-0.0838
5093,137.432,0.1414,-0.0847
5094,137.459,0.1413,-0.1220
5095,137.487,0.1413,-0.1225
5096,137.511,0.1412,-0.1228
5097,137.538,0.1412,-0.1231
5098,137.564,0.1412,-0.1234
5099,137.592,0.1411,-0.1059
5100,137.618,0.1411,-0.1064
5101,137.643,0.1410,-0.1070
5102,137.671,0.1410,-0.1075
5103,137.700,0.1409,-0.1081
5104,137.724,0.1409,0.0020
5105,137.748,0.1407,0.0006
5106,137.774,0.1405,-0.0016
5107,137.799,0.1402,-0.0038
5108,137.824,0.1400,-0.0059
5109,137.848,0.1398,-0.0650
5110,137.873,0.1396,-0.0665
5111,137.897,0.1395,-0.0677
5112,137.924,0.1394,-0.0688
5113,137.953,0.1393,-0.0700
5114,137.977,0.1392,0.0160
5115,138.004,0.1389,0.0140
5116,138.031,0.1387,0.0116
5117,138.055,0.1384,0.0092
5118,138.085,0.1382,0.0069
5119,138.108,0.1380,0.0098
5120,138.133,0.1377,0.0074
5121,138.161,0.1375,0.0051
5122,138.185,0.1372,0.0028
5123,138.213,0.1370,0.0006
5124,138.240,0.1368,0.0490
5125,138.264,0.1365,0.0464
5126,138.293,0.1362,0.0436
5127,138.314,0.1359,0.0409
5128,138.343,0.1356,0.0382
5129,138.367,0.1353,-0.0075
5130,138.392,0.1351,-0.0096
5131,138.416,0.1348,-0.0115
5132,138.439,0.1346,-0.0134
5133,138.465,0.1344,-0.0153
5134,138.495,0.1342,0.0706
5135,138.517,0.1339,0.0679
5136,138.542,0.1336,0.0648
5137,138.569,0.1333,0.0617
5138,138.597,0.1329,0.0587
5139,138.627,0.1326,-0.0030
5140,138.648,0.1324,-0.0052
5141,138.675,0.1321,-0.0071
5142,138.699,0.1319,-0.0090
5143,138.726,0.1317,-0.0109
5144,138.755,0.1315,0.0614
5145,138.778,0.1313,0.0590
5146,138.806,0.1309,0.0561
5147,138.831,0.1306,0.0532
5148,138.858,0.1303,0.0504
5149,138.884,0.1300,0.0060
5150,138.911,0.1298,0.0037
5151,138.939,0.1295,0.0016
5152,138.963,0.1293,-0.0004
5153,138.994,0.1291,-0.0024
5154,139.029,0.1289,0.0633
5155,139.052,0.1286,0.0606
5156,139.079,0.1283,0.0577
5157,139.103,0.1280,0.0549
5158,139.129,0.1277,0.0521
5159,139.158,0.1274,0.0462
5160,139.177,0.1271,0.0436
5161,139.203,0.1268,0.0411
5162,139.228,0.1265,0.0386
5163,139.253,0.1262,0.0362
5164,139.282,0.1259,0.1000
5165,139.306,0.1256,0.0971
5166,139.332,0.1252,0.0939
5167,139.357,0.1249,0.0907
5168,139.383,0.1245,0.0876
5169,139.413,0.1242,0.0983
5170,139.435,0.1238,0.0950
5171,139.459,0.1234,0.0917
5172,139.486,0.1231,0.0885
5173,139.510,0.1227,0.0853
5174,139.539,0.1224,0.0080
5175,139.561,0.1221,0.0058
5176,139.587,0.1219,0.0039
5177,139.616,0.1217,0.0021
5178,139.638,0.1215,0.0003
5179,139.668,0.1213,-0.0371
5180,139.692,0.1211,-0.0385
5181,139.717,0.1210,-0.0397
5182,139.747,0.1208,-0.0409
5183,139.769,0.1207,-0.0421
5184,139.797,0.1206,0.0383
5185,139.821,0.1203,0.0362
5186,139.848,0.1201,0.0339
5187,139.878,0.1198,0.0317
5188,139.901,0.1196,0.0295
5189,139.933,0.1193,0.0312
5190,139.959,0.1191,0.0291
5191,139.988,0.1188,0.0270
5192,140.015,0.1186,0.0250
5193,140.039,0.1183,0.0230
5194,140.066,0.1181,0.0246
5195,140.090,0.1179,0.0549
5196,140.116,0.1176,0.0525
5197,140.138,0.1173,0.0501
5198,140.164,0.1170,0.0478
5199,140.189,0.1168,0.0771
5200,140.213,0.1165,0.1077
5201,140.236,0.1161,0.1047
5202,140.263,0.1157,0.1018
5203,140.286,0.1154,0.0989
5204,140.324,0.1150,-0.0040
5205,140.353,0.1148,-0.0060
5206,140.380,0.1146,-0.0076
5207,140.413,0.1144,-0.0091
5208,140.437,0.1143,-0.0105
5209,140.476,0.1141,0.0540
5210,140.506,0.1138,0.0518
5211,140.533,0.1136,0.0495
5212,140.563,0.1133,0.0473
5213,140.589,0.1130,0.0450
5214,140.629,0.1128,0.0631
5215,140.658,0.1125,0.0608
5216,140.685,0.1122,0.0584
5217,140.718,0.1119,0.0561
5218,140.741,0.1117,0.0538
5219,140.773,0.1114,-0.0174
5220,140.803,0.1112,-0.0189
5221,140.825,0.1111,-0.0201
5222,140.852,0.1109,-0.0214
5223,140.878,0.1108,-0.0226
5224,140.911,0.1107,0.0048
5225,140.938,0.1105,0.0033
5226,140.962,0.1103,0.0018
5227,140.989,0.1101,0.0003
5228,141.012,0.1099,-0.0011
5229,141.045,0.1098,0.0195
5230,141.073,0.1096,0.0179
5231,141.097,0.1094,0.0163
5232,141.125,0.1092,0.0146
5233,141.151,0.1090,0.0130
5234,141.182,0.1088,0.0137
5235,141.211,0.1086,0.0121
5236,141.237,0.1084,0.0105
5237,141.262,0.1082,0.0089
5238,141.288,0.1080,0.0074
5239,141.324,0.1078,-0.0040
5240,141.351,0.1077,-0.0054
5241,141.376,0.1075,-0.0067
5242,141.406,0.1073,-0.0080
5243,141.434,0.1072,-0.0092
5244,141.457,0.1070,0.0774
5245,141.486,0.1068,0.0754
5246,141.510,0.1065,0.0729
5247,141.536,0.1062,0.0705
5248,141.561,0.1059,0.0682
5249,141.589,0.1057,0.0957
5250,141.619,0.1053,0.0932
5251,141.643,0.1050,0.0907
5252,141.670,0.1047,0.0882
5253,141.695,0.1044,0.0857
5254,141.724,0.1041,-0.1157
5255,141.755,0.1040,-0.1163
5256,141.778,0.1041,-0.1160
5257,141.805,0.1041,-0.1157
5258,141.834,0.1041,-0.1155
5259,141.858,0.1042,0.0635
5260,141.887,0.1040,0.0622
5261,141.914,0.1037,0.0601
5262,141.941,0.1035,0.0580
5263,141.965,0.1032,0.0559
5264,141.990,0.1030,-0.0103
5265,142.019,0.1028,-0.0117
5266,142.043,0.1027,-0.0128
5267,142.066,0.1025,-0.0139
5268,142.092,0.1024,-0.0149
5269,142.118,0.1023,0.0563
5270,142.144,0.1021,0.0548
5271,142.167,0.1018,0.0528
5272,142.195,0.1016,0.0509
5273,142.226,0.1013,0.0491
5274,142.250,0.1011,-0.0138
5275,142.276,0.1009,-0.0152
5276,142.300,0.1008,-0.0163
5277,142.327,0.1007,-0.0173
5278,142.355,0.1006,-0.0183
5279,142.380,0.1004,-0.0544
5280,142.406,0.1004,-0.0550
5281,142.431,0.1003,-0.0555
5282,142.456,0.1003,-0.0559
5283,142.483,0.1002,-0.0564
5284,142.507,0.1001,0.0377
5285,142.533,0.1000,0.0366
5286,142.560,0.0998,0.0349
5287,142.586,0.0996,0.0332
5288,142.615,0.0994,0.0316
5289,142.641,0.0992,0.1168
5290,142.668,0.0989,0.1145
5291,142.694,0.0986,0.1119
5292,142.720,0.0982,0.1093
5293,142.748,0.0979,0.1068
5294,142.775,0.0976,-0.0073
5295,142.802,0.0974,-0.0089
5296,142.829,0.0972,-0.0099
5297,142.852,0.0971,-0.0108
5298,142.880,0.0970,-0.0118
5299,142.905,0.0969,0.0190
5300,142.931,0.0967,0.0178
5301,142.958,0.0966,0.0164
5302,142.982,0.0964,0.0151
5303,143.011,0.0962,0.0138
5304,143.042,0.0961,0.0371
5305,143.065,0.0959,0.0357
5306,143.095,0.0957,0.0342
5307,143.117,0.0955,0.0327
5308,143.145,0.0953,0.0313
5309,143.172,0.0951,-0.0004
5310,143.197,0.0950,-0.0015
5311,143.224,0.0948,-0.0026
5312,143.250,0.0947,-0.0036
5313,143.278,0.0946,-0.0046
5314,143.308,0.0944,-0.0837
5315,143.329,0.0944,-0.0840
5316,143.358,0.0944,-0.0839
5317,143.382,0.0944,-0.0839
5318,143.409,0.0944,-0.0839
5319,143.439,0.0944,0.0075
5320,143.461,0.0943,0.0068
5321,143.488,0.0942,0.0057
5322,143.512,0.0941,0.0046
5323,143.540,0.0939,0.0035
5324,143.567,0.0938,0.0440
5325,143.593,0.0936,0.0426
5326,143.622,0.0934,0.0410
5327,143.648,0.0932,0.0394
5328,143.676,0.0930,0.0379
5329,143.706,0.0928,-0.0024
5330,143.731,0.0927,-0.0036
5331,143.758,0.0925,-0.0046
5332,143.784,0.0924,-0.0055
5333,143.809,0.0923,-0.0064
5334,143.834,0.0922,0.0680
5335,143.855,0.0920,0.0665
5336,143.877,0.0918,0.0648
5337,143.902,0.0915,0.0631
5338,143.924,0.0913,0.0614
5339,143.951,0.0911,0.1081
5340,143.975,0.0908,0.1059
5341,143.999,0.0905,0.1035
5342,144.026,0.0902,0.1012
5343,144.051,0.0899,0.0990
5344,144.079,0.0896,-0.0396
5345,144.105,0.0895,-0.0405
5346,144.136,0.0894,-0.0410
5347,144.163,0.0894,-0.0414
5348,144.189,0.0893,-0.0418
5349,144.222,0.0893,-0.0825
5350,144.247,0.0893,-0.0825
5351,144.274,0.0893,-0.0824
5352,144.302,0.0893,-0.0822
5353,144.327,0.0894,-0.0821
5354,144.361,0.0894,-0.0083
5355,144.389,0.0893,-0.0090
5356,144.417,0.0892,-0.0098
5357,144.447,0.0891,-0.0106
5358,144.469,0.0890,-0.0114
5359,144.501,0.0888,-0.0549
5360,144.526,0.0888,-0.0865
5361,144.551,0.0888,-0.0863
5362,144.576,0.0889,-0.0861
5363,144.601,0.0889,-0.0859
5364,144.629,0.0891,-0.0184
5365,144.653,0.0889,0.0390
5366,144.678,0.0887,0.0376
5367,144.703,0.0885,0.0361
5368,144.728,0.0883,0.0347
5369,144.765,0.0882,-0.0851
5370,144.791,0.0881,-0.0854
5371,144.816,0.0882,-0.0852
5372,144.843,0.0882,-0.0850
5373,144.867,0.0882,-0.0848
5374,144.905,0.0882,-0.0411
5375,144.935,0.0882,-0.0413
5376,144.959,0.0882,-0.0417
5377,144.989,0.0881,-0.0420
5378,145.014,0.0881,-0.0424
5379,145.055,0.0880,-0.0454
5380,145.085,0.0880,-0.0457
5381,145.111,0.0880,-0.0460
5382,145.140,0.0879,-0.0463
5383,145.163,0.0879,-0.0466
5384,145.204,0.0878,0.1026
5385,145.234,0.0876,0.1011
5386,145.256,0.0874,0.0989
5387,145.282,0.0871,0.0968
5388,145.306,0.0868,0.0948
5389,145.341,0.0865,0.0009
5390,145.368,0.0864,-0.0003
5391,145.391,0.0863,-0.0011
5392,145.418,0.0862,-0.0020
5393,145.442,0.0861,-0.0028
5394,145.473,0.0860,0.0396
5395,145.500,0.0858,0.0385
5396,145.521,0.0856,0.0373
5397,145.546,0.0855,0.0360
5398,145.570,0.0853,0.0348
5399,145.603,0.0851,0.0134
5400,145.631,0.0850,0.0123
5401,145.658,0.0849,0.0113
5402,145.688,0.0847,0.0103
5403,145.713,0.0846,0.0093
5404,145.743,0.0845,-0.0357
5405,145.768,0.0844,-0.0362
5406,145.793,0.0844,-0.0365
5407,145.821,0.0844,-0.0369
5408,145.852,0.0843,-0.0372
5409,145.874,0.0843,0.0161
5410,145.902,0.0842,0.0153
5411,145.927,0.0840,0.0143
5412,145.953,0.0839,0.0133
5413,145.979,0.0838,0.0123
5414,146.007,0.0837,-0.0177
5415,146.034,0.0836,-0.0184
5416,146.058,0.0835,-0.0190
5417,146.086,0.0834,-0.0195
5418,146.115,0.0834,-0.0200
5419,146.138,0.0833,0.0562
5420,146.163,0.0831,0.0551
5421,146.186,0.0829,0.0536
5422,146.212,0.0828,0.0522
5423,146.239,0.0826,0.0508
5424,146.264,0.0824,0.0187
5425,146.291,0.0822,0.0176
5426,146.316,0.0821,0.0166
5427,146.346,0.0820,0.0157
5428,146.375,0.0819,0.0147
5429,146.400,0.0817,0.0637
5430,146.428,0.0816,0.0624
5431,146.454,0.0814,0.0609
5432,146.480,0.0812,0.0594
5433,146.507,0.0810,0.0579
5434,146.532,0.0808,0.0294
5435,146.556,0.0806,0.0282
5436,146.581,0.0805,0.0272
5437,146.605,0.0804,0.0262
5438,146.634,0.0802,0.0252
5439,146.658,0.0801,-0.0173
5440,146.686,0.0800,-0.0179
5441,146.712,0.0799,-0.0184
5442,146.737,0.0799,-0.0188
5443,146.764,0.0798,-0.0193
5444,146.789,0.0797,-0.0683
5445,146.816,0.0797,-0.0683
5446,146.848,0.0798,-0.0682
5447,146.867,0.0798,-0.0680
5448,146.895,0.0798,-0.0678
5449,146.918,0.0798,-0.0339
5450,146.942,0.0798,-0.0340
5451,146.967,0.0798,-0.0343
5452,146.993,0.0797,-0.0346
5453,147.021,0.0797,-0.0348
5454,147.046,0.0797,-0.0553
5455,147.072,0.0797,-0.0553
5456,147.095,0.0797,-0.0553
5457,147.119,0.0797,-0.0553
5458,147.145,0.0797,-0.0553
5459,147.170,0.0797,0.0508
5460,147.197,0.0796,0.0499
5461,147.222,0.0794,0.0486
5462,147.246,0.0792,0.0474
5463,147.276,0.0790,0.0461
5464,147.302,0.0789,-0.0072
5465,147.328,0.0788,-0.0081
5466,147.356,0.0787,-0.0087
5467,147.380,0.0786,-0.0092
5468,147.405,0.0785,-0.0098
5469,147.432,0.0785,0.0467
5470,147.458,0.0783,0.0457
5471,147.484,0.0782,0.0444
5472,147.508,0.0780,0.0432
5473,147.535,0.0779,0.0420
5474,147.566,0.0777,0.0761
5475,147.588,0.0775,0.0747
5476,147.616,0.0773,0.0732
5477,147.641,0.0771,0.0718
5478,147.668,0.0769,0.0703
5479,147.697,0.0767,0.0010
5480,147.720,0.0766,0.0000
5481,147.748,0.0765,-0.0006
5482,147.773,0.0764,-0.0012
5483,147.803,0.0763,-0.0018
5484,147.832,0.0762,0.0626
5485,147.857,0.0761,0.0615
5486,147.887,0.0759,0.0602
5487,147.914,0.0757,0.0589
5488,147.944,0.0755,0.0576
5489,147.975,0.0754,0.0048
5490,148.003,0.0752,0.0039
5491,148.034,0.0752,0.0032
5492,148.060,0.0751,0.0026
5493,148.089,0.0750,0.0019
5494,148.119,0.0749,-0.0736
5495,148.145,0.0749,-0.0736
5496,148.176,0.0749,-0.0732
5497,148.201,0.0750,-0.0729
5498,148.225,0.0750,-0.0726
5499,148.252,0.0751,0.0263
5500,148.274,0.0750,0.0257
5501,148.300,0.0749,0.0248
5502,148.324,0.0748,0.0239
5503,148.350,0.0746,0.0230
5504,148.382,0.0745,-0.0875
5505,148.406,0.0745,-0.0875
5506,148.431,0.0746,-0.0870
5507,148.458,0.0747,-0.0865
5508,148.482,0.0747,-0.0860
5509,148.515,0.0748,-0.0069
5510,148.540,0.0748,-0.0072
5511,148.567,0.0747,-0.0077
5512,148.591,0.0746,-0.0082
5513,148.615,0.0746,-0.0086
5514,148.648,0.0745,-0.0163
5515,148.674,0.0744,-0.0167
5516,148.700,0.0744,-0.0171
5517,148.731,0.0743,-0.0175
5518,148.755,0.0743,-0.0178
5519,148.789,0.0742,0.0878
5520,148.814,0.0740,0.0864
5521,148.839,0.0738,0.0848
5522,148.863,0.0736,0.0833
5523,148.887,0.0734,0.0818
5524,148.916,0.0730,-0.0204
5525,148.940,0.0731,-0.0595
5526,148.966,0.0731,-0.0593
5527,148.992,0.0731,-0.0592
5528,149.017,0.0731,-0.0590
5529,149.046,0.0733,-0.0261
5530,149.072,0.0732,0.0947
5531,149.096,0.0729,0.0931
5532,149.122,0.0727,0.0915
5533,149.147,0.0725,0.0899
5534,149.188,0.0722,0.1036
5535,149.212,0.0720,0.1020
5536,149.235,0.0718,0.1003
5537,149.263,0.0715,0.0986
5538,149.286,0.0713,0.0970
5539,149.322,0.0711,0.0504
5540,149.348,0.0709,0.0491
5541,149.373,0.0707,0.0481
5542,149.398,0.0706,0.0470
5543,149.422,0.0704,0.0460
5544,149.454,0.0703,0.0599
5545,149.481,0.0701,0.0588
5546,149.503,0.0700,0.0577
5547,149.531,0.0698,0.0566
5548,149.556,0.0696,0.0556
5549,149.587,0.0695,-0.0503
5550,149.614,0.0694,-0.0506
5551,149.637,0.0695,-0.0504
5552,149.667,0.0695,-0.0503
5553,149.693,0.0695,-0.0502
5554,149.726,0.0695,-0.0573
5555,149.755,0.0695,-0.0571
5556,149.779,0.0696,-0.0569
5557,149.810,0.0696,-0.0567
5558,149.834,0.0696,-0.0565
5559,149.867,0.0696,-0.0220
5560,149.894,0.0696,-0.0221
5561,149.917,0.0696,-0.0223
5562,149.944,0.0696,-0.0225
5563,149.969,0.0695,-0.0227
5564,150.001,0.0695,0.0110
5565,150.027,0.0694,0.0105
5566,150.052,0.0694,0.0098
5567,150.078,0.0693,0.0092
5568,150.101,0.0692,0.0086
5569,150.135,0.0691,-0.0212
5570,150.162,0.0691,-0.0216
5571,150.186,0.0690,-0.0218
5572,150.213,0.0690,-0.0220
5573,150.240,0.0690,-0.0222
5574,150.263,0.0690,0.0504
5575,150.286,0.0689,0.0497
5576,150.309,0.0687,0.0487
5577,150.335,0.0686,0.0477
5578,150.359,0.0684,0.0468
5579,150.386,0.0683,-0.0817
5580,150.414,0.0683,-0.0817
5581,150.439,0.0683,-0.0812
5582,150.469,0.0684,-0.0807
5583,150.502,0.0685,-0.0802
5584,150.528,0.0685,-0.0755
5585,150.553,0.0686,-0.0750
5586,150.577,0.0687,-0.0746
5587,150.604,0.0687,-0.0741
5588,150.632,0.0688,-0.0737
5589,150.657,0.0688,-0.0128
5590,150.686,0.0688,-0.0129
5591,150.709,0.0688,-0.0132
5592,150.732,0.0688,-0.0135
5593,150.758,0.0687,-0.0138
5594,150.782,0.0687,-0.0488
5595,150.809,0.0687,-0.0488
5596,150.834,0.0687,-0.0487
5597,150.859,0.0687,-0.0486
5598,150.887,0.0687,-0.0484
5599,150.911,0.0687,0.0022
5600,150.938,0.0687,0.0019
5601,150.962,0.0686,0.0014
5602,150.987,0.0686,0.0009
5603,151.011,0.0685,0.0004
5604,151.036,0.0684,-0.0582
5605,151.064,0.0684,-0.0581
5606,151.095,0.0685,-0.0579
5607,151.116,0.0685,-0.0576
5608,151.146,0.0685,-0.0574
5609,151.175,0.0686,0.1644
5610,151.202,0.0684,0.1633
5611,151.225,0.0681,0.1611
5612,151.251,0.0677,0.1590
5613,151.280,0.0674,0.1569
5614,151.304,0.0671,-0.0671
5615,151.333,0.0670,-0.0677
5616,151.359,0.0670,-0.0673
5617,151.382,0.0671,-0.0669
5618,151.407,0.0671,-0.0666
5619,151.434,0.0672,0.0304
5620,151.458,0.0671,0.0299
5621,151.481,0.0670,0.0291
5622,151.504,0.0669,0.0284
5623,151.534,0.0668,0.0276
5624,151.565,0.0667,-0.0161
5625,151.593,0.0667,-0.0166
5626,151.622,0.0666,-0.0168
5627,151.648,0.0666,-0.0170
5628,151.676,0.0666,-0.0173
5629,151.705,0.0665,0.0459
5630,151.731,0.0664,0.0452
5631,151.760,0.0663,0.0442
5632,151.786,0.0662,0.0433
5633,151.814,0.0660,0.0423
5634,151.842,0.0659,0.0209
5635,151.867,0.0658,0.0201
5636,151.899,0.0657,0.0195
5637,151.926,0.0656,0.0189
5638,151.953,0.0655,0.0183
5639,151.981,0.0654,-0.0880
5640,152.005,0.0655,-0.0877
5641,152.030,0.0656,-0.0871
5642,152.057,0.0656,-0.0864
5643,152.084,0.0657,-0.0858
5644,152.110,0.0658,-0.0890
5645,152.136,0.0659,-0.0884
5646,152.167,0.0660,-0.0877
5647,152.191,0.0661,-0.0870
5648,152.220,0.0662,-0.0864
5649,152.246,0.0665,0.1175
5650,152.270,0.0662,0.1320
5651,152.298,0.0659,0.1303
5652,152.325,0.0656,0.1285
5653,152.353,0.0654,0.1268
5654,152.381,0.0651,-0.0487
5655,152.404,0.0650,-0.0492
5656,152.429,0.0650,-0.0490
5657,152.454,0.0651,-0.0488
5658,152.483,0.0651,-0.0486
5659,152.512,0.0651,-0.0603
5660,152.537,0.0651,-0.0600
5661,152.562,0.0652,-0.0597
5662,152.587,0.0652,-0.0594
5663,152.613,0.0653,-0.0591
5664,152.641,0.0653,-0.0493
5665,152.669,0.0654,-0.0491
5666,152.698,0.0654,-0.0489
5667,152.727,0.0654,-0.0487
5668,152.749,0.0654,-0.0485
5669,152.776,0.0655,-0.0060
5670,152.798,0.0654,-0.0062
5671,152.824,0.0654,-0.0066
5672,152.851,0.0653,-0.0069
5673,152.876,0.0653,-0.0072
5674,152.906,0.0652,0.1354
5675,152.931,0.0650,0.1338
5676,152.959,0.0648,0.1318
5677,152.985,0.0645,0.1298
5678,153.009,0.0642,0.1278
5679,153.040,0.0640,0.0036
5680,153.066,0.0638,0.0028
5681,153.091,0.0638,0.0024
5682,153.115,0.0637,0.0020
5683,153.138,0.0637,0.0016
5684,153.172,0.0636,-0.0541
5685,153.196,0.0636,-0.0539
5686,153.222,0.0637,-0.0537
5687,153.248,0.0637,-0.0534
5688,153.273,0.0638,-0.0532
5689,153.299,0.0638,-0.0471
5690,153.326,0.0638,0.1400
5691,153.354,0.0635,0.1383
5692,153.382,0.0633,0.1365
5693,153.404,0.0630,0.1347
5694,153.431,0.0627,0.0881
5695,153.455,0.0625,0.0534
5696,153.481,0.0623,0.0524
5697,153.508,0.0622,0.0514
5698,153.530,0.0621,0.0504
5699,153.569,0.0619,0.0604
5700,153.593,0.0618,0.0594
5701,153.618,0.0616,0.0583
5702,153.645,0.0615,0.0572
5703,153.667,0.0614,0.0562
5704,153.703,0.0612,-0.1354
5705,153.730,0.0613,-0.1349
5706,153.757,0.0615,-0.1336
5707,153.785,0.0616,-0.1323
5708,153.813,0.0618,-0.1311
5709,153.858,0.0623,0.1580
5710,153.889,0.0619,0.1654
5711,153.913,0.0615,0.1632
5712,153.940,0.0612,0.1610
5713,153.963,0.0609,0.1589
5714,153.998,0.0606,0.0237
5715,154.023,0.0605,0.0228
5716,154.047,0.0604,0.0222
5717,154.074,0.0603,0.0216
5718,154.099,0.0602,0.0210
5719,154.134,0.0601,-0.0346
5720,154.160,0.0601,-0.0347
5721,154.183,0.0601,-0.0347
5722,154.209,0.0601,-0.0346
5723,154.232,0.0601,-0.0345
5724,154.261,0.0603,0.1672
5725,154.286,0.0600,0.1695
5726,154.311,0.0600,0.1675
5727,154.338,0.0600,0.1655
5728,154.363,0.0600,0.1635
5729,154.396,0.0599,-0.0374
5730,154.422,0.0600,-0.0414
5731,154.446,0.0600,-0.0412
5732,154.469,0.0600,-0.0411
5733,154.493,0.0600,-0.0409
5734,154.521,0.0600,-0.0053
5735,154.546,0.0600,-0.0055
5736,154.569,0.0600,-0.0057
5737,154.595,0.0600,-0.0060
5738,154.619,0.0600,-0.0062
5739,154.645,0.0600,0.1475
5740,154.670,0.0600,0.1463
5741,154.697,0.0600,0.1445
5742,154.727,0.0600,0.1428
5743,154.756,0.0600,0.1411
5744,154.778,0.0600,0.0353
5745,154.804,0.0600,0.0342
5746,154.828,0.0600,0.0335
5747,154.852,0.0600,0.0329
5748,154.883,0.0600,0.0322
5749,154.909,0.0600,-0.0166
5750,154.935,0.0600,-0.0169
5751,154.958,0.0600,-0.0170
5752,154.980,0.0600,-0.0171
5753,155.005,0.0600,-0.0172
5754,155.030,0.0600,-0.1239
5755,155.056,0.0600,-0.1232
5756,155.082,0.0600,-0.1220
5757,155.109,0.0600,-0.1209
5758,155.139,0.0600,-0.1198
5759,155.165,0.0600,0.0185
5760,155.195,0.0600,0.0187
5761,155.223,0.0600,0.0182
5762,155.253,0.0600,0.0176
5763,155.281,0.0600,0.0171
5764,155.308,0.0600,-0.0374
5765,155.335,0.0600,-0.0375
5766,155.363,0.0600,-0.0374
5767,155.391,0.0600,-0.0372
5768,155.422,0.0600,-0.0371
5769,155.447,0.0600,-0.0041
5770,155.473,0.0600,-0.0043
5771,155.501,0.0600,-0.0045
5772,155.522,0.0600,-0.0048
5773,155.548,0.0600,-0.0050
5774,155.574,0.0600,-0.0819
5775,155.601,0.0600,-0.0815
5776,155.627,0.0600,-0.0809
5777,155.653,0.0600,-0.0803
5778,155.680,0.0600,-0.0796
5779,155.705,0.0600,-0.0606
5780,155.733,0.0600,-0.0601
5781,155.760,0.0600,-0.0597
5782,155.787,0.0600,-0.0593
5783,155.813,0.0600,-0.0589
5784,155.839,0.0600,0.0904
5785,155.863,0.0600,0.0897
5786,155.889,0.0600,0.0885
5787,155.914,0.0600,0.0873
5788,155.941,0.0600,0.0861
5789,155.970,0.0600,-0.0246
5790,156.001,0.0600,-0.0250
5791,156.028,0.0600,-0.0250
5792,156.051,0.0600,-0.0250
5793,156.082,0.0600,-0.0250
5794,156.108,0.0600,-0.0228
5795,156.132,0.0600,-0.0228
5796,156.159,0.0600,-0.0228
5797,156.188,0.0600,-0.0229
5798,156.220,0.0600,-0.0229
5799,156.243,0.0600,-0.0403
5800,156.269,0.0600,-0.0402
5801,156.296,0.0600,-0.0400
5802,156.316,0.0600,-0.0398
5803,156.342,0.0600,-0.0397
5804,156.367,0.0600,-0.0218
5805,156.400,0.0600,-0.0217
5806,156.427,0.0600,-0.0218
5807,156.452,0.0600,-0.0218
5808,156.479,0.0600,-0.0218
5809,156.505,0.0600,0.0779
5810,156.530,0.0600,0.0771
5811,156.558,0.0600,0.0760
5812,156.581,0.0600,0.0748
5813,156.609,0.0600,0.0737
5814,156.636,0.0600,-0.1050
5815,156.659,0.0600,-0.1047
5816,156.687,0.0600,-0.1038
5817,156.711,0.0600,-0.1029
5818,156.740,0.0600,-0.1019
5819,156.768,0.0600,-0.0004
5820,156.790,0.0600,-0.0002
5821,156.817,0.0600,-0.0005
5822,156.840,0.0600,-0.0008
5823,156.862,0.0600,-0.0010
5824,156.889,0.0600,-0.0033
5825,156.911,0.0600,-0.0036
5826,156.939,0.0600,-0.0038
5827,156.963,0.0600,-0.0041
5828,156.989,0.0600,-0.0043
5829,157.017,0.0600,-0.0467
5830,157.042,0.0600,-0.0466
5831,157.069,0.0600,-0.0463
5832,157.096,0.0600,-0.0461
5833,157.120,0.0600,-0.0458
5834,157.146,0.0600,-0.0369
5835,157.169,0.0600,-0.0367
5836,157.194,0.0600,-0.0365
5837,157.223,0.0600,-0.0364
5838,157.242,0.0600,-0.0363
5839,157.273,0.0600,0.0078
5840,157.299,0.0600,0.0076
5841,157.324,0.0600,0.0072
5842,157.350,0.0600,0.0068
5843,157.374,0.0600,0.0065
5844,157.405,0.0600,-0.0754
5845,157.428,0.0600,-0.0749
5846,157.454,0.0600,-0.0743
5847,157.479,0.0600,-0.0738
5848,157.506,0.0600,-0.0732
5849,157.539,0.0600,-0.0316
5850,157.564,0.0600,-0.0314
5851,157.591,0.0600,-0.0313
5852,157.617,0.0600,-0.0312
5853,157.642,0.0600,-0.0311
5854,157.669,0.0600,-0.0335
5855,157.694,0.0600,-0.0553
5856,157.721,0.0600,-0.0549
5857,157.750,0.0600,-0.0546
5858,157.775,0.0600,-0.0542
5859,157.804,0.0600,-0.0113
5860,157.828,0.0600,0.0379
5861,157.854,0.0600,0.0372
5862,157.887,0.0600,0.0364
5863,157.914,0.0600,0.0357
5864,157.955,0.0600,0.0032
5865,157.981,0.0600,0.0028
5866,158.009,0.0600,0.0025
5867,158.038,0.0600,0.0022
5868,158.061,0.0600,0.0019
5869,158.103,0.0600,0.0581
5870,158.128,0.0600,0.0574
5871,158.154,0.0600,0.0565
5872,158.184,0.0600,0.0557
5873,158.207,0.0600,0.0548
5874,158.247,0.0600,0.0005
5875,158.275,0.0600,0.0000
5876,158.299,0.0600,-0.0002
5877,158.325,0.0600,-0.0005
5878,158.348,0.0600,-0.0008
5879,158.386,0.0600,0.1202
5880,158.416,0.0600,0.1192
5881,158.436,0.0600,0.1176
5882,158.464,0.0600,0.1160
5883,158.489,0.0600,0.1145
5884,158.522,0.0600,0.0407
5885,158.550,0.0600,0.0398
5886,158.575,0.0600,0.0391
5887,158.600,0.0600,0.0384
5888,158.623,0.0600,0.0377
5889,158.656,0.0600,0.0026
5890,158.686,0.0600,0.0022
5891,158.716,0.0600,0.0019
5892,158.749,0.0600,0.0016
5893,158.775,0.0600,0.0013
5894,158.810,0.0600,-0.0036
5895,158.841,0.0600,-0.0038
5896,158.864,0.0600,-0.0040
5897,158.894,0.0600,-0.0042
5898,158.923,0.0600,-0.0044
5899,158.952,0.0600,-0.0789
5900,158.982,0.0600,-0.0785
5901,159.009,0.0600,-0.0779
5902,159.039,0.0600,-0.0772
5903,159.067,0.0600,-0.0766
5904,159.094,0.0600,-0.0080
5905,159.122,0.0600,-0.0079
5906,159.145,0.0600,-0.0081
5907,159.171,0.0600,-0.0083
5908,159.197,0.0600,-0.0084
5909,159.225,0.0600,-0.0094
5910,159.254,0.0600,-0.0095
5911,159.279,0.0600,-0.0097
5912,159.305,0.0600,-0.0098
5913,159.332,0.0600,-0.0099
5914,159.363,0.0600,0.0083
5915,159.393,0.0600,0.0080
5916,159.418,0.0600,0.0077
5917,159.446,0.0600,0.0073
5918,159.474,0.0600,0.0070
5919,159.500,0.0600,0.0679
5920,159.531,0.0600,0.0671
5921,159.554,0.0600,0.0661
5922,159.584,0.0600,0.0651
5923,159.615,0.0600,0.0641
5924,159.638,0.0600,0.0189
5925,159.667,0.0600,0.0183
5926,159.692,0.0600,0.0179
5927,159.721,0.0600,0.0174
5928,159.748,0.0600,0.0170
5929,159.772,0.0600,-0.0247
5930,159.800,0.0600,-0.0248
5931,159.828,0.0600,-0.0247
5932,159.851,0.0600,-0.0247
5933,159.878,0.0600,-0.0247
5934,159.903,0.0600,0.0337
5935,159.931,0.0600,0.0333
5936,159.955,0.0600,0.0327
5937,159.981,0.0600,0.0321
5938,160.013,0.0600,0.0315
5939,160.045,0.0600,0.0648
5940,160.071,0.0600,0.0640
5941,160.095,0.0600,0.0630
5942,160.119,0.0600,0.0621
5943,160.145,0.0600,0.0611
5944,160.168,0.0600,-0.1487
5945,160.194,0.0600,-0.1482
5946,160.218,0.0600,-0.1468
5947,160.246,0.0600,-0.1455
5948,160.275,0.0600,-0.1441
5949,160.298,0.0600,-0.2364
5950,160.322,0.0600,-0.2345
5951,160.349,0.0600,-0.2321
5952,160.372,0.0600,-0.2297
5953,160.398,0.0600,-0.2273
5954,160.423,0.0600,-0.2283
5955,160.449,0.0600,-0.2259
5956,160.478,0.0600,-0.2236
5957,160.502,0.0600,-0.2212
5958,160.531,0.0600,-0.2189
5959,160.555,0.0600,-0.4405
5960,160.579,0.0600,-0.4365
5961,160.607,0.0600,-0.4316
5962,160.631,0.0600,-0.4268
5963,160.656,0.0600,-0.4220
5964,160.681,0.0600,-0.2933
5965,160.705,0.0600,-0.2896
5966,160.731,0.0600,-0.2865
5967,160.756,0.0600,-0.2835
5968,160.782,0.0600,-0.2805
5969,160.812,0.0600,-0.4590
5970,160.833,0.0600,-0.4546
5971,160.861,0.0600,-0.4494
5972,160.887,0.0600,-0.4444
5973,160.913,0.0600,-0.4394
5974,160.944,0.0600,-0.4519
5975,160.971,0.0600,-0.4470
5976,160.997,0.0600,-0.4420
5977,161.023,0.0600,-0.4370
5978,161.049,0.0600,-0.4322
5979,161.075,0.0600,-0.5043
5980,161.100,0.0600,-0.4987
5981,161.128,0.0600,-0.4929
5982,161.153,0.0600,-0.4872
5983,161.179,0.0600,-0.4815
5984,161.206,0.0600,-0.5727
5985,161.228,0.0600,-0.5664
5986,161.254,0.0600,-0.5597
5987,161.279,0.0600,-0.5531
5988,161.304,0.0600,-0.5466
5989,161.331,0.0600,-0.6451
5990,161.354,0.0600,-0.6377
5991,161.381,0.0600,-0.6299
5992,161.404,0.0600,-0.6223
5993,161.432,0.0600,-0.6147
5994,161.461,0.0600,-0.8016
5995,161.484,0.0600,-0.7921
5996,161.512,0.0600,-0.7819
5997,161.538,0.0600,-0.7718
5998,161.567,0.0600,-0.7619
5999,161.595,0.0600,-0.6032
6000,161.620,0.0600,-0.5955
6001,161.647,0.0605,-0.5885
6002,161.670,0.0611,-0.5817
6003,161.697,0.0617,-0.5749
6004,161.729,0.0605,-0.6192
6005,161.755,0.0611,-0.6121
6006,161.782,0.0617,-0.6050
6007,161.809,0.0623,-0.5979
6008,161.835,0.0630,-0.5910
6009,161.870,0.0600,-0.5312
6010,161.894,0.0600,-0.5250
6011,161.920,0.0600,-0.5191
6012,161.949,0.0605,-0.5132
6013,161.970,0.0610,-0.5074
6014,162.002,0.0600,-0.5953
6015,162.026,0.0600,-0.5885
6016,162.055,0.0600,-0.5816
6017,162.080,0.0600,-0.5748
6018,162.105,0.0601,-0.5680
6019,162.134,0.0618,-0.4424
6020,162.159,0.0600,-0.1431
6021,162.187,0.0600,-0.1418
6022,162.215,0.0600,-0.1407
6023,162.243,0.0600,-0.1395
6024,162.274,0.0594,-0.2220
6025,162.302,0.0600,-0.4053
6026,162.330,0.0600,-0.4006
6027,162.359,0.0600,-0.3959
6028,162.386,0.0600,-0.3913
6029,162.427,0.0600,-0.3610
6030,162.454,0.0600,-0.3569
6031,162.478,0.0600,-0.3529
6032,162.507,0.0600,-0.3490
6033,162.533,0.0600,-0.3451
6034,162.572,0.0600,-0.3121
6035,162.599,0.0600,-0.3086
6036,162.629,0.0600,-0.3053
6037,162.658,0.0600,-0.3020
6038,162.682,0.0600,-0.2988
6039,162.718,0.0600,-0.1686
6040,162.744,0.0600,-0.1666
6041,162.771,0.0600,-0.1651
6042,162.800,0.0600,-0.1636
6043,162.823,0.0600,-0.1621
6044,162.860,0.0600,-0.1647
6045,162.887,0.0600,-0.1633
6046,162.910,0.0600,-0.1619
6047,162.936,0.0600,-0.1604
6048,162.961,0.0600,-0.1590
6049,162.994,0.0600,-0.1594
6050,163.023,0.0600,-0.1580
6051,163.045,0.0600,-0.1566
6052,163.073,0.0600,-0.1553
6053,163.098,0.0600,-0.1540
6054,163.134,0.0600,-0.1260
6055,163.161,0.0600,-0.1250
6056,163.186,0.0600,-0.1240
6057,163.216,0.0600,-0.1230
6058,163.243,0.0600,-0.1221
6059,163.276,0.0600,-0.1004
6060,163.304,0.0600,-0.0997
6061,163.328,0.0600,-0.0991
6062,163.354,0.0600,-0.0984
6063,163.382,0.0600,-0.0978
6064,163.412,0.0600,-0.0535
6065,163.442,0.0600,-0.0532
6066,163.466,0.0600,-0.0530
6067,163.494,0.0600,-0.0528
6068,163.521,0.0600,-0.0527
6069,163.551,0.0600,0.0212
6070,163.580,0.0600,0.0209
6071,163.606,0.0600,0.0204
6072,163.631,0.0600,0.0199
6073,163.660,0.0600,0.0193
6074,163.688,0.0600,-0.0644
6075,163.717,0.0600,-0.0643
6076,163.740,0.0600,-0.0640
6077,163.766,0.0600,-0.0637
6078,163.789,0.0600,-0.0634
6079,163.816,0.0600,0.0269
6080,163.843,0.0600,0.0267
6081,163.870,0.0600,0.0261
6082,163.893,0.0600,0.0256
6083,163.919,0.0600,0.0250
6084,163.943,0.0600,0.1272
6085,163.969,0.0600,0.1262
6086,163.993,0.0600,0.1248
6087,164.019,0.0600,0.1235
6088,164.041,0.0600,0.1222
6089,164.066,0.0600,0.2004
6090,164.091,0.0600,0.1987
6091,164.118,0.0600,0.1968
6092,164.141,0.0600,0.1949
6093,164.168,0.0600,0.1930
6094,164.193,0.0600,0.2155
6095,164.221,0.0600,0.2135
6096,164.249,0.0600,0.2116
6097,164.272,0.0600,0.2096
6098,164.299,0.0600,0.2077
6099,164.323,0.0600,0.4076
6100,164.350,0.0600,0.4051
6101,164.376,0.0600,0.4020
6102,164.402,0.0600,0.3990
6103,164.431,0.0600,0.3960
6104,164.456,0.0600,0.3750
6105,164.480,0.0600,0.3722
6106,164.508,0.0600,0.3695
6107,164.531,0.0600,0.3668
6108,164.557,0.0600,0.3641
6109,164.582,0.0600,0.3765
6110,164.609,0.0600,0.3739
6111,164.636,0.0600,0.3713
6112,164.658,0.0600,0.3687
6113,164.681,0.0600,0.3661
6114,164.707,0.0600,0.5286
6115,164.729,0.0600,0.5259
6116,164.754,0.0600,0.5229
6117,164.776,0.0600,0.5199
6118,164.801,0.0600,0.5169
6119,164.827,0.0600,0.4468
6120,164.852,0.0600,0.4439
6121,164.877,0.0600,0.4412
6122,164.898,0.0600,0.4384
6123,164.922,0.0600,0.4357
6124,164.947,0.0600,0.5317
6125,164.974,0.0600,0.5290
6126,165.000,0.0600,0.5261
6127,165.025,0.0600,0.5232
6128,165.054,0.0600,0.5204
6129,165.079,0.0594,0.1681
6130,165.105,0.0600,0.1569
6131,165.131,0.0600,0.1560
6132,165.155,0.0600,0.1552
6133,165.182,0.0600,0.1543
6134,165.212,0.0600,0.2187
6135,165.236,0.0600,0.2178
6136,165.266,0.0600,0.2168
6137,165.290,0.0600,0.2158
6138,165.315,0.0600,0.2148
6139,165.344,0.0600,0.1502
6140,165.364,0.0600,0.1494
6141,165.389,0.0600,0.1486
6142,165.411,0.0600,0.1478
6143,165.434,0.0600,0.1470
6144,165.460,0.0620,0.5302
6145,165.484,0.0600,0.6385
6146,165.512,0.0600,0.6359
6147,165.535,0.0600,0.6334
6148,165.564,0.0600,0.6309
6149,165.590,0.0600,0.6090
6150,165.613,0.0600,0.6066
6151,165.641,0.0600,0.6042
6152,165.666,0.0600,0.6018
6153,165.693,0.0600,0.5994
6154,165.720,0.0600,0.7306
6155,165.743,0.0600,0.7285
6156,165.771,0.0600,0.7262
6157,165.795,0.0600,0.7239
6158,165.821,0.0600,0.7216
6159,165.849,0.0597,0.4109
6160,165.870,0.0600,0.4065
6161,165.896,0.0600,0.4052
6162,165.925,0.0600,0.4040
6163,165.948,0.0600,0.4028
6164,165.975,0.0600,0.4820
6165,166.001,0.0600,0.4809
6166,166.028,0.0600,0.4797
6167,166.055,0.0600,0.4786
6168,166.080,0.0600,0.4775
6169,166.114,0.0600,0.5941
6170,166.140,0.0600,0.5929
6171,166.165,0.0600,0.5917
6172,166.194,0.0600,0.5905
6173,166.220,0.0600,0.5892
6174,166.250,0.0600,0.6150
6175,166.273,0.0600,0.6137
6176,166.295,0.0600,0.6124
6177,166.322,0.0600,0.6112
6178,166.345,0.0600,0.6099
6179,166.380,0.0600,0.6362
6180,166.407,0.0600,0.6354
6181,166.436,0.0600,0.6346
6182,166.468,0.0600,0.6337
6183,166.494,0.0600,0.6329
6184,166.523,0.0600,0.6831
6185,166.550,0.0600,0.7218
6186,166.579,0.0600,0.7210
6187,166.609,0.0600,0.7202
6188,166.636,0.0600,0.7195
6189,166.668,0.0600,0.7539
6190,166.697,0.0600,0.7917
6191,166.728,0.0600,0.7914
6192,166.757,0.0600,0.7910
6193,166.779,0.0600,0.7907
6194,166.816,0.0601,0.9728
6195,166.842,0.0600,0.9740
6196,166.866,0.0600,0.9740
6197,166.892,0.0600,0.9740
6198,166.915,0.0600,0.9740
6199,166.951,0.0600,1.1757
6200,166.977,0.0600,1.1757
6201,167.003,0.0600,1.1757
6202,167.032,0.0600,1.1757
6203,167.055,0.0600,1.1757
6204,167.092,0.0600,1.1070
6205,167.122,0.0600,1.1070
6206,167.144,0.0600,1.1070
6207,167.173,0.0600,1.1070
6208,167.199,0.0600,1.1070
6209,167.236,0.0600,1.1430
6210,167.265,0.0600,1.1430
6211,167.294,0.0600,1.1430
6212,167.323,0.0600,1.1430
6213,167.347,0.0600,1.1430
6214,167.381,0.0609,1.5346
6215,167.410,0.0600,1.5884
6216,167.433,0.0600,1.5884
6217,167.458,0.0600,1.5884
6218,167.485,0.0600,1.5884
6219,167.516,0.0600,1.8200
6220,167.542,0.0600,1.8200
6221,167.568,0.0600,1.8200
6222,167.596,0.0600,1.8200
6223,167.619,0.0600,1.8200
6224,167.652,0.0600,1.8200
6225,167.679,0.0600,1.8200
6226,167.703,0.0600,1.8200
6227,167.731,0.0600,1.8200
6228,167.755,0.0600,1.8200
6229,167.786,0.0600,1.8200
6230,167.813,0.0600,1.8200
6231,167.838,0.0600,1.8200
6232,167.861,0.0600,1.8200
6233,167.890,0.0600,1.8200
6234,167.913,0.0600,1.8200
6235,167.941,0.0600,1.8200
6236,167.965,0.0600,1.8200
6237,167.991,0.0600,1.8200
6238,168.016,0.0600,1.8200
6239,168.045,0.0600,1.8200
6240,168.075,0.0600,1.8200
6241,168.100,0.0600,1.8200
6242,168.126,0.0600,1.8200
6243,168.155,0.0600,1.8200
6244,168.179,0.0685,1.8200
6245,168.203,0.0885,1.8200
6246,168.228,0.0973,1.8200
6247,168.254,0.1003,1.8200
6248,168.278,0.1032,1.8200
6249,168.309,0.1061,1.8200
6250,168.334,0.1090,1.8200
6251,168.360,0.1120,1.8200
6252,168.385,0.1149,1.8200
6253,168.413,0.1178,1.8200
6254,168.436,0.1207,1.8200
6255,168.461,0.1236,1.8200
6256,168.486,0.1265,1.8200
6257,168.516,0.1294,1.8200
6258,168.546,0.1323,1.8200
6259,168.568,0.1352,1.8200
6260,168.595,0.1381,1.8200
6261,168.622,0.1410,1.8200
6262,168.645,0.1439,1.8200
6263,168.673,0.1467,1.8200
6264,168.698,0.1447,1.3965
6265,168.723,0.1522,1.0787
6266,168.745,0.1538,1.0783
6267,168.769,0.1555,1.0778
6268,168.797,0.1571,1.0774
6269,168.820,0.1542,0.6534
6270,168.845,0.1600,0.2542
6271,168.873,0.1603,0.2538
6272,168.893,0.1606,0.2535
6273,168.918,0.1609,0.2531
6274,168.945,0.1612,0.1744
6275,168.971,0.1614,0.1740
6276,169.002,0.1615,0.1737
6277,169.026,0.1617,0.1735
6278,169.054,0.1618,0.1732
6279,169.079,0.1620,0.2626
6280,169.103,0.1622,0.2619
6281,169.130,0.1625,0.2612
6282,169.154,0.1628,0.2605
6283,169.180,0.1631,0.2597
6284,169.203,0.1634,0.2591
6285,169.227,0.1637,0.2581
6286,169.253,0.1640,0.2571
6287,169.276,0.1643,0.2562
6288,169.302,0.1646,0.2552
6289,169.336,0.1649,0.2509
6290,169.361,0.1652,0.2499
6291,169.389,0.1654,0.2488
6292,169.413,0.1657,0.2477
6293,169.440,0.1660,0.2467
6294,169.465,0.1664,0.4082
6295,169.491,0.1667,0.4115
6296,169.516,0.1672,0.4087
6297,169.541,0.1677,0.4060
6298,169.568,0.1683,0.4033
6299,169.594,0.1688,0.2415
6300,169.617,0.1691,0.2396
6301,169.643,0.1694,0.2382
6302,169.665,0.1697,0.2369
6303,169.690,0.1699,0.2355
6304,169.718,0.1702,0.2433
6305,169.742,0.1704,0.2418
6306,169.769,0.1707,0.2404
6307,169.794,0.1709,0.2389
6308,169.819,0.1712,0.2374
6309,169.848,0.1715,0.1844
6310,169.873,0.1716,0.1834
6311,169.900,0.1718,0.1825
6312,169.925,0.1720,0.1816
6313,169.951,0.1721,0.1807
6314,169.979,0.1723,0.2930
6315,170.002,0.1726,0.2913
6316,170.030,0.1729,0.2892
6317,170.056,0.1732,0.2871
6318,170.086,0.1736,0.2850
6319,170.118,0.1739,0.2138
6320,170.143,0.1741,0.2121
6321,170.174,0.1744,0.2107
6322,170.201,0.1746,0.2094
6323,170.226,0.1748,0.2080
6324,170.254,0.1750,0.2513
6325,170.279,0.1752,0.2496
6326,170.311,0.1755,0.2478
6327,170.338,0.1758,0.2460
6328,170.367,0.1760,0.2443
6329,170.398,0.1763,0.2790
6330,170.423,0.1766,0.2768
6331,170.451,0.1769,0.2745
6332,170.476,0.1772,0.2722
6333,170.502,0.1775,0.2700
6334,170.535,0.1778,0.2571
6335,170.559,0.1781,0.2548
6336,170.585,0.1784,0.2526
6337,170.615,0.1787,0.2503
6338,170.634,0.1790,0.2482
6339,170.662,0.1792,0.2900
6340,170.685,0.1795,0.2872
6341,170.709,0.1799,0.2844
6342,170.734,0.1802,0.2816
6343,170.761,0.1805,0.2788
6344,170.793,0.1809,0.3435
6345,170.818,0.1813,0.3399
6346,170.841,0.1817,0.3363
6347,170.872,0.1821,0.3328
6348,170.896,0.1825,0.3293
6349,170.925,0.1827,0.3087
6350,170.949,0.1833,0.1058
6351,170.976,0.1833,0.1055
6352,171.002,0.1834,0.1053
6353,171.027,0.1834,0.1050
6354,171.056,0.1836,0.1357
6355,171.080,0.1835,0.2429
6356,171.107,0.1837,0.2405
6357,171.132,0.1840,0.2382
6358,171.157,0.1842,0.2359
6359,171.195,0.1845,0.2891
6360,171.226,0.1848,0.2863
6361,171.246,0.1851,0.2834
6362,171.274,0.1855,0.2804
6363,171.297,0.1858,0.2775
6364,171.342,0.1861,0.1926
6365,171.368,0.1863,0.1905
6366,171.395,0.1865,0.1889
6367,171.425,0.1867,0.1873
6368,171.448,0.1868,0.1857
6369,171.480,0.1870,0.2000
6370,171.512,0.1872,0.1983
6371,171.534,0.1874,0.1966
6372,171.560,0.1875,0.1949
6373,171.584,0.1877,0.1932
6374,171.616,0.1879,0.1719
6375,171.643,0.1880,0.1704
6376,171.665,0.1882,0.1691
6377,171.694,0.1883,0.1678
6378,171.718,0.1884,0.1665
6379,171.752,0.1886,0.1646
6380,171.780,0.1887,0.1633
6381,171.804,0.1888,0.1621
6382,171.830,0.1890,0.1609
6383,171.855,0.1891,0.1597
6384,171.885,0.1892,0.1413
6385,171.909,0.1893,0.1403
6386,171.933,0.1894,0.1394
6387,171.961,0.1895,0.1385
6388,171.985,0.1895,0.1376
6389,172.016,0.1896,0.2532
6390,172.048,0.1898,0.2510
6391,172.073,0.1901,0.2481
6392,172.100,0.1904,0.2453
6393,172.124,0.1906,0.2425
6394,172.153,0.1909,0.1927
6395,172.179,0.1911,0.1906
6396,172.203,0.1912,0.1888
6397,172.231,0.1914,0.1871
6398,172.257,0.1916,0.1853
6399,172.283,0.1917,0.1109
6400,172.312,0.1918,0.1101
6401,172.336,0.1918,0.1098
6402,172.366,0.1919,0.1094
6403,172.397,0.1919,0.1090
6404,172.424,0.1919,0.1834
6405,172.450,0.1921,0.1820
6406,172.473,0.1922,0.1803
6407,172.499,0.1924,0.1786
6408,172.527,0.1925,0.1769
6409,172.553,0.1927,0.1694
6410,172.580,0.1928,0.1679
6411,172.605,0.1929,0.1664
6412,172.634,0.1930,0.1650
6413,172.663,0.1932,0.1636
6414,172.685,0.1933,0.0366
6415,172.713,0.1933,0.0368
6416,172.738,0.1932,0.0378
6417,172.764,0.1931,0.0388
6418,172.791,0.1930,0.0398
6419,172.816,0.1929,0.0541
6420,172.842,0.1929,0.0549
6421,172.866,0.1928,0.0556
6422,172.894,0.1927,0.0563
6423,172.919,0.1927,0.0570
6424,172.948,0.1926,0.1430
6425,172.979,0.1926,0.1426
6426,173.003,0.1927,0.1417
6427,173.030,0.1928,0.1408
6428,173.058,0.1929,0.1400
6429,173.084,0.1930,0.0889
6430,173.112,0.1930,0.0886
6431,173.136,0.1930,0.0887
6432,173.164,0.1930,0.0888
6433,173.193,0.1930,0.0889
6434,173.218,0.1930,0.1216
6435,173.246,0.1930,0.1213
6436,173.270,0.1930,0.1208
6437,173.293,0.1931,0.1203
6438,173.319,0.1931,0.1198
6439,173.343,0.1932,0.0676
6440,173.370,0.1931,0.0678
6441,173.398,0.1931,0.0683
6442,173.420,0.1931,0.0688
6443,173.448,0.1930,0.0694
6444,173.471,0.1930,-0.0130
6445,173.500,0.1928,-0.0116
6446,173.531,0.1927,-0.0097
6447,173.557,0.1925,-0.0078
6448,173.587,0.1923,-0.0059
6449,173.618,0.1921,0.0755
6450,173.646,0.1921,0.0764
6451,173.675,0.1920,0.0769
6452,173.702,0.1920,0.0773
6453,173.732,0.1920,0.0776
6454,173.765,0.1919,0.1426
6455,173.790,0.1920,0.1421
6456,173.823,0.1920,0.1412
6457,173.847,0.1921,0.1404
6458,173.877,0.1922,0.1395
6459,173.906,0.1922,0.0333
6460,173.934,0.1922,0.0338
6461,173.959,0.1921,0.0351
6462,173.984,0.1920,0.0363
6463,174.010,0.1919,0.0375
6464,174.034,0.1918,0.0848
6465,174.057,0.1917,0.0853
6466,174.084,0.1917,0.0856
6467,174.109,0.1917,0.0859
6468,174.134,0.1917,0.0862
6469,174.159,0.1916,0.0050
6470,174.185,0.1915,0.0062
6471,174.212,0.1914,0.0080
6472,174.236,0.1912,0.0099
6473,174.261,0.1911,0.0117
6474,174.289,0.1909,0.1530
6475,174.313,0.1909,0.1529
6476,174.342,0.1910,0.1520
6477,174.366,0.1911,0.1511
6478,174.395,0.1912,0.1501
6479,174.423,0.1912,0.0418
6480,174.450,0.1912,0.0421
6481,174.478,0.1911,0.0433
6482,174.503,0.1910,0.0445
6483,174.530,0.1909,0.0457
6484,174.557,0.1908,0.1418
6485,174.581,0.1908,0.1418
6486,174.607,0.1909,0.1410
6487,174.631,0.1909,0.1403
6488,174.660,0.1910,0.1396
6489,174.689,0.1911,0.0440
6490,174.712,0.1910,0.0446
6491,174.742,0.1909,0.0457
6492,174.767,0.1908,0.0469
6493,174.793,0.1907,0.0481
6494,174.821,0.1906,0.1058
6495,174.844,0.1906,0.1061
6496,174.872,0.1906,0.1061
6497,174.896,0.1906,0.1062
6498,174.924,0.1906,0.1062
6499,174.958,0.1906,0.0388
6500,174.981,0.1905,0.0398
6501,175.008,0.1904,0.0411
6502,175.033,0.1903,0.0424
6503,175.058,0.1902,0.0437
6504,175.088,0.1901,0.0154
6505,175.112,0.1899,0.0172
6506,175.137,0.1898,0.0190
6507,175.168,0.1896,0.0208
6508,175.192,0.1895,0.0225
6509,175.225,0.1893,-0.0027
6510,175.250,0.1891,-0.0006
6511,175.278,0.1889,0.0015
6512,175.304,0.1888,0.0036
6513,175.329,0.1886,0.0056
6514,175.358,0.1884,0.0087
6515,175.382,0.1882,0.0113
6516,175.409,0.1881,0.0132
6517,175.437,0.1879,0.0151
6518,175.458,0.1877,0.0170
6519,175.486,0.1876,0.0346
6520,175.512,0.1874,0.0520
6521,175.538,0.1873,0.0532
6522,175.565,0.1872,0.0543
6523,175.590,0.1871,0.0554
6524,175.631,0.1870,-0.0179
6525,175.661,0.1869,-0.0159
6526,175.684,0.1866,-0.0136
6527,175.709,0.1864,-0.0113
6528,175.733,0.1862,-0.0090
6529,175.772,0.1860,-0.0101
6530,175.801,0.1858,-0.0078
6531,175.825,0.1856,-0.0054
6532,175.854,0.1854,-0.0031
6533,175.877,0.1852,-0.0008
6534,175.917,0.1850,-0.1182
6535,175.944,0.1846,-0.1144
6536,175.968,0.1843,-0.1101
6537,175.994,0.1839,-0.1059
6538,176.018,0.1835,-0.1018
6539,176.055,0.1831,-0.0422
6540,176.083,0.1828,-0.0389
6541,176.107,0.1826,-0.0360
6542,176.133,0.1823,-0.0331
6543,176.156,0.1821,-0.0303
6544,176.190,0.1818,0.0220
6545,176.216,0.1816,0.0242
6546,176.238,0.1814,0.0261
6547,176.264,0.1813,0.0279
6548,176.289,0.1811,0.0296
6549,176.322,0.1810,-0.0214
6550,176.348,0.1808,-0.0191
6551,176.373,0.1805,-0.0166
6552,176.401,0.1803,-0.0141
6553,176.424,0.1801,-0.0116
6554,176.457,0.1798,0.0649
6555,176.487,0.1797,0.0665
6556,176.509,0.1796,0.0676
6557,176.534,0.1795,0.0686
6558,176.562,0.1794,0.0697
6559,176.589,0.1793,0.0351
6560,176.614,0.1792,0.0365
6561,176.640,0.1790,0.0381
6562,176.668,0.1789,0.0398
6563,176.693,0.1787,0.0414
6564,176.725,0.1786,-0.0114
6565,176.752,0.1784,-0.0091
6566,176.777,0.1782,-0.0066
6567,176.803,0.1779,-0.0041
6568,176.829,0.1777,-0.0017
6569,176.853,0.1775,0.0420
6570,176.878,0.1773,0.0438
6571,176.906,0.1772,0.0454
6572,176.933,0.1771,0.0470
6573,176.963,0.1769,0.0485
6574,176.988,0.1768,-0.0402
6575,177.018,0.1766,-0.0377
6576,177.048,0.1763,-0.0348
6577,177.080,0.1760,-0.0319
6578,177.113,0.1757,-0.0291
6579,177.136,0.1755,-0.0200
6580,177.169,0.1752,-0.0172
6581,177.199,0.1750,-0.0146
6582,177.229,0.1747,-0.0120
6583,177.258,0.1745,-0.0094
6584,177.286,0.1743,-0.0333
6585,177.316,0.1740,-0.0305
6586,177.342,0.1737,-0.0276
6587,177.372,0.1735,-0.0248
6588,177.404,0.1732,-0.0220
6589,177.428,0.1729,0.0078
6590,177.455,0.1727,0.0102
6591,177.481,0.1725,0.0124
6592,177.508,0.1723,0.0146
6593,177.535,0.1721,0.0168
6594,177.562,0.1719,0.0144
6595,177.589,0.1717,0.0166
6596,177.619,0.1715,0.0187
6597,177.640,0.1713,0.0208
6598,177.670,0.1711,0.0229
6599,177.694,0.1710,0.0100
6600,177.718,0.1708,0.0120
6601,177.743,0.1705,0.0141
6602,177.769,0.1703,0.0162
6603,177.796,0.1701,0.0182
6604,177.823,0.1699,0.0150
6605,177.851,0.1697,0.0171
6606,177.875,0.1695,0.0192
6607,177.902,0.1694,0.0213
6608,177.930,0.1692,0.0233
6609,177.955,0.1690,0.0170
6610,177.980,0.1688,0.0190
6611,178.008,0.1686,0.0211
6612,178.032,0.1684,0.0231
6613,178.057,0.1682,0.0251
6614,178.083,0.1680,-0.0411
6615,178.108,0.1677,-0.0384
6616,178.136,0.1674,-0.0353
6617,178.161,0.1672,-0.0323
6618,178.188,0.1669,-0.0293
6619,178.213,0.1666,-0.0710
6620,178.236,0.1663,-0.0679
6621,178.262,0.1659,-0.0647
6622,178.285,0.1656,-0.0615
6623,178.310,0.1652,-0.0584
6624,178.341,0.1649,-0.0807
6625,178.362,0.1646,-0.0771
6626,178.389,0.1642,-0.0735
6627,178.415,0.1638,-0.0699
6628,178.441,0.1635,-0.0663
6629,178.466,0.1632,0.0649
6630,178.496,0.1629,0.0670
6631,178.522,0.1628,0.0683
6632,178.546,0.1627,0.0696
6633,178.572,0.1626,0.0708
6634,178.598,0.1625,-0.1148
6635,178.622,0.1622,-0.1118
6636,178.649,0.1617,-0.1078
6637,178.674,0.1613,-0.1039
6638,178.702,0.1609,-0.1000
6639,178.732,0.1605,-0.0759
6640,178.758,0.1601,-0.0723
6641,178.786,0.1598,-0.0688
6642,178.810,0.1594,-0.0654
6643,178.837,0.1591,-0.0621
6644,178.865,0.1587,-0.1169
6645,178.890,0.1583,-0.1129
6646,178.914,0.1579,-0.1087
6647,178.939,0.1575,-0.1045
6648,178.963,0.1571,-0.1004
6649,178.992,0.1567,0.0206
6650,179.015,0.1564,0.0232
6651,179.043,0.1562,0.0251
6652,179.068,0.1560,0.0270
6653,179.093,0.1558,0.0289
6654,179.124,0.1557,0.0124
6655,179.148,0.1555,0.0145
6656,179.177,0.1552,0.0166
6657,179.201,0.1550,0.0187
6658,179.227,0.1548,0.0207
6659,179.257,0.1546,-0.0062
6660,179.281,0.1544,-0.0040
6661,179.307,0.1541,-0.0016
6662,179.332,0.1539,0.0007
6663,179.357,0.1537,0.0030
6664,179.389,0.1534,0.0573
6665,179.412,0.1533,0.0588
6666,179.438,0.1531,0.0601
6667,179.462,0.1530,0.0614
6668,179.488,0.1529,0.0627
6669,179.519,0.1527,0.0309
6670,179.544,0.1525,0.0326
6671,179.570,0.1524,0.0345
6672,179.596,0.1522,0.0363
6673,179.620,0.1520,0.0380
6674,179.652,0.1518,0.0052
6675,179.677,0.1516,0.0073
6676,179.704,0.1514,0.0095
6677,179.732,0.1512,0.0117
6678,179.754,0.1509,0.0138
6679,179.782,0.1508,0.0341
6680,179.808,0.1505,0.0800
6681,179.833,0.1504,0.0811
6682,179.860,0.1503,0.0821
6683,179.885,0.1502,0.0831
6684,179.912,0.1501,0.0841
6685,179.936,0.1500,0.0058
6686,179.963,0.1498,0.0080
6687,179.987,0.1496,0.0102
6688,180.010,0.1493,0.0124
6689,180.048,0.1491,-0.0086
6690,180.073,0.1489,-0.0063
6691,180.099,0.1486,-0.0039
6692,180.126,0.1484,-0.0016
6693,180.150,0.1481,0.0007
6694,180.192,0.1479,0.0423
6695,180.217,0.1477,0.0442
6696,180.241,0.1475,0.0458
6697,180.270,0.1474,0.0474
6698,180.295,0.1472,0.0489
6699,180.330,0.1471,0.0149
6700,180.360,0.1469,0.0168
6701,180.380,0.1467,0.0188
6702,180.407,0.1465,0.0207
6703,180.433,0.1463,0.0226
6704,180.469,0.1461,-0.1104
6705,180.496,0.1457,-0.1070
6706,180.521,0.1453,-0.1031
6707,180.550,0.1449,-0.0993
6708,180.576,0.1445,-0.0955
6709,180.609,0.1441,0.0302
6710,180.635,0.1438,0.0325
6711,180.659,0.1436,0.0342
6712,180.689,0.1435,0.0359
6713,180.717,0.1433,0.0376
6714,180.753,0.1431,0.0212
6715,180.783,0.1429,0.0229
6716,180.813,0.1427,0.0248
6717,180.846,0.1425,0.0266
6718,180.873,0.1423,0.0283
6719,180.909,0.1422,-0.0348
6720,180.942,0.1419,-0.0324
6721,180.969,0.1416,-0.0297
6722,181.005,0.1413,-0.0270
6723,181.036,0.1410,-0.0244
6724,181.068,0.1408,-0.0767
6725,181.099,0.1404,-0.0737
6726,181.124,0.1401,-0.0704
6727,181.149,0.1397,-0.0672
6728,181.174,0.1394,-0.0640
6729,181.205,0.1391,0.0866
6730,181.233,0.1389,0.0881
6731,181.259,0.1388,0.0889
6732,181.289,0.1387,0.0897
6733,181.318,0.1386,0.0905
6734,181.353,0.1386,-0.0305
6735,181.381,0.1383,-0.0284
6736,181.408,0.1381,-0.0258
6737,181.436,0.1378,-0.0233
6738,181.467,0.1375,-0.0208
6739,181.492,0.1372,0.0232
6740,181.525,0.1370,0.0251
6741,181.551,0.1368,0.0268
6742,181.581,0.1367,0.0285
6743,181.609,0.1365,0.0302
6744,181.645,0.1363,0.0505
6745,181.678,0.1362,0.0519
6746,181.705,0.1360,0.0533
6747,181.733,0.1359,0.0546
6748,181.761,0.1357,0.0559
6749,181.787,0.1356,-0.0502
6750,181.818,0.1353,-0.0480
6751,181.843,0.1350,-0.0453
6752,181.872,0.1347,-0.0427
6753,181.903,0.1344,-0.0402
6754,181.929,0.1341,0.0986
6755,181.954,0.1340,0.0998
6756,181.981,0.1340,0.1003
6757,182.008,0.1339,0.1009
6758,182.036,0.1338,0.1014
6759,182.064,0.1338,-0.0613
6760,182.091,0.1335,-0.0591
6761,182.117,0.1332,-0.0561
6762,182.144,0.1329,-0.0532
6763,182.172,0.1326,-0.0503
6764,182.198,0.1323,0.0872
6765,182.228,0.1321,0.0887
6766,182.257,0.1320,0.0894
6767,182.281,0.1320,0.0901
6768,182.307,0.1319,0.0908
6769,182.333,0.1318,0.0368
6770,182.359,0.1317,0.0380
6771,182.388,0.1315,0.0395
6772,182.413,0.1314,0.0410
6773,182.439,0.1312,0.0424
6774,182.463,0.1311,-0.0359
6775,182.488,0.1308,-0.0338
6776,182.516,0.1306,-0.0312
6777,182.539,0.1303,-0.0287
6778,182.566,0.1300,-0.0262
6779,182.590,0.1298,0.0195
6780,182.614,0.1295,0.0214
6781,182.641,0.1294,0.0231
6782,182.667,0.1292,0.0247
6783,182.695,0.1290,0.0263
6784,182.720,0.1288,-0.0084
6785,182.742,0.1286,-0.0065
6786,182.768,0.1284,-0.0044
6787,182.793,0.1282,-0.0024
6788,182.819,0.1279,-0.0004
6789,182.848,0.1277,-0.0415
6790,182.872,0.1275,-0.0393
6791,182.900,0.1272,-0.0369
6792,182.929,0.1269,-0.0345
6793,182.960,0.1266,-0.0322
6794,182.987,0.1264,-0.0003
6795,183.014,0.1261,0.0017
6796,183.040,0.1259,0.0035
6797,183.063,0.1257,0.0054
6798,183.090,0.1255,0.0072
6799,183.119,0.1253,0.0337
6800,183.138,0.1251,0.0352
6801,183.162,0.1250,0.0365
6802,183.185,0.1248,0.0379
6803,183.210,0.1247,0.0392
6804,183.235,0.1246,-0.0647
6805,183.258,0.1243,-0.0625
6806,183.283,0.1240,-0.0599
6807,183.307,0.1237,-0.0572
6808,183.334,0.1234,-0.0547
6809,183.365,0.1231,-0.0119
6810,183.388,0.1228,-0.0098
6811,183.417,0.1226,-0.0080
6812,183.443,0.1224,-0.0061
6813,183.470,0.1222,-0.0043
6814,183.497,0.1220,0.0289
6815,183.521,0.1218,0.0304
6816,183.550,0.1216,0.0318
6817,183.574,0.1215,0.0331
6818,183.598,0.1213,0.0345
6819,183.626,0.1212,-0.0580
6820,183.651,0.1209,-0.0558
6821,183.676,0.1206,-0.0533
6822,183.702,0.1204,-0.0508
6823,183.727,0.1201,-0.0484
6824,183.757,0.1198,-0.0235
6825,183.778,0.1195,-0.0214
6826,183.803,0.1193,-0.0194
6827,183.829,0.1191,-0.0175
6828,183.853,0.1188,-0.0156
6829,183.882,0.1186,0.0144
6830,183.906,0.1184,0.0159
6831,183.932,0.1183,0.0173
6832,183.954,0.1181,0.0187
6833,183.979,0.1179,0.0201
6834,184.007,0.1178,0.0632
6835,184.029,0.1177,0.0641
6836,184.054,0.1176,0.0649
6837,184.082,0.1175,0.0656
6838,184.106,0.1174,0.0664
6839,184.144,0.1160,0.1994
6840,184.170,0.1161,0.1985
6841,184.197,0.1163,0.1973
6842,184.229,0.1164,0.1961
6843,184.253,0.1165,0.1950
6844,184.283,0.1167,0.1305
6845,184.308,0.1169,0.0974
6846,184.337,0.1168,0.0977
6847,184.367,0.1168,0.0979
6848,184.395,0.1168,0.0981
6849,184.423,0.1149,0.1349
6850,184.448,0.1106,0.2007
6851,184.477,0.1108,0.1994
6852,184.508,0.1109,0.1982
6853,184.534,0.1110,0.1970
6854,184.575,0.1105,0.2267
6855,184.609,0.1107,0.2252
6856,184.632,0.1109,0.2237
6857,184.661,0.1110,0.2221
6858,184.689,0.1112,0.2206
6859,184.729,0.1104,0.2347
6860,184.756,0.1106,0.2330
6861,184.779,0.1108,0.2313
6862,184.807,0.1110,0.2297
6863,184.829,0.1111,0.2280
6864,184.864,0.1100,0.3259
6865,184.893,0.1102,0.3234
6866,184.914,0.1106,0.3204
6867,184.942,0.1109,0.3175
6868,184.967,0.1112,0.3146
6869,185.004,0.1109,0.3958
6870,185.032,0.1112,0.3922
6871,185.057,0.1117,0.3882
6872,185.085,0.1121,0.3843
6873,185.112,0.1125,0.3804
6874,185.147,0.1140,0.3466
6875,185.173,0.1143,0.3433
6876,185.199,0.1147,0.3401
6877,185.230,0.1150,0.3370
6878,185.257,0.1154,0.3339
6879,185.288,0.1102,0.3365
6880,185.317,0.1105,0.3334
6881,185.343,0.1109,0.3302
6882,185.372,0.1112,0.3271
6883,185.399,0.1115,0.3241
6884,185.429,0.1126,0.3774
6885,185.456,0.1129,0.3740
6886,185.481,0.1133,0.3704
6887,185.509,0.1137,0.3668
6888,185.535,0.1140,0.3633
6889,185.563,0.1122,0.3862
6890,185.591,0.1126,0.3825
6891,185.613,0.1130,0.3788
6892,185.640,0.1134,0.3752
6893,185.668,0.1137,0.3716
6894,185.698,0.1084,0.4087
6895,185.728,0.1087,0.4048
6896,185.750,0.1091,0.4007
6897,185.776,0.1095,0.3967
6898,185.802,0.1099,0.3928
6899,185.827,0.1025,0.3312
6900,185.851,0.1028,0.3280
6901,185.874,0.1031,0.3251
6902,185.901,0.1034,0.3222
6903,185.927,0.1037,0.3193
6904,185.953,0.1068,0.3138
6905,185.981,0.1070,0.3111
6906,186.003,0.1073,0.3085
6907,186.028,0.1076,0.3059
6908,186.057,0.1078,0.3033
6909,186.081,0.1037,0.5114
6910,186.109,0.1041,0.5074
6911,186.132,0.1046,0.5022
6912,186.158,0.1051,0.4971
6913,186.187,0.1056,0.4921
6914,186.211,0.1006,0.6232
6915,186.240,0.1007,0.6198
6916,186.266,0.1013,0.6130
6917,186.294,0.1019,0.6063
6918,186.321,0.1025,0.5997
6919,186.345,0.0917,0.7406
6920,186.373,0.0923,0.7330
6921,186.396,0.0929,0.7247
6922,186.422,0.0936,0.7166
6923,186.448,0.0943,0.7086
6924,186.472,0.0842,0.5125
6925,186.498,0.0847,0.5065
6926,186.528,0.0851,0.5013
6927,186.551,0.0855,0.4962
6928,186.580,0.0859,0.4912
6929,186.604,0.0767,0.6316
6930,186.631,0.0771,0.6254
6931,186.661,0.0776,0.6186
6932,186.682,0.0780,0.6119
6933,186.709,0.0785,0.6053
6934,186.735,0.0783,0.6027
6935,186.763,0.0787,0.5962
6936,186.788,0.0792,0.5897
6937,186.814,0.0796,0.5834
6938,186.844,0.0800,0.5771
6939,186.868,0.0728,0.0922
6940,186.897,0.0714,0.0528
6941,186.924,0.0713,0.0530
6942,186.948,0.0713,0.0531
6943,186.972,0.0713,0.0533
6944,186.999,0.0722,0.4192
6945,187.025,0.0713,0.4538
6946,187.052,0.0716,0.4494
6947,187.077,0.0719,0.4450
6948,187.106,0.0722,0.4406
6949,187.131,0.0684,-0.0437
6950,187.157,0.0685,-0.1296
6951,187.186,0.0684,-0.1277
6952,187.210,0.0682,-0.1258
6953,187.240,0.0681,-0.1239
6954,187.264,0.0711,0.3525
6955,187.291,0.0658,0.5583
6956,187.316,0.0661,0.5528
6957,187.343,0.0665,0.5473
6958,187.372,0.0668,0.5419
6959,187.398,0.0634,0.0526
6960,187.422,0.0644,-0.0404
6961,187.446,0.0643,-0.0393
6962,187.469,0.0642,-0.0383
6963,187.495,0.0642,-0.0372
6964,187.525,0.0600,-0.1064
6965,187.548,0.0600,-0.1051
6966,187.575,0.0600,-0.1035
6967,187.597,0.0600,-0.1019
6968,187.623,0.0600,-0.1003
6969,187.653,0.0603,-0.1022
6970,187.675,0.0602,-0.1006
6971,187.702,0.0601,-0.0991
6972,187.726,0.0600,-0.0976
6973,187.752,0.0600,-0.0961
6974,187.781,0.0600,-0.1455
6975,187.805,0.0600,-0.1438
6976,187.835,0.0600,-0.1419
6977,187.859,0.0600,-0.1401
6978,187.889,0.0600,-0.1382
6979,187.919,0.0600,-0.1149
6980,187.945,0.0600,-0.1133
6981,187.974,0.0600,-0.1118
6982,188.002,0.0600,-0.1104
6983,188.031,0.0600,-0.1089
6984,188.062,0.0600,-0.2130
6985,188.087,0.0600,-0.2110
6986,188.115,0.0600,-0.2087
6987,188.142,0.0600,-0.2064
6988,188.174,0.0600,-0.2041
6989,188.206,0.0600,-0.2218
6990,188.232,0.0600,-0.2195
6991,188.262,0.0600,-0.2172
6992,188.289,0.0600,-0.2150
6993,188.313,0.0600,-0.2127
6994,188.344,0.0600,-0.1271
6995,188.370,0.0600,-0.1253
6996,188.396,0.0600,-0.1238
6997,188.421,0.0600,-0.1223
6998,188.447,0.0600,-0.1207
6999,188.478,0.0600,-0.1503
7000,188.501,0.0600,-0.1486
7001,188.530,0.0600,-0.1469
7002,188.559,0.0600,-0.1453
7003,188.582,0.0600,-0.1436
7004,188.617,0.0600,-0.3493
7005,188.643,0.0600,-0.3468
7006,188.670,0.0600,-0.3440
7007,188.698,0.0600,-0.3413
7008,188.720,0.0600,-0.3385
7009,188.750,0.0600,-0.3138
7010,188.777,0.0600,-0.2782
7011,188.802,0.0600,-0.2759
7012,188.831,0.0600,-0.2736
7013,188.856,0.0600,-0.2714
7014,188.882,0.0600,-0.2781
7015,188.907,0.0600,-0.3117
7016,188.928,0.0600,-0.3093
7017,188.958,0.0600,-0.3070
7018,188.982,0.0600,-0.3046
7019,189.021,0.0600,-0.3170
7020,189.047,0.0600,-0.3149
7021,189.074,0.0600,-0.3128
7022,189.103,0.0600,-0.3106
7023,189.126,0.0600,-0.3085
7024,189.167,0.0600,-0.4783
7025,189.195,0.0600,-0.4760
7026,189.216,0.0600,-0.4734
7027,189.244,0.0600,-0.4709
7028,189.268,0.0600,-0.4683
7029,189.305,0.0600,-0.5044
7030,189.334,0.0600,-0.5018
7031,189.358,0.0600,-0.4992
7032,189.384,0.0600,-0.4966
7033,189.408,0.0600,-0.4940
7034,189.442,0.0600,-0.5526
7035,189.471,0.0600,-0.5502
7036,189.494,0.0600,-0.5476
7037,189.521,0.0600,-0.5451
7038,189.545,0.0600,-0.5426
7039,189.576,0.0600,-0.5234
7040,189.606,0.0600,-0.5210
7041,189.628,0.0600,-0.5186
7042,189.653,0.0600,-0.5162
7043,189.678,0.0600,-0.5138
7044,189.708,0.0600,-0.6135
7045,189.734,0.0600,-0.6114
7046,189.758,0.0600,-0.6091
7047,189.783,0.0600,-0.6069
7048,189.807,0.0600,-0.6046
7049,189.839,0.0600,-0.7124
7050,189.868,0.0600,-0.7104
7051,189.893,0.0600,-0.7082
7052,189.922,0.0600,-0.7060
7053,189.946,0.0600,-0.7038
7054,189.976,0.0600,-0.7087
7055,190.000,0.0600,-0.7064
7056,190.027,0.0600,-0.7041
7057,190.054,0.0600,-0.7019
7058,190.079,0.0600,-0.6996
7059,190.107,0.0600,-0.8180
7060,190.136,0.0600,-0.8164
7061,190.159,0.0600,-0.8147
7062,190.183,0.0600,-0.8130
7063,190.208,0.0600,-0.8114
7064,190.235,0.0600,-0.9211
7065,190.263,0.0600,-0.9200
7066,190.287,0.0600,-0.9189
7067,190.314,0.0600,-0.9178
7068,190.338,0.0600,-0.9167
7069,190.365,0.0600,-1.0539
7070,190.392,0.0600,-1.0530
7071,190.418,0.0600,-1.0521
7072,190.444,0.0600,-1.0512
7073,190.472,0.0600,-1.0502
7074,190.495,0.0600,-1.2673
7075,190.520,0.0600,-1.2673
7076,190.543,0.0600,-1.2673
7077,190.569,0.0600,-1.2673
7078,190.595,0.0600,-1.2673
7079,190.620,0.0600,-1.1832
7080,190.645,0.0600,-1.1832
7081,190.670,0.0600,-1.1832
7082,190.697,0.0600,-1.1832
7083,190.722,0.0600,-1.1832
7084,190.748,0.0600,-1.1488
7085,190.773,0.0600,-1.1488
7086,190.798,0.0600,-1.1488
7087,190.822,0.0600,-1.1488
7088,190.848,0.0600,-1.1488
7089,190.872,0.0601,-0.9909
7090,190.898,0.0600,-0.9860
7091,190.924,0.0600,-0.9860
7092,190.951,0.0600,-0.9860
7093,190.978,0.0600,-0.9860
7094,191.001,0.0600,-0.9982
7095,191.025,0.0600,-0.9982
7096,191.050,0.0600,-0.9982
7097,191.075,0.0600,-0.9982
7098,191.103,0.0600,-0.9982
7099,191.129,0.0600,-1.0539
7100,191.156,0.0600,-1.0539
7101,191.183,0.0600,-1.0539
7102,191.208,0.0600,-1.0539
7103,191.233,0.0600,-1.0539
7104,191.258,0.0597,-1.3021
7105,191.283,0.0600,-1.3045
7106,191.310,0.0600,-1.3045
7107,191.334,0.0600,-1.3045
7108,191.361,0.0600,-1.3045
7109,191.387,0.0600,-1.3585
7110,191.412,0.0600,-1.3584
7111,191.438,0.0600,-1.3583
7112,191.462,0.0600,-1.3581
7113,191.489,0.0600,-1.3580
7114,191.514,0.0597,-1.6377
7115,191.542,0.0600,-1.6429
7116,191.571,0.0600,-1.8200
7117,191.594,0.0600,-1.8200
7118,191.624,0.0600,-1.8200
7119,191.653,0.0600,-1.8200
7120,191.682,0.0600,-1.8200
7121,191.712,0.0600,-1.8200
7122,191.741,0.0600,-1.8200
7123,191.772,0.0600,-1.8200
7124,191.800,0.0600,-1.8200
7125,191.830,0.0600,-1.8200
7126,191.860,0.0600,-1.8200
7127,191.886,0.0600,-1.8200
7128,191.918,0.0600,-1.8200
7129,191.947,0.0600,-1.8200
7130,191.973,0.0600,-1.8200
7131,192.005,0.0600,-1.8200
7132,192.030,0.0600,-1.8200
7133,192.055,0.0600,-1.8200
7134,192.083,0.0600,-1.8200
7135,192.103,0.0600,-1.8200
7136,192.130,0.0600,-1.8200
7137,192.155,0.0600,-1.8200
7138,192.183,0.0600,-1.8200
7139,192.207,0.0600,-1.8200
7140,192.230,0.0600,-1.8200
7141,192.253,0.0600,-1.8200
7142,192.275,0.0601,-1.8200
7143,192.297,0.0623,-1.8200
7144,192.325,0.0740,-1.8200
7145,192.346,0.0885,-1.8200
7146,192.372,0.0914,-1.8200
7147,192.399,0.0943,-1.8200
7148,192.426,0.0971,-1.8200
7149,192.452,0.1000,-1.8200
7150,192.475,0.1029,-1.8200
7151,192.502,0.1057,-1.8200
7152,192.527,0.1086,-1.8200
7153,192.551,0.1114,-1.8200
7154,192.578,0.1143,-1.8200
7155,192.602,0.1171,-1.8200
7156,192.632,0.1199,-1.8200
7157,192.656,0.1227,-1.8200
7158,192.686,0.1256,-1.8200
7159,192.723,0.1322,-1.2291
7160,192.749,0.1306,-0.9839
7161,192.776,0.1320,-0.9802
7162,192.805,0.1335,-0.9765
7163,192.830,0.1349,-0.9728
7164,192.861,0.1383,-0.3818
7165,192.887,0.1371,-0.3005
7166,192.915,0.1373,-0.2998
7167,192.944,0.1376,-0.2991
7168,192.969,0.1379,-0.2984
7169,193.005,0.1408,0.3604
7170,193.029,0.1378,0.4571
7171,193.055,0.1368,0.4536
7172,193.082,0.1358,0.4501
7173,193.104,0.1349,0.4466
7174,193.129,0.1336,0.3634
7175,193.152,0.1330,0.2096
7176,193.174,0.1325,0.2074
7177,193.201,0.1319,0.2052
7178,193.225,0.1314,0.2031
7179,193.251,0.1307,0.1566
7180,193.274,0.1303,0.0626
7181,193.299,0.1300,0.0613
7182,193.325,0.1297,0.0601
7183,193.349,0.1294,0.0588
7184,193.389,0.1291,-0.0195
7185,193.416,0.1289,-0.0203
7186,193.438,0.1287,-0.0211
7187,193.462,0.1285,-0.0218
7188,193.491,0.1283,-0.0225
7189,193.533,0.1282,0.0066
7190,193.556,0.1280,0.0057
7191,193.584,0.1278,0.0049
7192,193.610,0.1275,0.0040
7193,193.634,0.1273,0.0031
7194,193.666,0.1271,-0.2013
7195,193.689,0.1271,-0.2014
7196,193.716,0.1272,-0.2008
7197,193.743,0.1274,-0.2002
7198,193.766,0.1275,-0.1997
7199,193.806,0.1276,-0.3367
7200,193.831,0.1279,-0.3352
7201,193.859,0.1283,-0.3333
7202,193.890,0.1286,-0.3314
7203,193.914,0.1290,-0.3296
7204,193.947,0.1293,-0.3059
7205,193.975,0.1296,-0.3041
7206,193.999,0.1299,-0.3025
7207,194.024,0.1302,-0.3008
7208,194.049,0.1305,-0.2992
7209,194.080,0.1308,-0.1966
7210,194.107,0.1309,-0.1957
7211,194.130,0.1311,-0.1952
7212,194.159,0.1312,-0.1946
7213,194.185,0.1313,-0.1940
7214,194.213,0.1314,-0.3334
7215,194.243,0.1317,-0.3317
7216,194.267,0.1320,-0.3294
7217,194.292,0.1323,-0.3272
7218,194.318,0.1327,-0.3250
7219,194.349,0.1330,-0.3450
7220,194.376,0.1333,-0.3426
7221,194.402,0.1337,-0.3402
7222,194.433,0.1340,-0.3378
7223,194.456,0.1344,-0.3354
7224,194.485,0.1347,-0.3041
7225,194.512,0.1350,-0.3021
7226,194.536,0.1353,-0.3002
7227,194.563,0.1356,-0.2984
7228,194.591,0.1359,-0.2965
7229,194.617,0.1362,-0.2665
7230,194.648,0.1364,-0.2647
7231,194.673,0.1366,-0.2630
7232,194.701,0.1368,-0.2614
7233,194.732,0.1370,-0.2598
7234,194.759,0.1373,-0.2830
7235,194.789,0.1375,-0.2811
7236,194.811,0.1377,-0.2792
7237,194.836,0.1380,-0.2774
7238,194.864,0.1382,-0.2755
7239,194.886,0.1385,-0.2694
7240,194.910,0.1387,-0.2675
7241,194.936,0.1389,-0.2657
7242,194.960,0.1391,-0.2639
7243,194.983,0.1393,-0.2621
7244,195.009,0.1396,-0.2210
7245,195.040,0.1397,-0.2197
7246,195.063,0.1399,-0.2186
7247,195.089,0.1400,-0.2174
7248,195.116,0.1401,-0.2163
7249,195.139,0.1403,-0.2865
7250,195.167,0.1405,-0.2847
7251,195.190,0.1407,-0.2826
7252,195.216,0.1410,-0.2805
7253,195.246,0.1412,-0.2785
7254,195.271,0.1414,-0.3186
7255,195.299,0.1417,-0.3161
7256,195.324,0.1420,-0.3135
7257,195.351,0.1423,-0.3109
7258,195.378,0.1426,-0.3084
7259,195.402,0.1429,-0.1550
7260,195.429,0.1430,-0.1539
7261,195.457,0.1430,-0.1536
7262,195.483,0.1431,-0.1534
7263,195.515,0.1431,-0.1532
7264,195.543,0.1431,-0.1221
7265,195.574,0.1431,-0.1222
7266,195.607,0.1431,-0.1225
7267,195.634,0.1430,-0.1227
7268,195.665,0.1430,-0.1229
7269,195.691,0.1430,-0.1748
7270,195.722,0.1430,-0.1744
7271,195.752,0.1431,-0.1739
7272,195.778,0.1431,-0.1733
7273,195.810,0.1432,-0.1728
7274,195.837,0.1433,-0.2866
7275,195.864,0.1434,-0.2850
7276,195.892,0.1437,-0.2827
7277,195.920,0.1439,-0.2805
7278,195.946,0.1442,-0.2783
7279,195.970,0.1444,-0.2610
7280,195.993,0.1446,-0.2590
7281,196.019,0.1448,-0.2572
7282,196.042,0.1450,-0.2554
7283,196.068,0.1452,-0.2536
7284,196.094,0.1454,-0.3312
7285,196.120,0.1456,-0.3285
7286,196.148,0.1459,-0.3255
7287,196.172,0.1463,-0.3225
7288,196.196,0.1466,-0.3196
7289,196.226,0.1468,-0.3811
7290,196.246,0.1472,-0.3777
7291,196.275,0.1476,-0.3739
7292,196.299,0.1480,-0.3702
7293,196.326,0.1484,-0.3665
7294,196.357,0.1487,-0.1792
7295,196.381,0.1489,-0.1774
7296,196.410,0.1490,-0.1769
7297,196.435,0.1490,-0.1763
7298,196.460,0.1491,-0.1758
7299,196.487,0.1491,-0.1937
7300,196.513,0.1492,-0.1930
7301,196.543,0.1493,-0.1923
7302,196.567,0.1494,-0.1915
7303,196.591,0.1494,-0.1908
7304,196.617,0.1495,-0.1016
7305,196.642,0.1495,-0.1018
7306,196.665,0.1494,-0.1025
7307,196.690,0.1493,-0.1032
7308,196.713,0.1493,-0.1038
7309,196.740,0.1492,-0.1478
7310,196.763,0.1492,-0.1480
7311,196.791,0.1492,-0.1479
7312,196.817,0.1492,-0.1479
7313,196.844,0.1492,-0.1479
7314,196.874,0.1492,-0.1072
7315,196.896,0.1492,-0.1076
7316,196.925,0.1491,-0.1083
7317,196.951,0.1490,-0.1089
7318,196.977,0.1490,-0.1095
7319,197.006,0.1489,-0.0330
7320,197.031,0.1488,-0.0345
7321,197.059,0.1486,-0.0363
7322,197.086,0.1484,-0.0381
7323,197.110,0.1482,-0.0398
7324,197.140,0.1480,-0.0912
7325,197.164,0.1479,-0.0923
7326,197.190,0.1478,-0.0932
7327,197.223,0.1478,-0.0941
7328,197.248,0.1477,-0.0949
7329,197.282,0.1476,0.0862
7330,197.305,0.1473,0.0831
7331,197.331,0.1469,0.0794
7332,197.356,0.1465,0.0758
7333,197.382,0.1461,0.0722
7334,197.414,0.1458,-0.1156
7335,197.437,0.1457,-0.1168
7336,197.461,0.1456,-0.1172
7337,197.489,0.1456,-0.1177
7338,197.509,0.1455,-0.1182
7339,197.537,0.1455,-0.0817
7340,197.561,0.1454,-0.0415
7341,197.584,0.1452,-0.0431
7342,197.611,0.1450,-0.0447
7343,197.634,0.1449,-0.0463
7344,197.663,0.1447,-0.0579
7345,197.686,0.1446,-0.0746
7346,197.712,0.1444,-0.0758
7347,197.738,0.1443,-0.0769
7348,197.761,0.1442,-0.0780
7349,197.800,0.1441,-0.1020
7350,197.828,0.1440,-0.1028
7351,197.851,0.1439,-0.1035
7352,197.877,0.1439,-0.1041
7353,197.900,0.1438,-0.1048
7354,197.938,0.1437,-0.0023
7355,197.961,0.1435,-0.0042
7356,197.986,0.1433,-0.0065
7357,198.014,0.1431,-0.0087
7358,198.039,0.1428,-0.0108
7359,198.078,0.1426,-0.0094
7360,198.106,0.1424,-0.0116
7361,198.128,0.1422,-0.0138
7362,198.155,0.1419,-0.0159
7363,198.181,0.1417,-0.0180
7364,198.218,0.1415,0.0022
7365,198.242,0.1413,-0.0001
7366,198.268,0.1410,-0.0025
7367,198.295,0.1408,-0.0048
7368,198.318,0.1406,-0.0071
7369,198.353,0.1404,-0.0142
7370,198.380,0.1401,-0.0163
7371,198.404,0.1399,-0.0183
7372,198.430,0.1397,-0.0204
7373,198.457,0.1395,-0.0223
7374,198.491,0.1393,-0.0043
7375,198.517,0.1391,-0.0064
7376,198.541,0.1389,-0.0086
7377,198.569,0.1386,-0.0107
7378,198.594,0.1384,-0.0128
7379,198.626,0.1382,0.0318
7380,198.653,0.1379,0.0294
7381,198.675,0.1376,0.0268
7382,198.705,0.1374,0.0242
7383,198.731,0.1371,0.0217
7384,198.758,0.1368,0.0048
7385,198.786,0.1366,0.0025
7386,198.809,0.1363,0.0002
7387,198.836,0.1361,-0.0020
7388,198.859,0.1359,-0.0041
7389,198.892,0.1356,0.0066
7390,198.919,0.1354,0.0044
7391,198.942,0.1352,0.0022
7392,198.969,0.1349,0.0000
7393,198.998,0.1347,-0.0021
7394,199.020,0.1345,0.0223
7395,199.045,0.1342,0.0200
7396,199.071,0.1339,0.0176
7397,199.098,0.1337,0.0153
7398,199.125,0.1334,0.0129
7399,199.150,0.1332,0.0407
7400,199.177,0.1329,0.0383
7401,199.201,0.1326,0.0357
7402,199.226,0.1323,0.0331
7403,199.256,0.1320,0.0306
7404,199.281,0.1317,0.0918
7405,199.313,0.1314,0.0888
7406,199.337,0.1310,0.0856
7407,199.368,0.1307,0.0824
7408,199.398,0.1303,0.0792
7409,199.425,0.1299,-0.0292
7410,199.455,0.1297,-0.0315
7411,199.480,0.1295,-0.0332
7412,199.510,0.1293,-0.0347
7413,199.540,0.1292,-0.0363
7414,199.566,0.1290,0.1575
7415,199.595,0.1286,0.1544
7416,199.620,0.1282,0.1505
7417,199.649,0.1277,0.1466
7418,199.676,0.1272,0.1428
7419,199.700,0.1268,0.0922
7420,199.724,0.1264,0.0886
7421,199.750,0.1260,0.0853
7422,199.772,0.1257,0.0821
7423,199.801,0.1253,0.0789
7424,199.826,0.1250,0.0228
7425,199.852,0.1247,0.0202
7426,199.880,0.1244,0.0180
7427,199.902,0.1242,0.0158
7428,199.928,0.1239,0.0137
7429,199.954,0.1237,0.0402
7430,199.984,0.1234,0.0379
7431,200.012,0.1231,0.0355
7432,200.036,0.1229,0.0332
7433,200.066,0.1226,0.0309
7434,200.091,0.1223,0.1027
7435,200.119,0.1220,0.0998
7436,200.149,0.1216,0.0967
7437,200.172,0.1213,0.0937
7438,200.202,0.1209,0.0907
7439,200.229,0.1205,-0.0119
7440,200.258,0.1203,-0.0140
7441,200.286,0.1201,-0.0156
7442,200.310,0.1199,-0.0171
7443,200.341,0.1197,-0.0186
7444,200.367,0.1196,-0.0320
7445,200.394,0.1194,-0.0334
7446,200.424,0.1193,-0.0347
7447,200.448,0.1191,-0.0359
7448,200.474,0.1190,-0.0372
7449,200.498,0.1188,0.0111
7450,200.522,0.1186,0.0095
7451,200.548,0.1184,0.0076
7452,200.571,0.1182,0.0058
7453,200.596,0.1180,0.0040
7454,200.621,0.1178,-0.0160
7455,200.648,0.1176,-0.0176
7456,200.674,0.1174,-0.0191
7457,200.699,0.1173,-0.0206
7458,200.725,0.1171,-0.0220
7459,200.750,0.1170,-0.0427
7460,200.776,0.1168,-0.0439
7461,200.801,0.1167,-0.0450
7462,200.828,0.1166,-0.0460
7463,200.857,0.1164,-0.0471
7464,200.887,0.1163,-0.0330
7465,200.912,0.1162,-0.0341
7466,200.941,0.1161,-0.0353
7467,200.965,0.1159,-0.0365
7468,200.991,0.1158,-0.0377
7469,201.021,0.1157,0.0424
7470,201.045,0.1154,0.0405
7471,201.072,0.1152,0.0383
7472,201.098,0.1149,0.0361
7473,201.123,0.1147,0.0339
7474,201.149,0.1144,0.0794
7475,201.173,0.1141,0.0770
7476,201.200,0.1138,0.0743
7477,201.225,0.1135,0.0718
7478,201.250,0.1132,0.0692
7479,201.278,0.1129,-0.0574
7480,201.302,0.1127,-0.0588
7481,201.329,0.1126,-0.0596
7482,201.353,0.1125,-0.0603
7483,201.379,0.1124,-0.0610
7484,201.407,0.1124,0.0268
7485,201.430,0.1122,0.0252
7486,201.459,0.1119,0.0233
7487,201.483,0.1117,0.0214
7488,201.509,0.1115,0.0196
7489,201.540,0.1113,0.0439
7490,201.565,0.1110,0.0419
7491,201.595,0.1108,0.0398
7492,201.625,0.1105,0.0377
7493,201.649,0.1103,0.0357
7494,201.681,0.1100,0.0140
7495,201.704,0.1098,0.0123
7496,201.730,0.1096,0.0107
7497,201.755,0.1094,0.0090
7498,201.781,0.1092,0.0075
7499,201.815,0.1091,0.0495
7500,201.839,0.1088,0.0475
7501,201.866,0.1086,0.0454
7502,201.891,0.1083,0.0434
7503,201.917,0.1081,0.0414
7504,201.943,0.1078,0.0433
7505,201.968,0.1076,0.0764
7506,201.993,0.1073,0.0740
7507,202.020,0.1070,0.0717
7508,202.044,0.1067,0.0694
7509,202.073,0.1063,0.0416
7510,202.097,0.1061,-0.0332
7511,202.122,0.1060,-0.0342
7512,202.152,0.1059,-0.0351
7513,202.176,0.1058,-0.0360
7514,202.217,0.1057,0.0906
7515,202.244,0.1055,0.0887
7516,202.269,0.1051,0.0862
7517,202.295,0.1048,0.0837
7518,202.320,0.1045,0.0812
7519,202.357,0.1042,0.0305
7520,202.382,0.1040,0.0286
7521,202.407,0.1038,0.0269
7522,202.436,0.1036,0.0252
7523,202.460,0.1034,0.0236
7524,202.499,0.1032,-0.0470
7525,202.528,0.1030,-0.0480
7526,202.551,0.1030,-0.0486
7527,202.577,0.1029,-0.0493
7528,202.601,0.1028,-0.0500
7529,202.636,0.1027,-0.0550
7530,202.661,0.1026,-0.0556
7531,202.687,0.1026,-0.0562
7532,202.718,0.1025,-0.0567
7533,202.742,0.1024,-0.0573
7534,202.781,0.1024,0.0322
7535,202.807,0.1022,0.0308
7536,202.833,0.1020,0.0291
7537,202.861,0.1018,0.0274
7538,202.886,0.1016,0.0257
7539,202.924,0.1014,-0.0184
7540,202.952,0.1012,-0.0196
7541,202.977,0.1011,-0.0205
7542,203.011,0.1010,-0.0215
7543,203.039,0.1009,-0.0224
7544,203.074,0.1008,-0.0400
7545,203.107,0.1007,-0.0408
7546,203.132,0.1006,-0.0415
7547,203.164,0.1005,-0.0422
7548,203.191,0.1004,-0.0429
7549,203.223,0.1003,0.0737
7550,203.251,0.1001,0.0720
7551,203.277,0.0998,0.0698
7552,203.310,0.0996,0.0677
7553,203.337,0.0993,0.0656
7554,203.365,0.0991,-0.0092
7555,203.392,0.0989,-0.0106
7556,203.416,0.0987,-0.0116
7557,203.441,0.0986,-0.0127
7558,203.469,0.0985,-0.0137
7559,203.490,0.0984,-0.0197
7560,203.517,0.0983,-0.0207
7561,203.543,0.0981,-0.0216
7562,203.569,0.0980,-0.0225
7563,203.598,0.0979,-0.0234
7564,203.622,0.0978,0.0379
7565,203.653,0.0976,0.0366
7566,203.678,0.0974,0.0350
7567,203.707,0.0972,0.0334
7568,203.737,0.0970,0.0318
7569,203.760,0.0968,0.0452
7570,203.792,0.0966,0.0436
7571,203.819,0.0964,0.0419
7572,203.845,0.0962,0.0402
7573,203.871,0.0960,0.0386
7574,203.896,0.0958,0.0634
7575,203.924,0.0956,0.0616
7576,203.949,0.0953,0.0597
7577,203.977,0.0951,0.0578
7578,204.005,0.0948,0.0560
7579,204.031,0.0946,-0.0094
7580,204.059,0.0945,-0.0106
7581,204.086,0.0944,-0.0116
7582,204.111,0.0942,-0.0126
7583,204.140,0.0941,-0.0135
7584,204.166,0.0940,0.0176
7585,204.194,0.0939,0.0164
7586,204.222,0.0937,0.0151
7587,204.247,0.0935,0.0139
7588,204.272,0.0934,0.0126
7589,204.296,0.0932,-0.0886
7590,204.320,0.0932,-0.0890
7591,204.350,0.0932,-0.0888
7592,204.372,0.0932,-0.0887
7593,204.398,0.0932,-0.0886
7594,204.424,0.0932,-0.0256
7595,204.448,0.0932,-0.0260
7596,204.475,0.0931,-0.0267
7597,204.499,0.0930,-0.0274
7598,204.524,0.0929,-0.0281
7599,204.550,0.0928,0.0915
7600,204.578,0.0926,0.0899
7601,204.601,0.0924,0.0878
7602,204.626,0.0921,0.0857
7603,204.652,0.0918,0.0836
7604,204.679,0.0915,-0.0082
7605,204.706,0.0914,-0.0094
7606,204.735,0.0913,-0.0103
7607,204.758,0.0912,-0.0112
7608,204.786,0.0911,-0.0121
7609,204.815,0.0910,0.0361
7610,204.839,0.0908,0.0349
7611,204.867,0.0906,0.0336
7612,204.890,0.0904,0.0323
7613,204.918,0.0903,0.0310
7614,204.941,0.0901,-0.0190
7615,204.967,0.0900,-0.0201
7616,204.996,0.0899,-0.0208
7617,205.019,0.0898,-0.0215
7618,205.047,0.0897,-0.0222
7619,205.071,0.0896,-0.0255
7620,205.098,0.0895,-0.0261
7621,205.125,0.0894,-0.0267
7622,205.149,0.0894,-0.0273
7623,205.178,0.0893,-0.0279
7624,205.207,0.0892,0.0196
7625,205.230,0.0891,0.0186
7626,205.256,0.0889,0.0175
7627,205.279,0.0888,0.0163
7628,205.306,0.0886,0.0152
7629,205.335,0.0885,-0.0034
7630,205.358,0.0884,-0.0043
7631,205.387,0.0883,-0.0051
7632,205.410,0.0882,-0.0060
7633,205.440,0.0880,-0.0068
7634,205.469,0.0879,0.0590
7635,205.491,0.0878,0.0577
7636,205.518,0.0876,0.0561
7637,205.545,0.0873,0.0545
7638,205.569,0.0871,0.0530
7639,205.598,0.0869,-0.0117
7640,205.619,0.0868,-0.0128
7641,205.645,0.0867,-0.0135
7642,205.672,0.0866,-0.0142
7643,205.698,0.0865,-0.0149
7644,205.729,0.0864,-0.0240
7645,205.753,0.0864,-0.0246
7646,205.778,0.0863,-0.0251
7647,205.802,0.0862,-0.0257
7648,205.827,0.0861,-0.0262
7649,205.857,0.0861,0.0055
7650,205.881,0.0860,0.0047
7651,205.907,0.0859,0.0037
7652,205.936,0.0857,0.0028
7653,205.966,0.0856,0.0018
7654,206.001,0.0855,0.0173
7655,206.025,0.0854,0.0163
7656,206.052,0.0852,0.0153
7657,206.079,0.0851,0.0143
7658,206.103,0.0850,0.0132
7659,206.136,0.0848,-0.0073
7660,206.159,0.0847,-0.0081
7661,206.186,0.0846,-0.0089
7662,206.211,0.0846,-0.0096
7663,206.231,0.0845,-0.0103
7664,206.261,0.0844,-0.1014
7665,206.284,0.0844,-0.1011
7666,206.308,0.0845,-0.1006
7667,206.331,0.0845,-0.1002
7668,206.353,0.0846,-0.0997
7669,206.375,0.0846,-0.0992
7670,206.400,0.0847,0.0668
7671,206.423,0.0845,0.0654
7672,206.450,0.0843,0.0638
7673,206.472,0.0841,0.0623
7674,206.501,0.0838,0.0549
7675,206.525,0.0837,-0.0461
7676,206.552,0.0836,-0.0463
7677,206.580,0.0836,-0.0465
7678,206.605,0.0836,-0.0467
7679,206.646,0.0836,0.0588
7680,206.670,0.0834,0.0578
7681,206.695,0.0832,0.0563
7682,206.723,0.0830,0.0549
7683,206.747,0.0828,0.0534
7684,206.786,0.0826,0.0829
7685,206.813,0.0824,0.0814
7686,206.838,0.0822,0.0797
7687,206.868,0.0820,0.0780
7688,206.894,0.0817,0.0764
7689,206.929,0.0815,0.0180
7690,206.962,0.0813,0.0167
7691,206.985,0.0812,0.0158
7692,207.015,0.0811,0.0148
7693,207.051,0.0810,0.0139
7694,207.092,0.0808,0.0392
7695,207.122,0.0807,0.0381
7696,207.145,0.0805,0.0369
7697,207.171,0.0804,0.0358
7698,207.194,0.0802,0.0346
7699,207.230,0.0801,-0.0565
7700,207.260,0.0800,-0.0568
7701,207.283,0.0800,-0.0569
7702,207.311,0.0800,-0.0569
7703,207.335,0.0800,-0.0569
7704,207.370,0.0800,0.0141
7705,207.395,0.0799,0.0135
7706,207.421,0.0798,0.0127
7707,207.449,0.0797,0.0118
7708,207.476,0.0796,0.0110
7709,207.511,0.0795,0.0028
7710,207.538,0.0794,0.0021
7711,207.562,0.0793,0.0014
7712,207.591,0.0792,0.0007
7713,207.615,0.0791,0.0000
7714,207.653,0.0790,-0.0202
7715,207.682,0.0789,-0.0208
7716,207.706,0.0789,-0.0212
7717,207.734,0.0788,-0.0216
7718,207.759,0.0788,-0.0220
7719,207.791,0.0787,-0.0607
7720,207.820,0.0787,-0.0608
7721,207.845,0.0787,-0.0607
7722,207.872,0.0787,-0.0607
7723,207.903,0.0787,-0.0606
7724,207.929,0.0787,-0.0667
7725,207.956,0.0787,-0.0666
7726,207.982,0.0788,-0.0664
7727,208.008,0.0788,-0.0663
7728,208.037,0.0788,-0.0662
7729,208.064,0.0788,-0.0052
7730,208.089,0.0788,-0.0056
7731,208.114,0.0787,-0.0062
7732,208.139,0.0786,-0.0068
7733,208.168,0.0785,-0.0074
7734,208.190,0.0784,-0.0824
7735,208.219,0.0784,-0.0824
7736,208.241,0.0785,-0.0820
7737,208.271,0.0785,-0.0817
7738,208.296,0.0786,-0.0813
7739,208.322,0.0786,-0.0403
7740,208.350,0.0786,-0.0403
7741,208.377,0.0786,-0.0405
7742,208.405,0.0786,-0.0406
7743,208.434,0.0786,-0.0408
7744,208.458,0.0785,0.0563
7745,208.484,0.0784,0.0554
7746,208.510,0.0782,0.0540
7747,208.534,0.0781,0.0527
7748,208.561,0.0779,0.0514
7749,208.584,0.0777,0.0793
7750,208.612,0.0775,0.0778
7751,208.637,0.0773,0.0762
7752,208.663,0.0771,0.0747
7753,208.692,0.0769,0.0731
7754,208.717,0.0767,0.0458
7755,208.742,0.0765,0.0445
7756,208.767,0.0763,0.0434
7757,208.792,0.0762,0.0424
7758,208.820,0.0760,0.0413
7759,208.844,0.0759,-0.0446
7760,208.869,0.0758,-0.0451
7761,208.898,0.0758,-0.0452
7762,208.920,0.0758,-0.0452
7763,208.946,0.0758,-0.0453
7764,208.972,0.0758,0.0153
7765,208.996,0.0757,0.0148
7766,209.023,0.0756,0.0140
7767,209.045,0.0755,0.0132
7768,209.070,0.0754,0.0125
7769,209.094,0.0753,-0.0293
7770,209.119,0.0752,-0.0297
7771,209.145,0.0752,-0.0299
7772,209.169,0.0751,-0.0302
7773,209.194,0.0751,-0.0304
7774,209.217,0.0751,0.0581
7775,209.239,0.0750,0.0572
7776,209.264,0.0748,0.0560
7777,209.285,0.0746,0.0547
7778,209.312,0.0744,0.0535
7779,209.337,0.0743,-0.0012
7780,209.361,0.0742,-0.0020
7781,209.388,0.0741,-0.0026
7782,209.412,0.0740,-0.0031
7783,209.441,0.0739,-0.0036
7784,209.469,0.0739,0.0111
7785,209.493,0.0738,0.0104
7786,209.521,0.0737,0.0097
7787,209.544,0.0736,0.0090
7788,209.572,0.0735,0.0083
7789,209.599,0.0734,-0.0487
7790,209.623,0.0734,-0.0489
7791,209.647,0.0734,-0.0488
7792,209.673,0.0734,-0.0488
7793,209.699,0.0734,-0.0488
7794,209.724,0.0734,-0.0356
7795,209.750,0.0734,-0.0357
7796,209.778,0.0734,-0.0358
7797,209.803,0.0734,-0.0359
7798,209.832,0.0733,-0.0361
7799,209.860,0.0733,0.0349
7800,209.883,0.0732,0.0343
7801,209.911,0.0731,0.0333
7802,209.935,0.0730,0.0324
7803,209.961,0.0728,0.0315
7804,209.991,0.0727,0.0492
7805,210.013,0.0726,0.0481
7806,210.041,0.0724,0.0470
7807,210.067,0.0723,0.0460
7808,210.091,0.0721,0.0449
7809,210.120,0.0720,-0.0148
7810,210.143,0.0719,-0.0154
7811,210.168,0.0718,-0.0158
7812,210.191,0.0718,-0.0161
7813,210.217,0.0717,-0.0165
7814,210.245,0.0717,0.0534
7815,210.269,0.0716,0.0525
7816,210.295,0.0714,0.0514
7817,210.320,0.0712,0.0503
7818,210.346,0.0711,0.0492
7819,210.380,0.0709,0.0048
7820,210.405,0.0708,0.0041
7821,210.438,0.0708,0.0035
7822,210.469,0.0707,0.0029
7823,210.496,0.0706,0.0024
7824,210.533,0.0705,0.0687
7825,210.558,0.0704,0.0676
7826,210.584,0.0702,0.0663
7827,210.613,0.0700,0.0650
7828,210.643,0.0698,0.0637
7829,210.681,0.0697,0.0393
7830,210.708,0.0695,0.0383
7831,210.738,0.0694,0.0373
7832,210.770,0.0693,0.0363
7833,210.794,0.0691,0.0354
7834,210.820,0.0691,0.0471
7835,210.845,0.0689,0.1015
7836,210.870,0.0686,0.0999
7837,210.895,0.0684,0.0983
7838,210.920,0.0682,0.0967
7839,210.947,0.0680,0.0952
7840,210.972,0.0677,0.1188
7841,210.994,0.0675,0.1171
7842,211.020,0.0672,0.1153
7843,211.043,0.0670,0.1136
7844,211.084,0.0667,0.0718
7845,211.111,0.0665,0.0704
7846,211.139,0.0663,0.0691
7847,211.166,0.0662,0.0679
7848,211.192,0.0660,0.0667
7849,211.229,0.0658,-0.0305
7850,211.255,0.0657,-0.0309
7851,211.280,0.0657,-0.0310
7852,211.311,0.0657,-0.0311
7853,211.333,0.0657,-0.0311
7854,211.372,0.0657,0.1337
7855,211.398,0.0655,0.1324
7856,211.423,0.0652,0.1306
7857,211.451,0.0650,0.1288
7858,211.476,0.0647,0.1270
7859,211.511,0.0644,0.0319
7860,211.536,0.0643,0.0308
7861,211.559,0.0642,0.0300
7862,211.586,0.0641,0.0293
7863,211.610,0.0639,0.0285
7864,211.644,0.0638,0.0055
7865,211.673,0.0638,0.0050
7866,211.696,0.0637,0.0045
7867,211.723,0.0636,0.0041
7868,211.748,0.0636,0.0037
7869,211.783,0.0635,-0.0454
7870,211.809,0.0635,-0.0454
7871,211.834,0.0635,-0.0453
7872,211.861,0.0635,-0.0451
7873,211.884,0.0636,-0.0450
7874,211.915,0.0636,-0.0410
7875,211.944,0.0636,-0.0409
7876,211.966,0.0636,-0.0408
7877,211.991,0.0636,-0.0407
7878,212.018,0.0636,-0.0406
7879,212.051,0.0636,-0.0093
7880,212.077,0.0636,-0.0095
7881,212.101,0.0636,-0.0098
7882,212.129,0.0635,-0.0100
7883,212.155,0.0635,-0.0103
7884,212.182,0.0635,0.0059
7885,212.208,0.0634,0.0055
7886,212.231,0.0633,0.0051
7887,212.257,0.0633,0.0046
7888,212.280,0.0632,0.0042
7889,212.309,0.0632,-0.0934
7890,212.336,0.0632,-0.0931
7891,212.361,0.0633,-0.0923
7892,212.385,0.0634,-0.0916
7893,212.411,0.0635,-0.0909
7894,212.439,0.0636,-0.0779
7895,212.467,0.0637,-0.0773
7896,212.492,0.0637,-0.0768
7897,212.520,0.0638,-0.0763
7898,212.548,0.0639,-0.0757
7899,212.569,0.0640,-0.0149
7900,212.597,0.0640,-0.0149
7901,212.621,0.0639,-0.0151
7902,212.649,0.0639,-0.0154
7903,212.677,0.0639,-0.0156
7904,212.701,0.0638,-0.0414
7905,212.730,0.0638,-0.0415
7906,212.753,0.0638,-0.0414
7907,212.778,0.0639,-0.0413
7908,212.803,0.0639,-0.0412
7909,212.829,0.0639,-0.0147
7910,212.853,0.0639,-0.0149
7911,212.877,0.0638,-0.0151
7912,212.903,0.0638,-0.0153
7913,212.927,0.0638,-0.0155
7914,212.956,0.0637,-0.0061
7915,212.980,0.0637,-0.0064
7916,213.006,0.0637,-0.0067
7917,213.032,0.0636,-0.0070
7918,213.059,0.0636,-0.0073
7919,213.085,0.0635,-0.0050
7920,213.111,0.0635,-0.0054
7921,213.137,0.0634,-0.0057
7922,213.162,0.0634,-0.0060
7923,213.189,0.0634,-0.0063
7924,213.217,0.0633,-0.0388
7925,213.243,0.0633,-0.0388
7926,213.268,0.0633,-0.0387
7927,213.293,0.0633,-0.0386
7928,213.322,0.0633,-0.0386
7929,213.348,0.0634,-0.0156
7930,213.376,0.0633,-0.0157
7931,213.399,0.0633,-0.0159
7932,213.424,0.0633,-0.0161
7933,213.451,0.0633,-0.0163
7934,213.478,0.0632,0.0202
7935,213.506,0.0632,0.0198
7936,213.535,0.0631,0.0191
7937,213.561,0.0630,0.0185
7938,213.590,0.0629,0.0180
7939,213.616,0.0628,-0.0375
7940,213.639,0.0628,-0.0377
7941,213.665,0.0628,-0.0376
7942,213.689,0.0628,-0.0375
7943,213.715,0.0628,-0.0375
7944,213.741,0.0628,-0.0722
7945,213.764,0.0629,-0.0718
7946,213.789,0.0630,-0.0713
7947,213.812,0.0630,-0.0708
7948,213.840,0.0631,-0.0704
7949,213.866,0.0632,-0.0206
7950,213.890,0.0632,-0.0205
7951,213.916,0.0631,-0.0207
7952,213.939,0.0631,-0.0208
7953,213.966,0.0631,-0.0210
7954,213.993,0.0631,0.0171
7955,214.018,0.0630,0.0167
7956,214.050,0.0630,0.0162
7957,214.077,0.0629,0.0156
7958,214.106,0.0628,0.0151
7959,214.138,0.0627,0.0577
7960,214.164,0.0626,0.0569
7961,214.196,0.0625,0.0559
7962,214.221,0.0623,0.0549
7963,214.252,0.0622,0.0539
7964,214.284,0.0620,0.0179
7965,214.308,0.0619,0.0172
7966,214.341,0.0618,0.0166
7967,214.367,0.0618,0.0161
7968,214.399,0.0617,0.0155
7969,214.429,0.0616,0.0715
7970,214.453,0.0615,0.0706
7971,214.482,0.0613,0.0695
7972,214.507,0.0612,0.0684
7973,214.534,0.0610,0.0673
7974,214.563,0.0608,-0.0325
7975,214.585,0.0608,-0.0329
7976,214.609,0.0608,-0.0329
7977,214.636,0.0608,-0.0328
7978,214.662,0.0608,-0.0328
7979,214.693,0.0608,0.0052
7980,214.717,0.0608,0.0049
7981,214.747,0.0607,0.0045
7982,214.775,0.0607,0.0041
7983,214.801,0.0606,0.0037
7984,214.832,0.0605,0.0210
7985,214.855,0.0605,0.0205
7986,214.880,0.0604,0.0199
7987,214.907,0.0603,0.0194
7988,214.931,0.0602,0.0188
7989,214.957,0.0601,0.0315
7990,214.980,0.0601,0.0309
7991,215.004,0.0600,0.0302
7992,215.031,0.0600,0.0295
7993,215.055,0.0600,0.0288
7994,215.085,0.0600,0.0030
7995,215.109,0.0600,0.0026
7996,215.132,0.0600,0.0022
7997,215.159,0.0600,0.0018
7998,215.182,0.0600,0.0015
7999,215.208,0.0600,0.0134
8000,215.232,0.0600,0.0643
8001,215.259,0.0600,0.0633
8002,215.285,0.0600,0.0623
8003,215.310,0.0600,0.0614
8004,215.337,0.0600,0.0449
8005,215.361,0.0600,-0.0366
8006,215.387,0.0600,-0.0365
8007,215.416,0.0600,-0.0364
8008,215.439,0.0600,-0.0363
8009,215.477,0.0600,0.0405
8010,215.503,0.0600,0.0401
8011,215.527,0.0600,0.0393
8012,215.552,0.0600,0.0385
8013,215.579,0.0600,0.0378
8014,215.614,0.0600,0.2383
8015,215.639,0.0600,0.2363
8016,215.663,0.0600,0.2334
8017,215.688,0.0600,0.2305
8018,215.712,0.0600,0.2277
8019,215.746,0.0600,0.1108
8020,215.772,0.0600,0.1087
8021,215.797,0.0600,0.1072
8022,215.822,0.0600,0.1058
8023,215.847,0.0600,0.1043
8024,215.879,0.0600,-0.0696
8025,215.907,0.0600,-0.0698
8026,215.932,0.0600,-0.0693
8027,215.959,0.0600,-0.0687
8028,215.983,0.0600,-0.0682
8029,216.012,0.0600,-0.0951
8030,216.038,0.0600,-0.0944
8031,216.060,0.0600,-0.0937
8032,216.086,0.0600,-0.0929
8033,216.111,0.0600,-0.0921
8034,216.141,0.0600,-0.1309
8035,216.166,0.0600,-0.1298
8036,216.190,0.0600,-0.1286
8037,216.219,0.0600,-0.1274
8038,216.244,0.0600,-0.1262
8039,216.278,0.0600,-0.0900
8040,216.305,0.0600,-0.0891
8041,216.328,0.0600,-0.0884
8042,216.355,0.0600,-0.0877
8043,216.378,0.0600,-0.0870
8044,216.412,0.0600,-0.0473
8045,216.441,0.0600,-0.0470
8046,216.466,0.0600,-0.0467
8047,216.495,0.0600,-0.0465
8048,216.518,0.0600,-0.0463
8049,216.549,0.0600,-0.0132
8050,216.578,0.0600,-0.0132
8051,216.602,0.0600,-0.0134
8052,216.630,0.0600,-0.0135
8053,216.655,0.0600,-0.0136
8054,216.686,0.0600,-0.0290
8055,216.715,0.0600,-0.0290
8056,216.739,0.0600,-0.0289
8057,216.767,0.0600,-0.0289
8058,216.797,0.0600,-0.0289
8059,216.825,0.0600,0.0891
8060,216.854,0.0600,0.0882
8061,216.878,0.0600,0.0869
8062,216.903,0.0600,0.0855
8063,216.932,0.0600,0.0842
8064,216.957,0.0600,-0.1037
8065,216.980,0.0600,-0.1037
8066,217.004,0.0600,-0.1027
8067,217.030,0.0600,-0.1018
8068,217.055,0.0600,-0.1009
8069,217.079,0.0600,0.0456
8070,217.106,0.0600,0.0454
8071,217.131,0.0600,0.0446
8072,217.157,0.0600,0.0438
8073,217.183,0.0600,0.0430
8074,217.207,0.0600,0.0034
8075,217.233,0.0600,0.0029
8076,217.258,0.0600,0.0026
8077,217.283,0.0600,0.0023
8078,217.311,0.0600,0.0020
8079,217.337,0.0600,-0.0980
8080,217.366,0.0600,-0.0975
8081,217.395,0.0600,-0.0966
8082,217.420,0.0600,-0.0958
8083,217.446,0.0600,-0.0949
8084,217.472,0.0600,-0.0782
8085,217.500,0.0600,-0.0775
8086,217.524,0.0600,-0.0769
8087,217.552,0.0600,-0.0763
8088,217.584,0.0600,-0.0757
8089,217.612,0.0600,0.0470
8090,217.643,0.0600,0.0466
8091,217.673,0.0600,0.0458
8092,217.698,0.0600,0.0451
8093,217.728,0.0600,0.0443
8094,217.758,0.0600,0.0321
8095,217.784,0.0600,0.0314
8096,217.817,0.0600,0.0307
8097,217.844,0.0600,0.0301
8098,217.879,0.0600,0.0295
8099,217.914,0.0600,0.0713
8100,217.944,0.0600,0.0703
8101,217.977,0.0600,0.0693
8102,218.004,0.0600,0.0682
8103,218.029,0.0600,0.0671
8104,218.052,0.0600,-0.0418
8105,218.077,0.0600,-0.0421
8106,218.108,0.0600,-0.0419
8107,218.130,0.0600,-0.0417
8108,218.155,0.0600,-0.0415
8109,218.180,0.0600,-0.0600
8110,218.209,0.0600,-0.0596
8111,218.240,0.0600,-0.0592
8112,218.265,0.0600,-0.0588
8113,218.293,0.0600,-0.0584
8114,218.322,0.0600,-0.1020
8115,218.344,0.0600,-0.1012
8116,218.372,0.0600,-0.1003
8117,218.397,0.0600,-0.0994
8118,218.423,0.0600,-0.0986
8119,218.451,0.0600,-0.0345
8120,218.478,0.0600,-0.0341
8121,218.510,0.0600,-0.0340
8122,218.538,0.0600,-0.0339
8123,218.567,0.0600,-0.0338
8124,218.596,0.0600,0.1044
8125,218.618,0.0600,0.1034
8126,218.647,0.0600,0.1019
8127,218.672,0.0600,0.1005
8128,218.697,0.0600,0.0991
8129,218.725,0.0600,-0.0155
8130,218.746,0.0600,-0.0160
8131,218.771,0.0600,-0.0160
8132,218.795,0.0600,-0.0161
8133,218.817,0.0600,-0.0162
8134,218.844,0.0600,0.0726
8135,218.868,0.0600,0.0718
8136,218.896,0.0600,0.0707
8137,218.921,0.0600,0.0696
8138,218.946,0.0600,0.0685
8139,218.971,0.0600,-0.0172
8140,218.993,0.0600,-0.0176
8141,219.017,0.0600,-0.0177
8142,219.041,0.0600,-0.0178
8143,219.067,0.0600,-0.0178
8144,219.095,0.0600,0.0296
8145,219.122,0.0600,0.0292
8146,219.149,0.0600,0.0286
8147,219.173,0.0600,0.0280
8148,219.202,0.0600,0.0274
8149,219.233,0.0600,0.0659
8150,219.257,0.0600,0.0650
8151,219.286,0.0600,0.0641
8152,219.310,0.0600,0.0631
8153,219.336,0.0600,0.0621
8154,219.367,0.0600,-0.0462
8155,219.392,0.0600,-0.0462
8156,219.422,0.0600,-0.0459
8157,219.446,0.0600,-0.0457
8158,219.472,0.0600,-0.0454
8159,219.507,0.0600,-0.0219
8160,219.531,0.0600,-0.0219
8161,219.560,0.0600,-0.0219
8162,219.587,0.0600,-0.0219
8163,219.610,0.0600,-0.0219
8164,219.638,0.0601,-0.0046
8165,219.663,0.0600,0.1048
8166,219.690,0.0600,0.1034
8167,219.720,0.0600,0.1020
8168,219.743,0.0600,0.1006
8169,219.766,0.0600,0.0993
8170,219.791,0.0600,0.1118
8171,219.816,0.0600,0.1103
8172,219.841,0.0600,0.1088
8173,219.865,0.0600,0.1073
8174,219.907,0.0600,-0.1085
8175,219.935,0.0600,-0.1084
8176,219.956,0.0600,-0.1074
8177,219.980,0.0600,-0.1064
8178,220.004,0.0600,-0.1054
8179,220.045,0.0600,0.0183
8180,220.068,0.0600,0.0181
8181,220.095,0.0600,0.0177
8182,220.124,0.0600,0.0172
8183,220.147,0.0600,0.0168
8184,220.181,0.0600,0.0452
8185,220.208,0.0600,0.0445
8186,220.236,0.0600,0.0438
8187,220.263,0.0600,0.0430
8188,220.286,0.0600,0.0423
8189,220.327,0.0600,0.1748
8190,220.354,0.0600,0.1731
8191,220.379,0.0600,0.1711
8192,220.408,0.0600,0.1692
8193,220.431,0.0600,0.1672
8194,220.471,0.0600,-0.0265
8195,220.497,0.0600,-0.0271
8196,220.523,0.0600,-0.0270
8197,220.551,0.0600,-0.0270
8198,220.576,0.0600,-0.0269
8199,220.607,0.0600,0.0779
8200,220.637,0.0600,0.0773
8201,220.661,0.0600,0.0763
8202,220.689,0.0600,0.0752
8203,220.714,0.0600,0.0742
8204,220.746,0.0600,-0.0560
8205,220.774,0.0600,-0.0561
8206,220.796,0.0600,-0.0557
8207,220.824,0.0600,-0.0553
8208,220.847,0.0600,-0.0549
8209,220.877,0.0600,-0.0590
8210,220.905,0.0600,-0.0585
8211,220.929,0.0600,-0.0581
8212,220.957,0.0600,-0.0577
8213,220.981,0.0600,-0.0573
8214,221.010,0.0600,-0.1520
8215,221.038,0.0600,-0.1509
8216,221.061,0.0600,-0.1494
8217,221.089,0.0600,-0.1480
8218,221.116,0.0600,-0.1465
8219,221.142,0.0600,-0.1161
8220,221.172,0.0600,-0.1150
8221,221.200,0.0600,-0.1139
8222,221.232,0.0600,-0.1129
8223,221.262,0.0600,-0.1119
8224,221.289,0.0600,-0.2370
8225,221.322,0.0600,-0.2350
8226,221.348,0.0600,-0.2326
8227,221.379,0.0600,-0.2301
8228,221.407,0.0600,-0.2277
8229,221.435,0.0600,-0.2612
8230,221.467,0.0600,-0.2585
8231,221.493,0.0600,-0.2558
8232,221.523,0.0600,-0.2531
8233,221.551,0.0600,-0.2504
8234,221.579,0.0600,-0.2414
8235,221.603,0.0600,-0.2389
8236,221.629,0.0600,-0.2364
8237,221.653,0.0600,-0.2339
8238,221.678,0.0600,-0.2314
8239,221.701,0.0600,-0.3298
8240,221.727,0.0600,-0.3267
8241,221.752,0.0600,-0.3233
8242,221.775,0.0600,-0.3198
8243,221.802,0.0600,-0.3165
8244,221.828,0.0600,-0.4599
8245,221.858,0.0600,-0.4553
8246,221.888,0.0600,-0.4500
8247,221.912,0.0600,-0.4448
8248,221.938,0.0600,-0.4396
8249,221.963,0.0600,-0.4093
8250,221.988,0.0600,-0.4048
8251,222.013,0.0600,-0.4005
8252,222.038,0.0600,-0.3963
8253,222.065,0.0600,-0.3921
8254,222.090,0.0600,-0.4655
8255,222.118,0.0600,-0.4608
8256,222.158,0.0600,-0.4559
8257,222.188,0.0600,-0.4510
8258,222.217,0.0600,-0.4461
8259,222.239,0.0600,-0.4906
8260,222.263,0.0600,-0.4853
8261,222.289,0.0600,-0.4798
8262,222.310,0.0600,-0.4744
8263,222.339,0.0600,-0.4691
8264,222.367,0.0600,-0.6894
8265,222.392,0.0600,-0.6823
8266,222.418,0.0600,-0.6740
8267,222.442,0.0600,-0.6659
8268,222.470,0.0600,-0.6579
8269,222.499,0.0600,-0.6094
8270,222.523,0.0600,-0.6020
8271,222.553,0.0600,-0.5949
8272,222.576,0.0600,-0.5878
8273,222.605,0.0600,-0.5809
8274,222.635,0.0600,-0.6432
8275,222.660,0.0600,-0.6361
8276,222.689,0.0600,-0.6288
8277,222.713,0.0600,-0.6216
8278,222.742,0.0600,-0.6144
8279,222.767,0.0600,-0.6468
8280,222.791,0.0600,-0.6392
8281,222.818,0.0600,-0.6316
8282,222.844,0.0601,-0.6241
8283,222.869,0.0607,-0.6167
8284,222.899,0.0600,-0.4105
8285,222.920,0.0600,-0.4050
8286,222.949,0.0600,-0.4004
8287,222.973,0.0600,-0.3959
8288,223.000,0.0600,-0.3914
8289,223.028,0.0600,-0.3586
8290,223.051,0.0600,-0.3546
8291,223.077,0.0600,-0.3507
8292,223.100,0.0603,-0.3468
8293,223.125,0.0606,-0.3430
8294,223.151,0.0600,-0.4396
8295,223.176,0.0600,-0.4350
8296,223.206,0.0600,-0.4299
8297,223.230,0.0600,-0.4250
8298,223.257,0.0600,-0.4201
8299,223.286,0.0600,-0.4302
8300,223.309,0.0600,-0.4253
8301,223.335,0.0600,-0.4204
8302,223.362,0.0600,-0.4156
8303,223.389,0.0600,-0.4108
8304,223.417,0.0600,-0.3389
8305,223.439,0.0600,-0.3350
8306,223.467,0.0600,-0.3314
8307,223.491,0.0600,-0.3278
8308,223.517,0.0600,-0.3243
8309,223.545,0.0600,-0.1687
8310,223.568,0.0600,-0.1666
8311,223.592,0.0600,-0.1652
8312,223.617,0.0600,-0.1637
8313,223.643,0.0600,-0.1623
8314,223.677,0.0600,-0.1355
8315,223.704,0.0600,-0.1344
8316,223.733,0.0600,-0.1333
8317,223.757,0.0600,-0.1322
8318,223.780,0.0600,-0.1311
8319,223.813,0.0600,-0.1163
8320,223.838,0.0600,-0.1153
8321,223.866,0.0600,-0.1145
8322,223.893,0.0600,-0.1136
8323,223.918,0.0600,-0.1127
8324,223.952,0.0600,-0.1295
8325,223.976,0.0600,-0.1285
8326,224.001,0.0600,-0.1275
8327,224.027,0.0600,-0.1265
8328,224.053,0.0600,-0.1255
8329,224.082,0.0600,-0.1314
8330,224.106,0.0600,-0.1333
8331,224.134,0.0600,-0.1322
8332,224.160,0.0600,-0.1312
8333,224.182,0.0600,-0.1301
8334,224.209,0.0602,-0.1120
8335,224.235,0.0600,0.0175
8336,224.261,0.0600,0.0170
8337,224.288,0.0600,0.0165
8338,224.312,0.0600,0.0160
8339,224.350,0.0600,-0.0123
8340,224.377,0.0600,-0.0126
8341,224.403,0.0600,-0.0128
8342,224.431,0.0600,-0.0130
8343,224.455,0.0600,-0.0132
8344,224.489,0.0600,0.0134
8345,224.516,0.0600,0.0131
8346,224.540,0.0600,0.0126
8347,224.566,0.0600,0.0122
8348,224.590,0.0600,0.0118
8349,224.621,0.0600,-0.0181
8350,224.650,0.0600,-0.0184
8351,224.675,0.0600,-0.0185
8352,224.703,0.0600,-0.0187
8353,224.729,0.0600,-0.0188
8354,224.770,0.0600,0.0061
8355,224.801,0.0600,0.0058
8356,224.827,0.0600,0.0054
8357,224.858,0.0600,0.0051
8358,224.883,0.0600,0.0047
8359,224.918,0.0600,0.0613
8360,224.950,0.0600,0.0606
8361,224.975,0.0600,0.0598
8362,225.007,0.0600,0.0590
8363,225.034,0.0600,0.0583
8364,225.071,0.0600,0.1699
8365,225.095,0.0600,0.1685
8366,225.121,0.0600,0.1669
8367,225.148,0.0600,0.1652
8368,225.171,0.0600,0.1636
8369,225.201,0.0600,0.3133
8370,225.228,0.0600,0.3111
8371,225.252,0.0600,0.3086
8372,225.280,0.0600,0.3061
8373,225.306,0.0600,0.3035
8374,225.334,0.0600,0.0815
8375,225.360,0.0600,0.0799
8376,225.388,0.0600,0.0789
8377,225.418,0.0600,0.0780
8378,225.445,0.0600,0.0771
8379,225.475,0.0602,0.3253
8380,225.504,0.0600,0.3261
8381,225.527,0.0600,0.3238
8382,225.555,0.0600,0.3214
8383,225.582,0.0600,0.3190
8384,225.613,0.0600,0.2297
8385,225.639,0.0600,0.2277
8386,225.664,0.0600,0.2258
8387,225.693,0.0600,0.2240
8388,225.718,0.0600,0.2222
8389,225.752,0.0600,0.3174
8390,225.781,0.0600,0.3153
8391,225.805,0.0600,0.3130
8392,225.832,0.0600,0.3108
8393,225.859,0.0600,0.3086
8394,225.883,0.0600,0.2998
8395,225.912,0.0600,0.2977
8396,225.937,0.0600,0.2957
8397,225.966,0.0600,0.2936
8398,225.993,0.0600,0.2916
8399,226.018,0.0600,0.4549
8400,226.046,0.0600,0.4527
8401,226.071,0.0600,0.4502
8402,226.099,0.0600,0.4476
8403,226.130,0.0600,0.4451
8404,226.153,0.0601,0.5147
8405,226.180,0.0600,0.5138
8406,226.205,0.0600,0.5112
8407,226.231,0.0600,0.5085
8408,226.260,0.0600,0.5059
8409,226.286,0.0600,0.5594
8410,226.311,0.0600,0.5569
8411,226.340,0.0600,0.5543
8412,226.363,0.0600,0.5517
8413,226.391,0.0600,0.5491
8414,226.415,0.0600,0.5300
8415,226.443,0.0600,0.5276
8416,226.468,0.0600,0.5252
8417,226.493,0.0600,0.5228
8418,226.522,0.0600,0.5205
8419,226.545,0.0600,0.5050
8420,226.572,0.0600,0.5027
8421,226.599,0.0600,0.5004
8422,226.623,0.0600,0.4982
8423,226.648,0.0600,0.4960
8424,226.672,0.0600,0.6644
8425,226.700,0.0600,0.6623
8426,226.728,0.0600,0.6600
8427,226.751,0.0600,0.6578
8428,226.780,0.0600,0.6556
8429,226.806,0.0600,0.7595
8430,226.831,0.0600,0.7573
8431,226.859,0.0600,0.7551
8432,226.884,0.0600,0.7528
8433,226.910,0.0600,0.7506
8434,226.935,0.0595,0.4522
8435,226.962,0.0600,0.4404
8436,226.993,0.0600,0.4392
8437,227.019,0.0600,0.4380
8438,227.051,0.0600,0.4368
8439,227.076,0.0600,0.5372
8440,227.102,0.0600,0.5363
8441,227.128,0.0600,0.5353
8442,227.152,0.0600,0.5343
8443,227.177,0.0600,0.5333
8444,227.203,0.0603,0.8696
8445,227.227,0.0600,0.8745
8446,227.256,0.0600,0.8725
8447,227.280,0.0600,0.8705
8448,227.308,0.0600,0.8685
8449,227.337,0.0600,0.6883
8450,227.361,0.0600,0.6874
8451,227.390,0.0600,0.6866
8452,227.413,0.0600,0.6857
8453,227.441,0.0600,0.6849
8454,227.469,0.0607,1.0335
8455,227.493,0.0600,1.0605
8456,227.519,0.0600,1.0592
8457,227.544,0.0600,1.0579
8458,227.568,0.0600,1.0567
8459,227.594,0.0598,0.8176
8460,227.617,0.0600,0.8155
8461,227.640,0.0600,0.8148
8462,227.662,0.0600,0.8140
8463,227.688,0.0600,0.8133
8464,227.715,0.0600,0.7971
8465,227.739,0.0600,0.7964
8466,227.763,0.0600,0.7958
8467,227.791,0.0600,0.7952
8468,227.816,0.0600,0.7946
8469,227.845,0.0600,0.8525
8470,227.869,0.0600,0.8521
8471,227.895,0.0600,0.8518
8472,227.921,0.0600,0.8514
8473,227.949,0.0600,0.8510
8474,227.981,0.0600,1.0026
8475,228.005,0.0600,1.0026
8476,228.033,0.0600,1.0026
8477,228.061,0.0600,1.0026
8478,228.087,0.0600,1.0026
8479,228.118,0.0600,1.2860
8480,228.141,0.0600,1.2910
8481,228.166,0.0600,1.2909
8482,228.191,0.0600,1.2909
8483,228.218,0.0600,1.2909
8484,228.249,0.0603,1.7186
8485,228.276,0.0600,1.7215
8486,228.301,0.0600,1.7208
8487,228.329,0.0600,1.7201
8488,228.356,0.0600,1.7194
8489,228.394,0.0600,1.8200
8490,228.422,0.0600,1.8200
8491,228.452,0.0600,1.8200
8492,228.483,0.0600,1.8200
8493,228.509,0.0600,1.8200
8494,228.541,0.0600,1.8200
8495,228.567,0.0600,1.8200
8496,228.596,0.0600,1.8200
8497,228.626,0.0600,1.8200
8498,228.650,0.0600,1.8200
8499,228.682,0.0600,1.8200
8500,228.707,0.0600,1.8200
8501,228.735,0.0600,1.8200
8502,228.763,0.0600,1.8200
8503,228.788,0.0600,1.8200
8504,228.828,0.0600,1.8200
8505,228.858,0.0600,1.8200
8506,228.883,0.0600,1.8200
8507,228.911,0.0600,1.8200
8508,228.937,0.0600,1.8200
8509,228.972,0.0638,1.8200
8510,228.997,0.0661,1.8200
8511,229.023,0.0683,1.8200
8512,229.052,0.0706,1.8200
8513,229.077,0.0728,1.8200
8514,229.114,0.0856,1.8200
8515,229.140,0.1012,1.8200
8516,229.166,0.1041,1.8200
8517,229.197,0.1070,1.8200
8518,229.223,0.1099,1.8200
8519,229.262,0.1129,1.8200
8520,229.287,0.1158,1.8200
8521,229.315,0.1187,1.8200
8522,229.347,0.1216,1.8200
8523,229.372,0.1245,1.8200
8524,229.405,0.1274,1.8200
8525,229.432,0.1303,1.8200
8526,229.455,0.1332,1.8200
8527,229.483,0.1361,1.8200
8528,229.509,0.1390,1.8200
8529,229.542,0.1413,1.5236
8530,229.570,0.1445,1.5132
8531,229.594,0.1468,1.5132
8532,229.621,0.1492,1.5132
8533,229.646,0.1516,1.5132
8534,229.677,0.1499,0.9367
8535,229.700,0.1558,0.7733
8536,229.722,0.1569,0.7725
8537,229.749,0.1581,0.7718
8538,229.773,0.1592,0.7711
8539,229.804,0.1587,0.3145
8540,229.829,0.1611,0.2530
8541,229.854,0.1614,0.2526
8542,229.881,0.1616,0.2523
8543,229.908,0.1619,0.2519
8544,229.933,0.1622,0.2598
8545,229.961,0.1625,0.2592
8546,229.984,0.1628,0.2585
8547,230.009,0.1631,0.2579
8548,230.040,0.1634,0.2572
8549,230.064,0.1637,0.2969
8550,230.091,0.1640,0.2959
8551,230.117,0.1643,0.2948
8552,230.144,0.1647,0.2937
8553,230.171,0.1650,0.2926
8554,230.192,0.1654,0.3158
8555,230.217,0.1658,0.3142
8556,230.242,0.1661,0.3125
8557,230.268,0.1665,0.3109
8558,230.293,0.1669,0.3092
8559,230.320,0.1673,0.4616
8560,230.346,0.1678,0.4589
8561,230.369,0.1684,0.4558
8562,230.392,0.1690,0.4528
8563,230.418,0.1697,0.4497
8564,230.442,0.1703,0.2342
8565,230.468,0.1706,0.2322
8566,230.493,0.1709,0.2309
8567,230.517,0.1711,0.2296
8568,230.545,0.1714,0.2283
8569,230.568,0.1716,0.2085
8570,230.595,0.1718,0.2073
8571,230.619,0.1720,0.2061
8572,230.645,0.1722,0.2049
8573,230.671,0.1724,0.2038
8574,230.696,0.1726,0.2896
8575,230.724,0.1729,0.2878
8576,230.747,0.1733,0.2857
8577,230.773,0.1736,0.2837
8578,230.797,0.1739,0.2817
8579,230.824,0.1742,0.2390
8580,230.850,0.1745,0.2372
8581,230.875,0.1748,0.2354
8582,230.902,0.1750,0.2338
8583,230.927,0.1753,0.2321
8584,230.953,0.1755,0.3368
8585,230.976,0.1759,0.3341
8586,231.003,0.1763,0.3310
8587,231.027,0.1767,0.3280
8588,231.052,0.1771,0.3250
8589,231.076,0.1775,0.2131
8590,231.102,0.1778,0.2111
8591,231.130,0.1780,0.2096
8592,231.152,0.1782,0.2081
8593,231.177,0.1784,0.2066
8594,231.204,0.1786,0.2511
8595,231.229,0.1788,0.2492
8596,231.256,0.1791,0.2471
8597,231.278,0.1794,0.2450
8598,231.304,0.1796,0.2430
8599,231.328,0.1799,0.2699
8600,231.356,0.1802,0.2674
8601,231.383,0.1805,0.2649
8602,231.408,0.1808,0.2624
8603,231.434,0.1811,0.2599
8604,231.460,0.1813,0.2499
8605,231.485,0.1816,0.2476
8606,231.507,0.1819,0.2454
8607,231.531,0.1822,0.2432
8608,231.556,0.1824,0.2411
8609,231.581,0.1827,0.2579
8610,231.608,0.1830,0.2555
8611,231.635,0.1832,0.2531
8612,231.659,0.1835,0.2507
8613,231.685,0.1838,0.2484
8614,231.710,0.1840,0.2717
8615,231.736,0.1843,0.2691
8616,231.764,0.1846,0.2663
8617,231.789,0.1849,0.2636
8618,231.817,0.1852,0.2609
8619,231.848,0.1855,0.1650
8620,231.873,0.1857,0.1633
8621,231.901,0.1858,0.1622
8622,231.925,0.1860,0.1611
8623,231.952,0.1861,0.1600
8624,231.979,0.1862,0.2619
8625,232.002,0.1865,0.2596
8626,232.030,0.1867,0.2568
8627,232.052,0.1870,0.2541
8628,232.080,0.1873,0.2514
8629,232.115,0.1876,0.2550
8630,232.141,0.1878,0.2522
8631,232.172,0.1881,0.2494
8632,232.201,0.1884,0.2467
8633,232.231,0.1887,0.2440
8634,232.258,0.1889,0.1861
8635,232.284,0.1891,0.1842
8636,232.314,0.1893,0.1826
8637,232.342,0.1894,0.1811
8638,232.371,0.1896,0.1796
8639,232.398,0.1897,0.2462
8640,232.425,0.1900,0.2437
8641,232.454,0.1902,0.2410
8642,232.482,0.1905,0.2383
8643,232.508,0.1907,0.2356
8644,232.537,0.1910,0.1856
8645,232.560,0.1912,0.1837
8646,232.586,0.1913,0.1821
8647,232.615,0.1915,0.1804
8648,232.637,0.1916,0.1788
8649,232.669,0.1918,0.1319
8650,232.692,0.1919,0.1310
8651,232.718,0.1919,0.1302
8652,232.746,0.1920,0.1295
8653,232.768,0.1921,0.1287
8654,232.799,0.1922,0.1102
8655,232.824,0.1922,0.1098
8656,232.850,0.1922,0.1094
8657,232.877,0.1923,0.1090
8658,232.903,0.1923,0.1087
8659,232.932,0.1924,0.1319
8660,232.956,0.1924,0.1672
8661,232.984,0.1925,0.1658
8662,233.014,0.1926,0.1643
8663,233.038,0.1928,0.1630
8664,233.066,0.1929,0.1623
8665,233.090,0.1930,0.1621
8666,233.116,0.1931,0.1609
8667,233.142,0.1932,0.1596
8668,233.168,0.1934,0.1584
8669,233.212,0.1935,0.1126
8670,233.240,0.1935,0.1119
8671,233.264,0.1936,0.1115
8672,233.292,0.1936,0.1111
8673,233.317,0.1936,0.1107
8674,233.353,0.1937,0.1450
8675,233.378,0.1938,0.1442
8676,233.404,0.1938,0.1432
8677,233.429,0.1939,0.1422
8678,233.452,0.1940,0.1413
8679,233.489,0.1941,0.1813
8680,233.519,0.1942,0.1798
8681,233.539,0.1944,0.1781
8682,233.567,0.1945,0.1765
8683,233.592,0.1947,0.1749
8684,233.630,0.1948,0.0496
8685,233.660,0.1948,0.0497
8686,233.687,0.1947,0.0505
8687,233.714,0.1947,0.0513
8688,233.738,0.1946,0.0520
8689,233.774,0.1945,0.1535
8690,233.801,0.1946,0.1531
8691,233.824,0.1947,0.1519
8692,233.849,0.1948,0.1508
8693,233.873,0.1949,0.1497
8694,233.903,0.1950,0.0788
8695,233.929,0.1950,0.0785
8696,233.955,0.1950,0.0788
8697,233.982,0.1949,0.0790
8698,234.005,0.1949,0.0793
8699,234.036,0.1949,0.1062
8700,234.063,0.1949,0.1062
8701,234.086,0.1949,0.1059
8702,234.111,0.1949,0.1057
8703,234.136,0.1949,0.1055
8704,234.167,0.1950,0.1719
8705,234.193,0.1950,0.1710
8706,234.218,0.1952,0.1695
8707,234.243,0.1953,0.1680
8708,234.268,0.1954,0.1666
8709,234.297,0.1955,0.0502
8710,234.325,0.1955,0.0502
8711,234.350,0.1955,0.0511
8712,234.375,0.1954,0.0519
8713,234.400,0.1953,0.0527
8714,234.428,0.1952,0.0615
8715,234.456,0.1952,0.0622
8716,234.481,0.1951,0.0628
8717,234.508,0.1951,0.0635
8718,234.533,0.1950,0.0641
8719,234.561,0.1950,0.1104
8720,234.590,0.1950,0.1104
8721,234.614,0.1950,0.1102
8722,234.640,0.1950,0.1099
8723,234.665,0.1950,0.1097
8724,234.690,0.1950,0.0397
8725,234.718,0.1950,0.0403
8726,234.742,0.1949,0.0414
8727,234.768,0.1948,0.0425
8728,234.796,0.1947,0.0436
8729,234.820,0.1946,0.0953
8730,234.846,0.1946,0.0957
8731,234.869,0.1946,0.0958
8732,234.893,0.1946,0.0959
8733,234.919,0.1946,0.0960
8734,234.944,0.1946,0.0634
8735,234.972,0.1945,0.0639
8736,234.996,0.1944,0.0646
8737,235.024,0.1944,0.0653
8738,235.051,0.1943,0.0660
8739,235.076,0.1943,0.0705
8740,235.103,0.1942,0.0711
8741,235.126,0.1942,0.0717
8742,235.153,0.1941,0.0723
8743,235.181,0.1941,0.0729
8744,235.205,0.1940,0.0309
8745,235.228,0.1939,0.0320
8746,235.257,0.1938,0.0334
8747,235.277,0.1937,0.0348
8748,235.303,0.1936,0.0361
8749,235.328,0.1935,0.0334
8750,235.353,0.1933,0.0348
8751,235.378,0.1932,0.0361
8752,235.403,0.1931,0.0375
8753,235.430,0.1930,0.0389
8754,235.456,0.1929,-0.0031
8755,235.480,0.1927,-0.0014
8756,235.507,0.1926,0.0006
8757,235.531,0.1924,0.0026
8758,235.555,0.1922,0.0045
8759,235.580,0.1920,-0.0558
8760,235.608,0.1918,-0.0531
8761,235.637,0.1915,-0.0501
8762,235.660,0.1913,-0.0471
8763,235.685,0.1910,-0.0441
8764,235.710,0.1908,0.0514
8765,235.732,0.1906,0.0530
8766,235.762,0.1905,0.0541
8767,235.786,0.1904,0.0552
8768,235.818,0.1903,0.0562
8769,235.845,0.1902,0.0408
8770,235.874,0.1901,0.0420
8771,235.901,0.1900,0.0433
8772,235.928,0.1899,0.0446
8773,235.957,0.1898,0.0459
8774,235.991,0.1897,0.0055
8775,236.018,0.1895,0.0072
8776,236.048,0.1894,0.0093
8777,236.075,0.1892,0.0113
8778,236.106,0.1890,0.0133
8779,236.138,0.1888,0.0390
8780,236.164,0.1887,0.0406
8781,236.189,0.1886,0.0419
8782,236.214,0.1885,0.0433
8783,236.243,0.1884,0.0446
8784,236.271,0.1882,-0.0168
8785,236.294,0.1880,-0.0148
8786,236.322,0.1878,-0.0124
8787,236.344,0.1876,-0.0100
8788,236.370,0.1874,-0.0077
8789,236.396,0.1872,0.0361
8790,236.420,0.1870,0.0379
8791,236.445,0.1869,0.0394
8792,236.472,0.1868,0.0409
8793,236.501,0.1867,0.0424
8794,236.527,0.1865,0.0587
8795,236.550,0.1864,0.0599
8796,236.580,0.1863,0.0610
8797,236.605,0.1862,0.0621
8798,236.630,0.1861,0.0632
8799,236.660,0.1860,-0.0679
8800,236.683,0.1858,-0.0653
8801,236.711,0.1855,-0.0619
8802,236.736,0.1852,-0.0585
8803,236.764,0.1849,-0.0552
8804,236.794,0.1846,0.0225
8805,236.817,0.1844,0.0247
8806,236.844,0.1842,0.0265
8807,236.870,0.1841,0.0282
8808,236.897,0.1839,0.0300
8809,236.929,0.1838,0.0021
8810,236.953,0.1836,0.0042
8811,236.981,0.1834,0.0063
8812,237.010,0.1832,0.0085
8813,237.034,0.1830,0.0106
8814,237.065,0.1828,0.0090
8815,237.092,0.1826,0.0111
8816,237.117,0.1824,0.0132
8817,237.146,0.1822,0.0153
8818,237.171,0.1820,0.0173
8819,237.204,0.1819,-0.0173
8820,237.228,0.1816,-0.0148
8821,237.255,0.1814,-0.0122
8822,237.282,0.1812,-0.0097
8823,237.304,0.1809,-0.0072
8824,237.330,0.1807,0.0040
8825,237.353,0.1805,0.0149
8826,237.377,0.1803,0.0170
8827,237.403,0.1801,0.0190
8828,237.427,0.1800,0.0210
8829,237.455,0.1798,0.0176
8830,237.479,0.1796,-0.0282
8831,237.506,0.1793,-0.0254
8832,237.534,0.1791,-0.0227
8833,237.559,0.1788,-0.0200
8834,237.594,0.1786,-0.0937
8835,237.622,0.1782,-0.0902
8836,237.645,0.1779,-0.0863
8837,237.671,0.1775,-0.0824
8838,237.695,0.1772,-0.0786
8839,237.730,0.1768,0.0079
8840,237.756,0.1765,0.0107
8841,237.779,0.1763,0.0129
8842,237.803,0.1761,0.0150
8843,237.826,0.1759,0.0172
8844,237.864,0.1758,-0.0157
8845,237.892,0.1755,-0.0133
8846,237.914,0.1753,-0.0107
8847,237.942,0.1750,-0.0082
8848,237.967,0.1748,-0.0058
8849,238.004,0.1746,-0.0381
8850,238.031,0.1743,-0.0354
8851,238.054,0.1740,-0.0324
8852,238.081,0.1737,-0.0296
8853,238.105,0.1735,-0.0268
8854,238.135,0.1732,-0.0213
8855,238.159,0.1729,-0.0185
8856,238.180,0.1727,-0.0157
8857,238.205,0.1724,-0.0130
8858,238.231,0.1722,-0.0104
8859,238.261,0.1719,-0.0778
8860,238.286,0.1716,-0.0747
8861,238.310,0.1713,-0.0712
8862,238.335,0.1709,-0.0677
8863,238.362,0.1706,-0.0642
8864,238.389,0.1702,-0.0866
8865,238.416,0.1699,-0.0829
8866,238.441,0.1695,-0.0791
8867,238.467,0.1691,-0.0754
8868,238.492,0.1688,-0.0717
8869,238.519,0.1684,-0.0327
8870,238.546,0.1681,-0.0296
8871,238.573,0.1678,-0.0268
8872,238.599,0.1676,-0.0241
8873,238.625,0.1673,-0.0213
8874,238.657,0.1670,0.0092
8875,238.686,0.1668,0.0116
8876,238.709,0.1666,0.0138
8877,238.736,0.1664,0.0160
8878,238.765,0.1662,0.0181
8879,238.790,0.1659,-0.0594
8880,238.824,0.1657,-0.0565
8881,238.846,0.1653,-0.0531
8882,238.875,0.1650,-0.0498
8883,238.898,0.1647,-0.0466
8884,238.925,0.1644,-0.0207
8885,238.953,0.1641,-0.0178
8886,238.976,0.1638,-0.0152
8887,239.003,0.1636,-0.0125
8888,239.031,0.1633,-0.0099
8889,239.057,0.1630,-0.0313
8890,239.085,0.1628,-0.0285
8891,239.111,0.1625,-0.0256
8892,239.137,0.1622,-0.0227
8893,239.164,0.1619,-0.0199
8894,239.190,0.1617,0.0185
8895,239.216,0.1614,0.0208
8896,239.241,0.1612,0.0229
8897,239.266,0.1610,0.0250
8898,239.293,0.1608,0.0270
8899,239.316,0.1606,0.0311
8900,239.341,0.1604,0.0330
8901,239.364,0.1603,0.0348
8902,239.390,0.1601,0.0367
8903,239.417,0.1599,0.0384
8904,239.442,0.1597,0.0608
8905,239.468,0.1596,0.0623
8906,239.491,0.1594,0.0637
8907,239.519,0.1593,0.0651
8908,239.548,0.1591,0.0665
8909,239.574,0.1590,-0.0221
8910,239.606,0.1588,-0.0198
8911,239.633,0.1585,-0.0170
8912,239.661,0.1582,-0.0143
8913,239.693,0.1580,-0.0116
8914,239.719,0.1577,0.0735
8915,239.748,0.1575,0.0751
8916,239.781,0.1574,0.0763
8917,239.803,0.1573,0.0774
8918,239.830,0.1572,0.0786
8919,239.857,0.1571,-0.0231
8920,239.888,0.1569,-0.0211
8921,239.918,0.1566,-0.0184
8922,239.941,0.1563,-0.0158
8923,239.965,0.1560,-0.0131
8924,239.997,0.1558,0.0513
8925,240.018,0.1556,0.0534
8926,240.044,0.1554,0.0550
8927,240.071,0.1553,0.0565
8928,240.101,0.1551,0.0581
8929,240.126,0.1550,-0.0525
8930,240.154,0.1547,-0.0500
8931,240.181,0.1544,-0.0468
8932,240.205,0.1541,-0.0437
8933,240.233,0.1538,-0.0406
8934,240.263,0.1534,0.0445
8935,240.289,0.1532,0.0466
8936,240.316,0.1531,0.0483
8937,240.338,0.1529,0.0499
8938,240.364,0.1527,0.0515
8939,240.389,0.1526,-0.0077
8940,240.413,0.1524,-0.0057
8941,240.442,0.1521,-0.0032
8942,240.466,0.1519,-0.0008
8943,240.494,0.1516,0.0015
8944,240.524,0.1514,-0.1442
8945,240.545,0.1510,-0.1405
8946,240.573,0.1505,-0.1360
8947,240.597,0.1500,-0.1316
8948,240.620,0.1496,-0.1272
8949,240.648,0.1491,0.0350
8950,240.674,0.1488,0.0377
8951,240.703,0.1486,0.0395
8952,240.729,0.1485,0.0413
8953,240.756,0.1483,0.0430
8954,240.784,0.1481,-0.0016
8955,240.807,0.1479,0.0004
8956,240.835,0.1477,0.0027
8957,240.868,0.1474,0.0049
8958,240.898,0.1472,0.0070
8959,240.928,0.1469,-0.0470
8960,240.950,0.1466,-0.0442
8961,240.976,0.1463,-0.0411
8962,241.006,0.1460,-0.0382
8963,241.033,0.1457,-0.0352
8964,241.061,0.1454,0.0604
8965,241.085,0.1452,0.0623
8966,241.115,0.1451,0.0636
8967,241.139,0.1449,0.0650
8968,241.164,0.1448,0.0663
8969,241.192,0.1447,0.0560
8970,241.216,0.1445,0.0573
8971,241.244,0.1444,0.0587
8972,241.270,0.1442,0.0601
8973,241.296,0.1441,0.0614
8974,241.325,0.1440,0.0467
8975,241.350,0.1438,0.0482
8976,241.379,0.1436,0.0498
8977,241.404,0.1435,0.0513
8978,241.429,0.1433,0.0528
8979,241.459,0.1432,-0.0349
8980,241.485,0.1429,-0.0324
8981,241.510,0.1426,-0.0296
8982,241.537,0.1423,-0.0269
8983,241.557,0.1420,-0.0242
8984,241.592,0.1418,0.0269
8985,241.616,0.1415,0.0288
8986,241.646,0.1414,0.0307
8987,241.670,0.1412,0.0325
8988,241.697,0.1410,0.0342
8989,241.724,0.1408,0.0360
8990,241.749,0.1406,0.0982
8991,241.779,0.1405,0.0989
8992,241.806,0.1405,0.0996
8993,241.832,0.1404,0.1003
8994,241.861,0.1403,0.0552
8995,241.887,0.1402,0.0020
8996,241.913,0.1400,0.0043
8997,241.938,0.1397,0.0065
8998,241.964,0.1395,0.0087
8999,242.006,0.1393,-0.0445
9000,242.032,0.1390,-0.0419
9001,242.058,0.1387,-0.0391
9002,242.086,0.1384,-0.0363
9003,242.110,0.1381,-0.0336
9004,242.152,0.1378,0.1013
9005,242.179,0.1377,0.1025
9006,242.206,0.1376,0.1032
9007,242.233,0.1375,0.1038
9008,242.257,0.1375,0.1044
9009,242.294,0.1374,0.0054
9010,242.319,0.1372,0.0072
9011,242.344,0.1370,0.0093
9012,242.373,0.1368,0.0114
9013,242.398,0.1366,0.0134
9014,242.430,0.1363,-0.0346
9015,242.455,0.1361,-0.0321
9016,242.480,0.1358,-0.0295
9017,242.506,0.1355,-0.0269
9018,242.528,0.1352,-0.0243
9019,242.563,0.1349,0.0300
9020,242.587,0.1347,0.0319
9021,242.607,0.1346,0.0335
9022,242.631,0.1344,0.0351
9023,242.654,0.1342,0.0367
9024,242.686,0.1340,-0.0605
9025,242.713,0.1337,-0.0578
9026,242.738,0.1334,-0.0548
9027,242.767,0.1331,-0.0519
9028,242.791,0.1328,-0.0490
9029,242.825,0.1325,-0.0030
9030,242.852,0.1322,-0.0008
9031,242.877,0.1320,0.0013
9032,242.905,0.1318,0.0032
9033,242.930,0.1315,0.0052
9034,242.964,0.1313,0.0534
9035,242.990,0.1311,0.0550
9036,243.017,0.1310,0.0563
9037,243.046,0.1309,0.0575
9038,243.072,0.1307,0.0587
9039,243.106,0.1306,-0.0169
9040,243.136,0.1304,-0.0151
9041,243.163,0.1301,-0.0130
9042,243.193,0.1299,-0.0109
9043,243.220,0.1297,-0.0088
9044,243.252,0.1294,-0.0234
9045,243.278,0.1292,-0.0211
9046,243.304,0.1289,-0.0188
9047,243.330,0.1286,-0.0165
9048,243.358,0.1284,-0.0142
9049,243.385,0.1282,-0.0098
9050,243.419,0.1279,-0.0077
9051,243.445,0.1277,-0.0056
9052,243.472,0.1274,-0.0036
9053,243.496,0.1272,-0.0016
9054,243.525,0.1270,-0.0449
9055,243.551,0.1267,-0.0425
9056,243.575,0.1264,-0.0400
9057,243.599,0.1262,-0.0375
9058,243.626,0.1259,-0.0351
9059,243.650,0.1256,-0.0589
9060,243.678,0.1253,-0.0565
9061,243.706,0.1250,-0.0539
9062,243.733,0.1247,-0.0513
9063,243.764,0.1244,-0.0488
9064,243.790,0.1241,-0.0505
9065,243.820,0.1238,-0.0479
9066,243.847,0.1235,-0.0453
9067,243.875,0.1232,-0.0428
9068,243.903,0.1229,-0.0403
9069,243.928,0.1227,-0.0377
9070,243.956,0.1224,-0.0354
9071,243.984,0.1221,-0.0331
9072,244.007,0.1218,-0.0309
9073,244.036,0.1216,-0.0286
9074,244.061,0.1213,-0.0268
9075,244.086,0.1211,-0.0246
9076,244.115,0.1208,-0.0225
9077,244.138,0.1206,-0.0204
9078,244.164,0.1203,-0.0183
9079,244.190,0.1201,0.0448
9080,244.217,0.1199,0.0461
9081,244.242,0.1198,0.0472
9082,244.265,0.1197,0.0483
9083,244.293,0.1196,0.0493
9084,244.318,0.1194,0.0151
9085,244.345,0.1193,0.0166
9086,244.373,0.1191,0.0181
9087,244.399,0.1189,0.0197
9088,244.426,0.1188,0.0212
9089,244.450,0.1186,-0.1245
9090,244.475,0.1183,-0.1220
9091,244.503,0.1179,-0.1187
9092,244.527,0.1175,-0.1155
9093,244.558,0.1171,-0.1123
9094,244.584,0.1167,-0.0391
9095,244.609,0.1164,-0.0366
9096,244.635,0.1161,-0.0345
9097,244.657,0.1159,-0.0325
9098,244.684,0.1156,-0.0305
9099,244.709,0.1128,0.0800
9100,244.734,0.1126,0.0810
9101,244.762,0.1126,0.0815
9102,244.788,0.1125,0.0819
9103,244.815,0.1125,0.0824
9104,244.841,0.1135,0.1559
9105,244.865,0.1136,0.1556
9106,244.892,0.1136,0.1551
9107,244.916,0.1137,0.1546
9108,244.939,0.1138,0.1540
9109,244.966,0.1102,0.2450
9110,244.986,0.1103,0.2437
9111,245.014,0.1105,0.2418
9112,245.038,0.1107,0.2400
9113,245.066,0.1109,0.2382
9114,245.093,0.1064,0.1961
9115,245.115,0.1066,0.1947
9116,245.143,0.1067,0.1935
9117,245.166,0.1068,0.1923
9118,245.190,0.1069,0.1912
9119,245.217,0.1085,0.1665
9120,245.241,0.1086,0.1657
9121,245.265,0.1087,0.1649
9122,245.289,0.1088,0.1642
9123,245.315,0.1089,0.1635
9124,245.343,0.1064,0.2474
9125,245.369,0.1066,0.2460
9126,245.397,0.1068,0.2441
9127,245.422,0.1070,0.2423
9128,245.453,0.1072,0.2405
9129,245.482,0.1084,0.3564
9130,245.506,0.1087,0.3536
9131,245.532,0.1090,0.3504
9132,245.556,0.1094,0.3471
9133,245.583,0.1098,0.3439
9134,245.610,0.1106,0.2968
9135,245.635,0.1109,0.2941
9136,245.661,0.1112,0.2915
9137,245.686,0.1115,0.2890
9138,245.712,0.1117,0.2866
9139,245.747,0.1083,0.4192
9140,245.772,0.1087,0.4154
9141,245.795,0.1091,0.4111
9142,245.822,0.1095,0.4069
9143,245.845,0.1100,0.4028
9144,245.878,0.1105,0.3195
9145,245.901,0.1108,0.3165
9146,245.928,0.1111,0.3139
9147,245.953,0.1114,0.3113
9148,245.977,0.1117,0.3087
9149,246.009,0.1106,0.3790
9150,246.034,0.1109,0.3755
9151,246.063,0.1113,0.3718
9152,246.092,0.1117,0.3681
9153,246.114,0.1121,0.3646
9154,246.143,0.1123,0.3781
9155,246.167,0.1087,0.4855
9156,246.194,0.1092,0.4802
9157,246.222,0.1097,0.4750
9158,246.245,0.1102,0.4699
9159,246.274,0.1095,0.4451
9160,246.299,0.1066,0.3898
9161,246.327,0.1069,0.3859
9162,246.358,0.1073,0.3822
9163,246.382,0.1077,0.3785
9164,246.417,0.1071,0.4325
9165,246.443,0.1075,0.4283
9166,246.468,0.1079,0.4240
9167,246.496,0.1083,0.4197
9168,246.519,0.1087,0.4155
9169,246.558,0.1071,0.4922
9170,246.583,0.1075,0.4878
9171,246.607,0.1080,0.4830
9172,246.632,0.1085,0.4782
9173,246.660,0.1090,0.4736
9174,246.701,0.1003,0.6038
9175,246.727,0.1009,0.5977
9176,246.757,0.1015,0.5911
9177,246.786,0.1020,0.5846
9178,246.815,0.1026,0.5783
9179,246.855,0.0902,0.7581
9180,246.884,0.0908,0.7500
9181,246.912,0.0915,0.7411
9182,246.941,0.0922,0.7323
9183,246.968,0.0929,0.7237
9184,247.002,0.0891,0.7484
9185,247.033,0.0898,0.7397
9186,247.060,0.0904,0.7309
9187,247.088,0.0910,0.7222
9188,247.115,0.0917,0.7136
9189,247.144,0.0893,0.5997
9190,247.172,0.0899,0.5927
9191,247.196,0.0904,0.5863
9192,247.226,0.0908,0.5800
9193,247.248,0.0913,0.5738
9194,247.280,0.0802,0.7561
9195,247.308,0.0807,0.7483
9196,247.332,0.0812,0.7396
9197,247.358,0.0818,0.7310
9198,247.388,0.0823,0.7225
9199,247.414,0.0830,0.5426
9200,247.441,0.0834,0.5360
9201,247.466,0.0838,0.5301
9202,247.494,0.0842,0.5244
9203,247.520,0.0846,0.5187
9204,247.547,0.0755,0.5805
9205,247.573,0.0758,0.5747
9206,247.596,0.0762,0.5686
9207,247.625,0.0766,0.5626
9208,247.650,0.0769,0.5567
9209,247.684,0.0697,0.5289
9210,247.714,0.0701,0.5233
9211,247.739,0.0704,0.5178
9212,247.765,0.0707,0.5124
9213,247.793,0.0710,0.5070
9214,247.816,0.0699,0.4373
9215,247.842,0.0701,0.4325
9216,247.866,0.0704,0.4281
9217,247.893,0.0706,0.4238
9218,247.917,0.0708,0.4195
9219,247.947,0.0640,0.4857
9220,247.973,0.0642,0.4810
9221,247.999,0.0645,0.4761
9222,248.026,0.0648,0.4712
9223,248.052,0.0650,0.4665
9224,248.077,0.0667,0.3484
9225,248.103,0.0669,0.3447
9226,248.128,0.0671,0.3415
9227,248.152,0.0672,0.3384
9228,248.178,0.0674,0.3353
9229,248.204,0.0617,0.3690
9230,248.228,0.0619,0.3658
9231,248.252,0.0620,0.3624
9232,248.277,0.0622,0.3591
9233,248.301,0.0624,0.3558
9234,248.328,0.0630,0.3529
9235,248.354,0.0631,0.3498
9236,248.380,0.0633,0.3467
9237,248.405,0.0635,0.3436
9238,248.432,0.0636,0.3405
9239,248.457,0.0600,0.3276
9240,248.483,0.0600,0.3248
9241,248.512,0.0600,0.3221
9242,248.534,0.0600,0.3194
9243,248.559,0.0600,0.3167
9244,248.586,0.0575,-0.0854
9245,248.612,0.0600,-0.2268
9246,248.637,0.0600,-0.2242
9247,248.662,0.0600,-0.2216
9248,248.686,0.0600,-0.2190
9249,248.710,0.0619,0.2056
9250,248.737,0.0600,0.2888
9251,248.764,0.0600,0.2868
9252,248.787,0.0600,0.2848
9253,248.816,0.0600,0.2828
9254,248.842,0.0563,-0.1402
9255,248.869,0.0600,-0.3707
9256,248.894,0.0600,-0.3675
9257,248.919,0.0600,-0.3644
9258,248.945,0.0600,-0.3612
9259,248.969,0.0600,-0.2298
9260,248.996,0.0600,-0.2270
9261,249.021,0.0600,-0.2246
9262,249.046,0.0600,-0.2223
9263,249.072,0.0600,-0.2200
9264,249.098,0.0600,-0.3399
9265,249.123,0.0600,-0.3373
9266,249.152,0.0600,-0.3344
9267,249.176,0.0600,-0.3315
9268,249.201,0.0600,-0.3286
9269,249.230,0.0600,-0.4042
9270,249.252,0.0600,-0.4011
9271,249.277,0.0600,-0.3978
9272,249.301,0.0600,-0.3945
9273,249.325,0.0600,-0.3912
9274,249.351,0.0600,-0.4673
9275,249.377,0.0600,-0.4641
9276,249.402,0.0600,-0.4607
9277,249.427,0.0600,-0.4573
9278,249.452,0.0600,-0.4539
9279,249.479,0.0600,-0.4140
9280,249.503,0.0600,-0.4107
9281,249.530,0.0600,-0.4074
9282,249.553,0.0600,-0.4042
9283,249.579,0.0600,-0.4010
9284,249.603,0.0600,-0.5397
9285,249.627,0.0600,-0.5369
9286,249.657,0.0600,-0.5338
9287,249.683,0.0600,-0.5307
9288,249.711,0.0600,-0.5277
9289,249.737,0.0600,-0.5819
9290,249.762,0.0600,-0.5788
9291,249.790,0.0600,-0.5757
9292,249.814,0.0600,-0.5725
9293,249.839,0.0600,-0.5694
9294,249.868,0.0600,-0.5950
9295,249.892,0.0600,-0.5916
9296,249.917,0.0600,-0.5882
9297,249.947,0.0600,-0.5848
9298,249.975,0.0600,-0.5815
9299,250.006,0.0600,-0.7172
9300,250.029,0.0600,-0.7144
9301,250.057,0.0600,-0.7114
9302,250.083,0.0600,-0.7084
9303,250.110,0.0600,-0.7055
9304,250.142,0.0600,-0.7127
9305,250.166,0.0600,-0.7098
9306,250.194,0.0600,-0.7069
9307,250.217,0.0600,-0.7040
9308,250.246,0.0600,-0.7012
9309,250.280,0.0600,-0.8217
9310,250.307,0.0600,-0.8190
9311,250.337,0.0600,-0.8161
9312,250.366,0.0600,-0.8133
9313,250.395,0.0600,-0.8105
9314,250.433,0.0600,-0.9009
9315,250.460,0.0600,-0.8983
9316,250.490,0.0600,-0.8957
9317,250.523,0.0600,-0.8931
9318,250.549,0.0600,-0.8905
9319,250.581,0.0598,-0.9051
9320,250.608,0.0600,-1.1456
9321,250.635,0.0600,-1.1441
9322,250.663,0.0600,-1.1427
9323,250.689,0.0600,-1.1412
9324,250.716,0.0599,-1.2238
9325,250.740,0.0600,-1.3059
9326,250.767,0.0600,-1.3048
9327,250.793,0.0600,-1.3036
9328,250.816,0.0600,-1.3025
9329,250.853,0.0600,-1.4084
9330,250.882,0.0600,-1.4079
9331,250.901,0.0600,-1.4073
9332,250.929,0.0600,-1.4067
9333,250.957,0.0600,-1.4062
9334,250.989,0.0600,-1.5526
9335,251.016,0.0600,-1.5526
9336,251.039,0.0600,-1.5526
9337,251.067,0.0600,-1.5526
9338,251.091,0.0600,-1.5526
9339,251.124,0.0600,-1.5953
9340,251.153,0.0600,-1.5953
9341,251.173,0.0600,-1.5953
9342,251.198,0.0600,-1.5953
9343,251.223,0.0600,-1.5953
9344,251.257,0.0600,-1.7677
9345,251.281,0.0600,-1.7677
9346,251.304,0.0600,-1.7677
9347,251.329,0.0600,-1.7677
9348,251.352,0.0600,-1.7677
9349,251.387,0.0600,-1.8200
9350,251.412,0.0600,-1.8200
9351,251.433,0.0600,-1.8200
9352,251.460,0.0600,-1.8200
9353,251.486,0.0600,-1.8200
9354,251.515,0.0603,-1.5149
9355,251.542,0.0600,-1.5125
9356,251.565,0.0600,-1.5125
9357,251.592,0.0600,-1.5125
9358,251.618,0.0600,-1.5125
9359,251.648,0.0600,-1.3984
9360,251.675,0.0600,-1.3984
9361,251.699,0.0600,-1.3984
9362,251.727,0.0602,-1.3970
9363,251.752,0.0606,-1.3942
9364,251.785,0.0600,-1.5614
9365,251.813,0.0600,-1.5614
9366,251.838,0.0600,-1.5614
9367,251.865,0.0600,-1.5614
9368,251.889,0.0600,-1.5614
9369,251.914,0.0600,-1.8200
9370,251.938,0.0600,-1.8200
9371,251.961,0.0600,-1.8200
9372,251.987,0.0600,-1.8200
9373,252.010,0.0600,-1.8200
9374,252.039,0.0600,-1.8200
9375,252.066,0.0600,-1.8200
9376,252.089,0.0600,-1.8200
9377,252.115,0.0600,-1.8200
9378,252.139,0.0600,-1.8200
9379,252.168,0.0600,-1.8200
9380,252.194,0.0600,-1.8200
9381,252.218,0.0600,-1.8200
9382,252.244,0.0600,-1.8200
9383,252.272,0.0600,-1.8200
9384,252.295,0.0600,-1.8200
9385,252.319,0.0600,-1.8200
9386,252.343,0.0600,-1.8200
9387,252.370,0.0600,-1.8200
9388,252.395,0.0600,-1.8200
9389,252.419,0.0600,-1.8200
9390,252.442,0.0600,-1.8200
9391,252.465,0.0600,-1.8200
9392,252.487,0.0600,-1.8200
9393,252.512,0.0600,-1.8200
9394,252.536,0.0661,-1.8200
9395,252.563,0.0692,-1.8200
9396,252.587,0.0718,-1.8200
9397,252.611,0.0744,-1.8200
9398,252.636,0.0770,-1.8200
9399,252.660,0.0870,-1.8200
9400,252.686,0.0913,-1.8200
9401,252.710,0.0942,-1.8200
9402,252.733,0.0970,-1.8200
9403,252.760,0.0999,-1.8200
9404,252.783,0.1027,-1.8200
9405,252.807,0.1056,-1.8200
9406,252.833,0.1084,-1.8200
9407,252.856,0.1113,-1.8200
9408,252.883,0.1141,-1.8200
9409,252.906,0.1169,-1.7367
9410,252.932,0.1196,-1.7301
9411,252.960,0.1223,-1.7237
9412,252.980,0.1249,-1.7173
9413,253.006,0.1276,-1.7110
9414,253.031,0.1302,-0.8513
9415,253.056,0.1319,-0.8477
9416,253.081,0.1395,-0.8903
9417,253.105,0.1343,-0.8425
9418,253.131,0.1354,-0.8400
9419,253.155,0.1366,0.7893
9420,253.182,0.1360,0.7879
9421,253.209,0.1349,0.7851
9422,253.234,0.1334,0.7812
9423,253.259,0.1319,0.7773
9424,253.284,0.1304,0.9361
9425,253.305,0.1287,0.9317
9426,253.330,0.1269,0.9269
9427,253.351,0.1252,0.9223
9428,253.377,0.1234,0.9176
9429,253.403,0.1217,0.9843
9430,253.428,0.1199,0.9771
9431,253.455,0.1177,0.9669
9432,253.479,0.1163,0.9626
9433,253.505,0.1793,0.5040
9434,253.532,0.1130,0.9047
9435,253.557,0.1113,0.8968
9436,253.583,0.0544,0.5037
9437,253.606,0.1084,0.8832
9438,253.634,0.1543,0.5438
9439,253.658,0.1053,0.9521
9440,253.684,0.1036,0.9442
9441,253.708,0.1019,0.9361
9442,253.733,0.1382,0.6667
9443,253.760,0.0990,0.9223
9444,253.786,0.0613,0.7737
9445,253.811,0.1127,0.8991
9446,253.838,0.0940,1.0091
9447,253.861,0.0923,1.0009
9448,253.888,0.0906,0.9932
9449,253.913,0.0890,0.9814
9450,253.937,0.0741,0.8807
9451,253.963,0.0331,0.4947
9452,253.988,0.0846,0.9596
9453,254.016,0.0831,0.9523
9454,254.046,0.0814,0.8408
9455,254.073,0.0798,0.8324
9456,254.099,0.0783,0.8245
9457,254.121,0.0769,0.8166
9458,254.149,0.0754,0.8089
9459,254.178,0.0740,0.9318
9460,254.200,0.0724,0.9247
9461,254.227,0.0708,0.9173
9462,254.252,0.0692,0.9100
9463,254.277,0.0676,0.9027
9464,254.304,0.0660,0.9098
9465,254.329,0.0644,0.9031
9466,254.359,0.0629,0.8965
9467,254.387,0.0613,0.8898
9468,254.418,0.0600,0.8833
9469,254.451,0.0600,0.7530
9470,254.484,0.0600,0.7471
9471,254.518,0.0600,0.7414
9472,254.549,0.0600,0.7359
9473,254.575,0.0600,0.7304
9474,254.615,0.0600,0.5995
9475,254.641,0.0600,0.5947
9476,254.671,0.0600,0.5902
9477,254.701,0.0600,0.5857
9478,254.728,0.0600,0.5812
9479,254.764,0.0600,0.4912
9480,254.789,0.0600,0.4873
9481,254.815,0.0600,0.4836
9482,254.843,0.0600,0.4798
9483,254.865,0.0600,0.4761
9484,254.891,0.0600,0.4725
9485,254.919,0.0600,0.3986
9486,254.945,0.0600,0.3955
9487,254.974,0.0600,0.3925
9488,254.998,0.0600,0.3896
9489,255.026,0.0600,0.3724
9490,255.049,0.0600,0.3366
9491,255.077,0.0600,0.3342
9492,255.105,0.0600,0.3319
9493,255.131,0.0600,0.3296
9494,255.169,0.0600,0.2591
9495,255.197,0.0600,0.2572
9496,255.219,0.0600,0.2554
9497,255.247,0.0600,0.2536
9498,255.271,0.0600,0.2518
9499,255.310,0.0600,0.3324
9500,255.336,0.0600,0.3304
9501,255.357,0.0600,0.3283
9502,255.386,0.0600,0.3262
9503,255.409,0.0600,0.3241
9504,255.448,0.0600,-0.0387
9505,255.474,0.0600,-0.0394
9506,255.501,0.0600,-0.0393
9507,255.528,0.0719,0.0441
9508,255.553,0.0600,-0.0393
9509,255.594,0.0600,-0.3257
9510,255.620,0.0600,-0.3241
9511,255.643,0.0600,-0.3217
9512,255.669,0.0600,-0.3193
9513,255.693,0.0600,-0.3169
9514,255.730,0.0600,-0.3125
9515,255.757,0.0600,-0.3102
9516,255.780,0.0600,-0.3079
9517,255.805,0.0600,-0.3057
9518,255.833,0.0600,-0.3034
9519,255.865,0.0600,-0.2426
9520,255.894,0.0600,-0.2406
9521,255.917,0.0600,-0.2388
9522,255.945,0.0600,-0.2370
9523,255.969,0.0600,-0.2351
9524,256.000,0.0600,-0.2757
9525,256.027,0.0600,-0.2736
9526,256.051,0.0600,-0.2715
9527,256.078,0.0600,-0.2693
9528,256.103,0.0600,-0.2672
9529,256.134,0.0600,-0.3127
9530,256.160,0.0600,-0.3101
9531,256.183,0.0600,-0.3073
9532,256.210,0.0600,-0.3046
9533,256.234,0.0600,-0.3020
9534,256.263,0.0600,-0.1269
9535,256.291,0.0600,-0.1255
9536,256.317,0.0600,-0.1246
9537,256.347,0.0600,-0.1237
9538,256.370,0.0600,-0.1229
9539,256.402,0.0600,-0.2084
9540,256.429,0.0600,-0.2069
9541,256.455,0.0600,-0.2052
9542,256.481,0.0600,-0.2036
9543,256.506,0.0600,-0.2019
9544,256.536,0.0600,-0.1723
9545,256.564,0.0600,-0.1708
9546,256.588,0.0600,-0.1694
9547,256.614,0.0600,-0.1680
9548,256.639,0.0600,-0.1666
9549,256.662,0.0600,-0.1820
9550,256.689,0.0600,-0.1806
9551,256.716,0.0600,-0.1791
9552,256.743,0.0600,-0.1777
9553,256.768,0.0600,-0.1763
9554,256.792,0.0600,-0.1001
9555,256.818,0.0600,-0.0991
9556,256.844,0.0600,-0.0984
9557,256.870,0.0600,-0.0978
9558,256.899,0.0600,-0.0971
9559,256.923,0.0600,-0.2064
9560,256.948,0.0600,-0.2052
9561,256.974,0.0600,-0.2033
9562,257.000,0.0600,-0.2016
9563,257.025,0.0600,-0.1998
9564,257.049,0.0600,-0.0779
9565,257.073,0.0600,-0.0770
9566,257.102,0.0600,-0.0766
9567,257.121,0.0600,-0.0761
9568,257.147,0.0600,-0.0757
9569,257.173,0.0600,-0.1760
9570,257.196,0.0600,-0.1749
9571,257.224,0.0600,-0.1733
9572,257.244,0.0600,-0.1718
9573,257.271,0.0600,-0.1704
9574,257.295,0.0600,-0.0776
9575,257.318,0.0600,-0.0767
9576,257.344,0.0600,-0.0763
9577,257.367,0.0600,-0.0758
9578,257.395,0.0600,-0.0753
9579,257.423,0.0600,-0.1796
9580,257.451,0.0600,-0.1785
9581,257.475,0.0600,-0.1769
9582,257.498,0.0600,-0.1754
9583,257.523,0.0600,-0.1738
9584,257.548,0.0600,-0.1175
9585,257.572,0.0600,-0.1164
9586,257.595,0.0600,-0.1155
9587,257.617,0.0600,-0.1146
9588,257.643,0.0600,-0.1137
9589,257.666,0.0600,-0.1851
9590,257.687,0.0600,-0.1838
9591,257.712,0.0600,-0.1822
9592,257.734,0.0600,-0.1806
9593,257.759,0.0600,-0.1790
9594,257.785,0.0600,-0.1266
9595,257.808,0.0600,-0.1254
9596,257.834,0.0600,-0.1244
9597,257.859,0.0600,-0.1234
9598,257.887,0.0600,-0.1224
9599,257.915,0.0600,-0.2392
9600,257.939,0.0600,-0.2372
9601,257.966,0.0600,-0.2349
9602,257.989,0.0600,-0.2326
9603,258.015,0.0600,-0.2303
9604,258.040,0.0600,-0.1793
9605,258.066,0.0600,-0.1775
9606,258.095,0.0600,-0.1759
9607,258.124,0.0600,-0.1742
9608,258.153,0.0600,-0.1726
9609,258.184,0.0600,-0.1242
9610,258.212,0.0600,-0.1230
9611,258.242,0.0600,-0.1220
9612,258.269,0.0600,-0.1209
9613,258.303,0.0600,-0.1199
9614,258.336,0.0600,0.0026
9615,258.360,0.0600,0.0027
9616,258.391,0.0600,0.0023
9617,258.419,0.0600,0.0019
9618,258.444,0.0600,0.0015
9619,258.475,0.0600,-0.1458
9620,258.497,0.0600,-0.1452
9621,258.524,0.0600,-0.1439
9622,258.547,0.0600,-0.1426
9623,258.574,0.0600,-0.1414
9624,258.602,0.0600,-0.1464
9625,258.624,0.0600,-0.1451
9626,258.650,0.0600,-0.1438
9627,258.673,0.0600,-0.1426
9628,258.701,0.0600,-0.1413
9629,258.728,0.0600,-0.1342
9630,258.752,0.0600,-0.1330
9631,258.781,0.0600,-0.1318
9632,258.809,0.0600,-0.1307
9633,258.836,0.0600,-0.1295
9634,258.870,0.0600,-0.0465
9635,258.895,0.0600,-0.0461
9636,258.921,0.0600,-0.0460
9637,258.946,0.0600,-0.0459
9638,258.973,0.0600,-0.0457
9639,259.003,0.0600,0.0129
9640,259.027,0.0600,0.0125
9641,259.052,0.0600,0.0120
9642,259.077,0.0600,0.0115
9643,259.101,0.0600,0.0110
9644,259.136,0.0600,0.0031
9645,259.160,0.0600,0.0027
9646,259.183,0.0600,0.0023
9647,259.211,0.0600,0.0019
9648,259.233,0.0600,0.0015
9649,259.259,0.0590,-0.0492
9650,259.283,0.0600,-0.1500
9651,259.309,0.0600,-0.1486
9652,259.335,0.0600,-0.1473
9653,259.360,0.0600,-0.1460
9654,259.385,0.0600,-0.1197
9655,259.410,0.0600,-0.0482
9656,259.436,0.0600,-0.0480
9657,259.461,0.0600,-0.0478
9658,259.484,0.0601,-0.0477
9659,259.526,0.0601,-0.0560
9660,259.558,0.0601,-0.0558
9661,259.581,0.0601,-0.0555
9662,259.607,0.0602,-0.0553
9663,259.632,0.0602,-0.0550
9664,259.666,0.0603,-0.0949
9665,259.690,0.0603,-0.0943
9666,259.715,0.0604,-0.0936
9667,259.744,0.0605,-0.0929
9668,259.768,0.0606,-0.0922
9669,259.801,0.0607,-0.1153
9670,259.826,0.0609,-0.1144
9671,259.849,0.0610,-0.1134
9672,259.875,0.0611,-0.1125
9673,259.900,0.0612,-0.1115
9674,259.936,0.0614,-0.1912
9675,259.963,0.0616,-0.1895
9676,259.986,0.0619,-0.1876
9677,260.015,0.0621,-0.1857
9678,260.037,0.0624,-0.1839
9679,260.070,0.0626,-0.1169
9680,260.097,0.0628,-0.1157
9681,260.120,0.0629,-0.1146
9682,260.151,0.0630,-0.1137
9683,260.177,0.0632,-0.1127
9684,260.208,0.0633,-0.0862
9685,260.233,0.0634,-0.0855
9686,260.257,0.0635,-0.0849
9687,260.285,0.0635,-0.0843
9688,260.308,0.0636,-0.0837
9689,260.341,0.0637,-0.0715
9690,260.367,0.0638,-0.0710
9691,260.390,0.0638,-0.0706
9692,260.415,0.0639,-0.0702
9693,260.439,0.0639,-0.0698
9694,260.471,0.0640,-0.1782
9695,260.497,0.0642,-0.1768
9696,260.522,0.0644,-0.1750
9697,260.549,0.0646,-0.1732
9698,260.574,0.0648,-0.1714
9699,260.601,0.0651,-0.1042
9700,260.627,0.0652,-0.1031
9701,260.650,0.0653,-0.1022
9702,260.677,0.0654,-0.1014
9703,260.701,0.0655,-0.1006
9704,260.734,0.0656,-0.1140
9705,260.759,0.0658,-0.1131
9706,260.784,0.0659,-0.1121
9707,260.810,0.0660,-0.1112
9708,260.834,0.0661,-0.1102
9709,260.863,0.0663,-0.1159
9710,260.890,0.0664,-0.1149
9711,260.912,0.0665,-0.1139
9712,260.939,0.0666,-0.1130
9713,260.967,0.0668,-0.1120
9714,260.993,0.0669,-0.1028
9715,261.019,0.0670,-0.1019
9716,261.042,0.0671,-0.1011
9717,261.069,0.0672,-0.1004
9718,261.092,0.0673,-0.0996
9719,261.121,0.0674,-0.0399
9720,261.149,0.0674,-0.0397
9721,261.172,0.0674,-0.0397
9722,261.198,0.0674,-0.0397
9723,261.228,0.0674,-0.0396
9724,261.251,0.0674,-0.0332
9725,261.279,0.0674,-0.0333
9726,261.302,0.0674,-0.0333
9727,261.327,0.0674,-0.0334
9728,261.355,0.0674,-0.0335
9729,261.381,0.0674,-0.0396
9730,261.408,0.0674,-0.0397
9731,261.433,0.0674,-0.0396
9732,261.460,0.0674,-0.0396
9733,261.491,0.0674,-0.0396
9734,261.518,0.0674,-0.0819
9735,261.550,0.0674,-0.0815
9736,261.579,0.0675,-0.0810
9737,261.605,0.0676,-0.0804
9738,261.637,0.0676,-0.0799
9739,261.663,0.0677,0.0508
9740,261.692,0.0676,0.0502
9741,261.720,0.0675,0.0492
9742,261.747,0.0673,0.0481
9743,261.777,0.0672,0.0471
9744,261.804,0.0670,0.0754
9745,261.831,0.0669,0.0742
9746,261.861,0.0667,0.0728
9747,261.888,0.0665,0.0715
9748,261.917,0.0663,0.0702
9749,261.943,0.0659,-0.1157
9750,261.970,0.0661,-0.1260
9751,261.993,0.0663,-0.1249
9752,262.019,0.0664,-0.1238
9753,262.047,0.0666,-0.1227
9754,262.070,0.0668,0.0910
9755,262.094,0.0666,0.0952
9756,262.119,0.0664,0.0936
9757,262.142,0.0662,0.0920
9758,262.170,0.0660,0.0905
9759,262.193,0.0658,-0.0257
9760,262.219,0.0657,-0.0265
9761,262.245,0.0657,-0.0266
9762,262.271,0.0656,-0.0267
9763,262.299,0.0656,-0.0268
9764,262.328,0.0656,0.0873
9765,262.354,0.0655,0.0863
9766,262.383,0.0653,0.0849
9767,262.407,0.0651,0.0835
9768,262.432,0.0649,0.0821
9769,262.462,0.0647,0.0230
9770,262.485,0.0646,0.0221
9771,262.511,0.0645,0.0214
9772,262.535,0.0644,0.0207
9773,262.563,0.0643,0.0200
9774,262.592,0.0642,0.1403
9775,262.615,0.0639,0.1387
9776,262.643,0.0637,0.1367
9777,262.666,0.0634,0.1348
9778,262.692,0.0631,0.1329
9779,262.718,0.0628,0.0315
9780,262.741,0.0627,0.0304
9781,262.767,0.0626,0.0297
9782,262.790,0.0625,0.0290
9783,262.816,0.0624,0.0282
9784,262.843,0.0623,0.1080
9785,262.868,0.0621,0.1067
9786,262.893,0.0618,0.1050
9787,262.916,0.0616,0.1035
9788,262.941,0.0614,0.1019
9789,262.970,0.0612,-0.0893
9790,262.994,0.0611,-0.0894
9791,263.020,0.0612,-0.0887
9792,263.047,0.0613,-0.0880
9793,263.071,0.0614,-0.0873
9794,263.098,0.0615,-0.0230
9795,263.124,0.0615,-0.0229
9796,263.149,0.0615,-0.0230
9797,263.173,0.0615,-0.0231
9798,263.198,0.0615,-0.0232
9799,263.228,0.0615,0.0090
9800,263.251,0.0614,0.0086
9801,263.277,0.0614,0.0081
9802,263.302,0.0613,0.0076
9803,263.327,0.0612,0.0071
9804,263.358,0.0612,0.1570
9805,263.383,0.0609,0.1553
9806,263.410,0.0606,0.1531
9807,263.435,0.0603,0.1509
9808,263.460,0.0600,0.1488
9809,263.491,0.0600,-0.0191
9810,263.514,0.0600,-0.0196
9811,263.538,0.0600,-0.0197
9812,263.567,0.0600,-0.0198
9813,263.589,0.0600,-0.0200
9814,263.616,0.0600,-0.0056
9815,263.641,0.0600,0.0278
9816,263.668,0.0600,0.0272
9817,263.695,0.0600,0.0265
9818,263.720,0.0600,0.0258
9819,263.748,0.0600,0.0252
9820,263.774,0.0600,0.1680
9821,263.799,0.0600,0.1660
9822,263.827,0.0600,0.1639
9823,263.850,0.0600,0.1618
9824,263.895,0.0600,0.0223
9825,263.920,0.0600,0.0213
9826,263.945,0.0600,0.0207
9827,263.973,0.0600,0.0201
9828,263.997,0.0600,0.0196
9829,264.033,0.0600,0.1354
9830,264.057,0.0600,0.1340
9831,264.083,0.0600,0.1322
9832,264.110,0.0600,0.1304
9833,264.133,0.0600,0.1286
9834,264.172,0.0600,0.1039
9835,264.196,0.0600,0.1024
9836,264.221,0.0600,0.1009
9837,264.245,0.0600,0.0995
9838,264.268,0.0600,0.0981
9839,264.296,0.0600,0.1079
9840,264.322,0.0600,0.1065
9841,264.342,0.0600,0.1051
9842,264.368,0.0600,0.1037
9843,264.392,0.0600,0.1023
9844,264.425,0.0600,0.0861
9845,264.453,0.0600,0.0848
9846,264.477,0.0600,0.0835
9847,264.506,0.0600,0.0823
9848,264.527,0.0600,0.0811
9849,264.556,0.0600,0.1107
9850,264.580,0.0600,0.1094
9851,264.602,0.0600,0.1080
9852,264.626,0.0600,0.1066
9853,264.649,0.0600,0.1052
9854,264.685,0.0600,0.0674
9855,264.712,0.0600,0.0663
9856,264.734,0.0600,0.0653
9857,264.761,0.0600,0.0644
9858,264.788,0.0600,0.0634
9859,264.816,0.0600,0.1883
9860,264.844,0.0600,0.1866
9861,264.868,0.0600,0.1845
9862,264.894,0.0600,0.1823
9863,264.922,0.0600,0.1802
9864,264.946,0.0600,-0.0062
9865,264.972,0.0600,-0.0071
9866,264.996,0.0600,-0.0073
9867,265.023,0.0600,-0.0075
9868,265.053,0.0600,-0.0077
9869,265.077,0.0600,0.0945
9870,265.106,0.0600,0.0937
9871,265.130,0.0600,0.0924
9872,265.159,0.0600,0.0911
9873,265.189,0.0600,0.0898
9874,265.213,0.0600,0.0688
9875,265.244,0.0600,0.0677
9876,265.269,0.0600,0.0668
9877,265.298,0.0600,0.0658
9878,265.330,0.0600,0.0648
9879,265.356,0.0600,-0.0726
9880,265.385,0.0600,-0.0726
9881,265.412,0.0600,-0.0720
9882,265.439,0.0600,-0.0715
9883,265.464,0.0600,-0.0709
9884,265.488,0.0600,0.0490
9885,265.511,0.0600,0.0486
9886,265.536,0.0600,0.0477
9887,265.560,0.0600,0.0469
9888,265.586,0.0600,0.0461
9889,265.610,0.0600,0.1992
9890,265.638,0.0600,0.1976
9891,265.662,0.0600,0.1955
9892,265.687,0.0600,0.1935
9893,265.714,0.0600,0.1914
9894,265.739,0.0600,-0.0773
9895,265.766,0.0600,-0.0780
9896,265.790,0.0600,-0.0774
9897,265.817,0.0574,-0.0468
9898,265.846,0.0600,-0.0764
9899,265.869,0.0600,0.0042
9900,265.899,0.0600,0.0042
9901,265.930,0.0600,0.0039
9902,265.951,0.0600,0.0036
9903,265.984,0.0600,0.0034
9904,266.009,0.0600,0.0328
9905,266.035,0.0600,0.0323
9906,266.061,0.0600,0.0317
9907,266.085,0.0600,0.0312
9908,266.111,0.0600,0.0306
9909,266.137,0.0600,0.0091
9910,266.167,0.0600,0.0087
9911,266.196,0.0600,0.0084
9912,266.219,0.0600,0.0081
9913,266.244,0.0600,0.0077
9914,266.270,0.0600,-0.0216
9915,266.300,0.0600,-0.0217
9916,266.327,0.0600,-0.0217
9917,266.351,0.0600,-0.0217
9918,266.379,0.0600,-0.0217
9919,266.403,0.0600,-0.0528
9920,266.429,0.0600,-0.0525
9921,266.457,0.0600,-0.0522
9922,266.483,0.0600,-0.0519
9923,266.511,0.0600,-0.0515
9924,266.548,0.0600,-0.0608
9925,266.573,0.0600,-0.0604
9926,266.604,0.0600,-0.0600
9927,266.630,0.0600,-0.0596
9928,266.661,0.0600,-0.0592
9929,266.685,0.0600,-0.1029
9930,266.715,0.0600,-0.1021
9931,266.744,0.0600,-0.1012
9932,266.770,0.0600,-0.1003
9933,266.802,0.0600,-0.0993
9934,266.831,0.0600,-0.0792
9935,266.861,0.0600,-0.0784
9936,266.893,0.0600,-0.0778
9937,266.921,0.0600,-0.0771
9938,266.953,0.0600,-0.0765
9939,266.983,0.0600,-0.0535
9940,267.010,0.0600,-0.0531
9941,267.043,0.0600,-0.0527
9942,267.068,0.0600,-0.0524
9943,267.099,0.0600,-0.0521
9944,267.132,0.0600,-0.0903
9945,267.154,0.0600,-0.0897
9946,267.183,0.0600,-0.0889
9947,267.208,0.0600,-0.0881
9948,267.235,0.0600,-0.0873
9949,267.266,0.0600,0.0551
9950,267.292,0.0600,0.0549
9951,267.320,0.0596,0.0514
9952,267.344,0.0600,0.0534
9953,267.373,0.0600,0.0525
9954,267.404,0.0600,0.1509
9955,267.429,0.0600,0.1493
9956,267.460,0.0600,0.1475
9957,267.486,0.0600,0.1458
9958,267.519,0.0600,0.1440
9959,267.557,0.0600,-0.0691
9960,267.586,0.0600,-0.0693
9961,267.619,0.0600,-0.0688
9962,267.652,0.0600,-0.0682
9963,267.683,0.0600,-0.0677
9964,267.718,0.0600,0.0409
9965,267.745,0.0600,0.0405
9966,267.771,0.0600,0.0398
9967,267.801,0.0600,0.0392
9968,267.829,0.0600,0.0385
9969,267.865,0.0600,-0.0021
9970,267.890,0.0600,-0.0024
9971,267.918,0.0600,-0.0026
9972,267.946,0.0600,-0.0028
9973,267.970,0.0600,-0.0030
9974,268.003,0.0600,-0.1154
9975,268.025,0.0600,-0.1145
9976,268.050,0.0600,-0.1134
9977,268.078,0.0600,-0.1123
9978,268.103,0.0600,-0.1113
9979,268.132,0.0600,-0.1336
9980,268.157,0.0600,-0.1480
9981,268.184,0.0600,-0.1465
9982,268.211,0.0600,-0.1450
9983,268.235,0.0600,-0.1435
9984,268.262,0.0600,-0.1421
9985,268.286,0.0600,-0.0105
9986,268.315,0.0600,-0.0105
9987,268.346,0.0600,-0.0107
9988,268.371,0.0600,-0.0108
9989,268.412,0.0600,-0.1568
9990,268.439,0.0600,-0.1558
9991,268.467,0.0600,-0.1542
9992,268.498,0.0600,-0.1526
9993,268.522,0.0600,-0.1511
9994,268.558,0.0604,0.0763
9995,268.588,0.0600,0.0994
9996,268.611,0.0600,0.0981
9997,268.641,0.0600,0.0968
9998,268.669,0.0600,0.0955
9999,268.710,0.0600,0.0074
10000,268.739,0.0600,0.0067
10001,268.764,0.0600,0.0064
10002,268.794,0.0596,0.0092
10003,268.823,0.0600,0.0058
10004,268.858,0.0600,-0.1134
10005,268.890,0.0600,-0.1129
10006,268.915,0.0600,-0.1118
10007,268.947,0.0600,-0.1108
10008,268.972,0.0600,-0.1097
10009,269.008,0.0600,-0.1083
10010,269.036,0.0600,-0.1073
10011,269.062,0.0600,-0.1064
10012,269.089,0.0600,-0.1054
10013,269.113,0.0600,-0.1044
10014,269.144,0.0600,-0.0385
10015,269.169,0.0600,-0.0381
10016,269.193,0.0600,-0.0379
10017,269.218,0.0600,-0.0377
10018,269.244,0.0600,-0.0375
10019,269.269,0.0600,0.0792
10020,269.294,0.0600,0.0785
10021,269.318,0.0600,0.0774
10022,269.345,0.0600,0.0764
10023,269.371,0.0600,0.0753
10024,269.402,0.0600,0.0012
10025,269.434,0.0600,0.0008
10026,269.459,0.0600,0.0005
10027,269.487,0.0600,0.0003
10028,269.511,0.0600,0.0001
10029,269.542,0.0600,-0.0172
10030,269.571,0.0600,-0.0173
10031,269.597,0.0600,-0.0174
10032,269.628,0.0600,-0.0174
10033,269.654,0.0600,-0.0174
10034,269.684,0.0600,-0.0675
10035,269.712,0.0600,-0.0671
10036,269.739,0.0600,-0.0665
10037,269.767,0.0600,-0.0660
10038,269.795,0.0600,-0.0655
10039,269.819,0.0600,-0.0943
10040,269.846,0.0600,-0.0935
10041,269.871,0.0600,-0.0927
10042,269.898,0.0600,-0.0918
10043,269.927,0.0600,-0.0910
10044,269.951,0.0600,-0.0900
10045,269.978,0.0600,-0.0892
10046,270.004,0.0600,-0.0884
10047,270.031,0.0600,-0.0876
10048,270.057,0.0600,-0.0868
10049,270.078,0.0600,-0.0426
10050,270.104,0.0600,-0.0421
10051,270.127,0.0600,-0.0419
10052,270.152,0.0600,-0.0416
10053,270.177,0.0600,-0.0414
10054,270.202,0.0600,0.0251
10055,270.232,0.0600,0.0249
10056,270.260,0.0600,0.0244
10057,270.289,0.0600,0.0238
10058,270.323,0.0600,0.0233
10059,270.348,0.0600,-0.1318
10060,270.375,0.0600,-0.1311
10061,270.401,0.0600,-0.1298
10062,270.425,0.0600,-0.1285
10063,270.450,0.0600,-0.1272
10064,270.474,0.0600,0.0438
10065,270.503,0.0600,0.0437
10066,270.537,0.0600,0.0430
10067,270.570,0.0600,0.0423
10068,270.614,0.0600,0.0416
10069,270.645,0.0600,-0.0595
10070,270.677,0.0600,-0.0595
10071,270.713,0.0600,-0.0590
10072,270.738,0.0600,-0.0586
10073,270.772,0.0600,-0.0582
10074,270.804,0.0600,-0.0772
10075,270.836,0.0600,-0.0767
10076,270.868,0.0600,-0.0760
10077,270.892,0.0600,-0.0753
10078,270.924,0.0600,-0.0747
10079,270.955,0.0600,-0.0642
10080,270.984,0.0600,-0.0637
10081,271.014,0.0600,-0.0632
10082,271.043,0.0600,-0.0627
10083,271.072,0.0600,-0.0622
10084,271.100,0.0600,0.0788
10085,271.130,0.0600,0.0783
10086,271.159,0.0600,0.0772
10087,271.183,0.0600,0.0761
10088,271.216,0.0600,0.0750
10089,271.245,0.0600,0.0841
10090,271.275,0.0600,0.0830
10091,271.308,0.0600,0.0818
10092,271.335,0.0600,0.0807
10093,271.366,0.0600,0.0795
10094,271.396,0.0600,-0.0137
10095,271.419,0.0600,-0.0141
10096,271.448,0.0595,-0.0105
10097,271.474,0.0600,-0.0143
10098,271.503,0.0600,-0.0144
10099,271.535,0.0600,0.0026
10100,271.566,0.0600,0.0024
10101,271.595,0.0600,0.0022
10102,271.621,0.0600,0.0019
10103,271.649,0.0600,0.0017
10104,271.676,0.0600,0.0196
10105,271.696,0.0600,0.0192
10106,271.723,0.0600,0.0188
10107,271.747,0.0600,0.0183
10108,271.774,0.0600,0.0179
10109,271.803,0.0600,-0.0688
10110,271.826,0.0600,-0.0686
10111,271.858,0.0600,-0.0681
10112,271.884,0.0600,-0.0675
10113,271.907,0.0600,-0.0670
10114,271.933,0.0600,-0.0023
10115,271.956,0.0600,-0.0023
10116,271.981,0.0600,-0.0025
10117,272.006,0.0600,-0.0027
10118,272.030,0.0600,-0.0029
10119,272.056,0.0600,0.1309
10120,272.078,0.0600,0.1298
10121,272.101,0.0600,0.1282
10122,272.123,0.0600,0.1266
10123,272.146,0.0600,0.1251
10124,272.172,0.0600,0.1048
10125,272.196,0.0600,0.1033
10126,272.223,0.0600,0.1019
10127,272.254,0.0600,0.1006
10128,272.278,0.0600,0.0992
10129,272.311,0.0600,0.1342
10130,272.334,0.0600,0.1327
10131,272.361,0.0600,0.1311
10132,272.390,0.0600,0.1295
10133,272.413,0.0600,0.1279
10134,272.446,0.0600,0.2426
10135,272.473,0.0600,0.2404
10136,272.501,0.0600,0.2379
10137,272.530,0.0600,0.2355
10138,272.556,0.0600,0.2331
10139,272.592,0.0600,0.0256
10140,272.615,0.0600,0.0248
10141,272.642,0.0600,0.0242
10142,272.674,0.0600,0.0238
10143,272.698,0.0600,0.0233
10144,272.727,0.0600,-0.0059
10145,272.750,0.0600,-0.0539
10146,272.777,0.0600,-0.0535
10147,272.802,0.0600,-0.0531
10148,272.823,0.0600,-0.0527
